2025-02-16 00:47:10,231 [Worker-5: Loading available Gradle versions] INFO  o.e.b.c.i.u.g.PublishedGradleVersions - Gradle version information cache is not available. Remote download required.
2025-02-16 00:53:16,010 [Worker-5: Import Getting Started Content] INFO  o.e.m.c.i.l.LifecycleMappingFactory - Using org.eclipse.m2e.jdt.JarLifecycleMapping lifecycle mapping for MavenProject: com.mx.Eureka:MS-EurekaServer:1.0 @ C:\Users\rafaj\OneDrive\Escritorio\Curso Enucom\12.- EXAMENES FINALES\MS-EurekaServer\pom.xml.
2025-02-16 00:53:18,010 [Worker-5: Import Getting Started Content] INFO  o.e.m.j.i.AbstractJavaProjectConfigurator - Adding source folder /MS-EurekaServer/src/main/java
2025-02-16 00:53:18,011 [Worker-5: Import Getting Started Content] INFO  o.e.m.j.i.AbstractJavaProjectConfigurator - Adding resource folder /MS-EurekaServer/src/main/resources
2025-02-16 00:53:18,016 [Worker-5: Import Getting Started Content] INFO  o.e.m.j.i.AbstractJavaProjectConfigurator - Adding resource folder /MS-EurekaServer/src/main/resources
2025-02-16 00:53:18,019 [Worker-5: Import Getting Started Content] INFO  o.e.m.j.i.AbstractJavaProjectConfigurator - Adding source folder /MS-EurekaServer/src/test/java
2025-02-16 00:53:18,020 [Worker-5: Import Getting Started Content] INFO  o.e.m.j.i.AbstractJavaProjectConfigurator - Adding resource folder /MS-EurekaServer/src/test/resources
2025-02-16 00:53:19,048 [Worker-5: Import Getting Started Content] INFO  o.e.m.c.i.p.ProjectConfigurationManager - Imported and configured 1 project(s) in 5 sec
2025-02-16 00:53:19,053 [Worker-5: Import Getting Started Content] INFO  o.e.m.c.i.p.ProjectConfigurationManager - Update started
2025-02-16 00:53:19,572 [Worker-5: Import Getting Started Content] INFO  o.e.m.c.i.l.LifecycleMappingFactory - Using org.eclipse.m2e.jdt.JarLifecycleMapping lifecycle mapping for MavenProject: com.mx.Eureka:MS-EurekaServer:1.0 @ C:\Users\rafaj\OneDrive\Escritorio\Curso Enucom\12.- EXAMENES FINALES\MS-EurekaServer\pom.xml.
2025-02-16 00:53:21,381 [Worker-5: Import Getting Started Content] INFO  o.e.m.j.i.AbstractJavaProjectConfigurator - Adding source folder /MS-EurekaServer/src/main/java
2025-02-16 00:53:21,383 [Worker-5: Import Getting Started Content] INFO  o.e.m.j.i.AbstractJavaProjectConfigurator - Adding resource folder /MS-EurekaServer/src/main/resources
2025-02-16 00:53:21,385 [Worker-5: Import Getting Started Content] INFO  o.e.m.j.i.AbstractJavaProjectConfigurator - Adding resource folder /MS-EurekaServer/src/main/resources
2025-02-16 00:53:21,385 [Worker-5: Import Getting Started Content] INFO  o.e.m.j.i.AbstractJavaProjectConfigurator - Adding source folder /MS-EurekaServer/src/test/java
2025-02-16 00:53:21,387 [Worker-5: Import Getting Started Content] INFO  o.e.m.j.i.AbstractJavaProjectConfigurator - Adding resource folder /MS-EurekaServer/src/test/resources
2025-02-16 00:53:22,554 [Worker-5: Import Getting Started Content] INFO  o.e.m.c.i.p.ProjectConfigurationManager - Update completed for 1 poms: local refresh takes 0.00 sec, refresh facades takes 2.00 sec, update config takes 0.00 sec 
2025-02-16 00:53:25,082 [Worker-0: Building] INFO  o.a.m.s.f.DefaultMavenResourcesFiltering - Copying 1 resource from src\main\resources to target\classes
2025-02-16 00:53:25,109 [Worker-0: Building] INFO  o.a.m.s.f.DefaultMavenResourcesFiltering - Copying 0 resource from src\main\resources to target\classes
2025-02-16 00:53:25,119 [Worker-0: Building] INFO  o.a.m.s.f.DefaultMavenResourcesFiltering - skip non existing resourceDirectory C:\Users\rafaj\OneDrive\Escritorio\Curso Enucom\12.- EXAMENES FINALES\MS-EurekaServer\src\test\resources
2025-02-16 00:58:09,576 [Worker-16: Building] INFO  o.a.m.s.f.DefaultMavenResourcesFiltering - Copying 1 resource from src\main\resources to target\classes
2025-02-16 00:58:09,606 [Worker-16: Building] INFO  o.a.m.s.f.DefaultMavenResourcesFiltering - Copying 0 resource from src\main\resources to target\classes
2025-02-16 00:58:09,618 [Worker-16: Building] INFO  o.a.m.s.f.DefaultMavenResourcesFiltering - skip non existing resourceDirectory C:\Users\rafaj\OneDrive\Escritorio\Curso Enucom\12.- EXAMENES FINALES\MS-EurekaServer\src\test\resources
2025-02-16 00:58:29,597 [Worker-14: Building] INFO  o.a.m.s.f.DefaultMavenResourcesFiltering - Copying 1 resource from src\main\resources to target\classes
2025-02-16 00:58:29,621 [Worker-14: Building] INFO  o.a.m.s.f.DefaultMavenResourcesFiltering - Copying 0 resource from src\main\resources to target\classes
2025-02-16 00:58:29,631 [Worker-14: Building] INFO  o.a.m.s.f.DefaultMavenResourcesFiltering - skip non existing resourceDirectory C:\Users\rafaj\OneDrive\Escritorio\Curso Enucom\12.- EXAMENES FINALES\MS-EurekaServer\src\test\resources
2025-02-16 00:58:39,255 [Worker-16: Building] INFO  o.a.m.s.f.DefaultMavenResourcesFiltering - Copying 1 resource from src\main\resources to target\classes
2025-02-16 00:58:39,282 [Worker-16: Building] INFO  o.a.m.s.f.DefaultMavenResourcesFiltering - Copying 0 resource from src\main\resources to target\classes
2025-02-16 00:58:39,291 [Worker-16: Building] INFO  o.a.m.s.f.DefaultMavenResourcesFiltering - skip non existing resourceDirectory C:\Users\rafaj\OneDrive\Escritorio\Curso Enucom\12.- EXAMENES FINALES\MS-EurekaServer\src\test\resources
2025-02-16 00:59:08,614 [Worker-6: Building] INFO  o.a.m.s.f.DefaultMavenResourcesFiltering - Copying 1 resource from src\main\resources to target\classes
2025-02-16 00:59:08,830 [Worker-6: Building] INFO  o.a.m.s.f.DefaultMavenResourcesFiltering - Copying 0 resource from src\main\resources to target\classes
2025-02-16 00:59:08,847 [Worker-6: Building] INFO  o.a.m.s.f.DefaultMavenResourcesFiltering - skip non existing resourceDirectory C:\Users\rafaj\OneDrive\Escritorio\Curso Enucom\12.- EXAMENES FINALES\MS-EurekaServer\src\test\resources
2025-02-16 01:29:13,112 [Worker-18: Import Getting Started Content] INFO  o.e.m.c.i.l.LifecycleMappingFactory - Using org.eclipse.m2e.jdt.JarLifecycleMapping lifecycle mapping for MavenProject: com.mx.Veterinarias:MS-Veterinarias:1.0 @ C:\Users\rafaj\OneDrive\Escritorio\Curso Enucom\12.- EXAMENES FINALES\MS-Veterinarias\pom.xml.
2025-02-16 01:29:15,046 [Worker-18: Import Getting Started Content] INFO  o.e.m.j.i.AbstractJavaProjectConfigurator - Adding source folder /MS-Veterinarias/src/main/java
2025-02-16 01:29:15,047 [Worker-18: Import Getting Started Content] INFO  o.e.m.j.i.AbstractJavaProjectConfigurator - Adding resource folder /MS-Veterinarias/src/main/resources
2025-02-16 01:29:15,053 [Worker-18: Import Getting Started Content] INFO  o.e.m.j.i.AbstractJavaProjectConfigurator - Adding resource folder /MS-Veterinarias/src/main/resources
2025-02-16 01:29:15,056 [Worker-18: Import Getting Started Content] INFO  o.e.m.j.i.AbstractJavaProjectConfigurator - Adding source folder /MS-Veterinarias/src/test/java
2025-02-16 01:29:15,057 [Worker-18: Import Getting Started Content] INFO  o.e.m.j.i.AbstractJavaProjectConfigurator - Adding resource folder /MS-Veterinarias/src/test/resources
2025-02-16 01:29:16,034 [Worker-18: Import Getting Started Content] INFO  o.e.m.c.i.p.ProjectConfigurationManager - Imported and configured 1 project(s) in 4 sec
2025-02-16 01:29:16,038 [Worker-18: Import Getting Started Content] INFO  o.e.m.c.i.p.ProjectConfigurationManager - Update started
2025-02-16 01:29:17,117 [Worker-18: Import Getting Started Content] INFO  o.e.m.c.i.l.LifecycleMappingFactory - Using org.eclipse.m2e.jdt.JarLifecycleMapping lifecycle mapping for MavenProject: com.mx.Veterinarias:MS-Veterinarias:1.0 @ C:\Users\rafaj\OneDrive\Escritorio\Curso Enucom\12.- EXAMENES FINALES\MS-Veterinarias\pom.xml.
2025-02-16 01:29:19,804 [Worker-18: Import Getting Started Content] INFO  o.e.m.j.i.AbstractJavaProjectConfigurator - Adding source folder /MS-Veterinarias/src/main/java
2025-02-16 01:29:19,808 [Worker-18: Import Getting Started Content] INFO  o.e.m.j.i.AbstractJavaProjectConfigurator - Adding resource folder /MS-Veterinarias/src/main/resources
2025-02-16 01:29:19,812 [Worker-18: Import Getting Started Content] INFO  o.e.m.j.i.AbstractJavaProjectConfigurator - Adding resource folder /MS-Veterinarias/src/main/resources
2025-02-16 01:29:19,813 [Worker-18: Import Getting Started Content] INFO  o.e.m.j.i.AbstractJavaProjectConfigurator - Adding source folder /MS-Veterinarias/src/test/java
2025-02-16 01:29:19,817 [Worker-18: Import Getting Started Content] INFO  o.e.m.j.i.AbstractJavaProjectConfigurator - Adding resource folder /MS-Veterinarias/src/test/resources
2025-02-16 01:29:21,444 [Worker-18: Import Getting Started Content] INFO  o.e.m.c.i.p.ProjectConfigurationManager - Update completed for 1 poms: local refresh takes 0.00 sec, refresh facades takes 3.00 sec, update config takes 1.00 sec 
2025-02-16 01:29:24,630 [Worker-15: Building] INFO  o.a.m.s.f.DefaultMavenResourcesFiltering - Copying 1 resource from src\main\resources to target\classes
2025-02-16 01:29:24,692 [Worker-15: Building] INFO  o.a.m.s.f.DefaultMavenResourcesFiltering - Copying 0 resource from src\main\resources to target\classes
2025-02-16 01:29:24,712 [Worker-15: Building] INFO  o.a.m.s.f.DefaultMavenResourcesFiltering - skip non existing resourceDirectory C:\Users\rafaj\OneDrive\Escritorio\Curso Enucom\12.- EXAMENES FINALES\MS-Veterinarias\src\test\resources
2025-02-16 01:32:22,425 [Worker-19: Import Getting Started Content] INFO  o.e.m.c.i.l.LifecycleMappingFactory - Using org.eclipse.m2e.jdt.JarLifecycleMapping lifecycle mapping for MavenProject: com.mx.Responsables:MS-Responsables:1.0 @ C:\Users\rafaj\OneDrive\Escritorio\Curso Enucom\12.- EXAMENES FINALES\MS-Responsables\pom.xml.
2025-02-16 01:32:24,386 [Worker-19: Import Getting Started Content] INFO  o.e.m.j.i.AbstractJavaProjectConfigurator - Adding source folder /MS-Responsables/src/main/java
2025-02-16 01:32:24,388 [Worker-19: Import Getting Started Content] INFO  o.e.m.j.i.AbstractJavaProjectConfigurator - Adding resource folder /MS-Responsables/src/main/resources
2025-02-16 01:32:24,391 [Worker-19: Import Getting Started Content] INFO  o.e.m.j.i.AbstractJavaProjectConfigurator - Adding resource folder /MS-Responsables/src/main/resources
2025-02-16 01:32:24,394 [Worker-19: Import Getting Started Content] INFO  o.e.m.j.i.AbstractJavaProjectConfigurator - Adding source folder /MS-Responsables/src/test/java
2025-02-16 01:32:24,395 [Worker-19: Import Getting Started Content] INFO  o.e.m.j.i.AbstractJavaProjectConfigurator - Adding resource folder /MS-Responsables/src/test/resources
2025-02-16 01:32:25,207 [Worker-19: Import Getting Started Content] INFO  o.e.m.c.i.p.ProjectConfigurationManager - Imported and configured 1 project(s) in 3 sec
2025-02-16 01:32:25,211 [Worker-19: Import Getting Started Content] INFO  o.e.m.c.i.p.ProjectConfigurationManager - Update started
2025-02-16 01:32:25,805 [Worker-19: Import Getting Started Content] INFO  o.e.m.c.i.l.LifecycleMappingFactory - Using org.eclipse.m2e.jdt.JarLifecycleMapping lifecycle mapping for MavenProject: com.mx.Responsables:MS-Responsables:1.0 @ C:\Users\rafaj\OneDrive\Escritorio\Curso Enucom\12.- EXAMENES FINALES\MS-Responsables\pom.xml.
2025-02-16 01:32:27,503 [Worker-19: Import Getting Started Content] INFO  o.e.m.j.i.AbstractJavaProjectConfigurator - Adding source folder /MS-Responsables/src/main/java
2025-02-16 01:32:27,505 [Worker-19: Import Getting Started Content] INFO  o.e.m.j.i.AbstractJavaProjectConfigurator - Adding resource folder /MS-Responsables/src/main/resources
2025-02-16 01:32:27,505 [Worker-19: Import Getting Started Content] INFO  o.e.m.j.i.AbstractJavaProjectConfigurator - Adding resource folder /MS-Responsables/src/main/resources
2025-02-16 01:32:27,506 [Worker-19: Import Getting Started Content] INFO  o.e.m.j.i.AbstractJavaProjectConfigurator - Adding source folder /MS-Responsables/src/test/java
2025-02-16 01:32:27,507 [Worker-19: Import Getting Started Content] INFO  o.e.m.j.i.AbstractJavaProjectConfigurator - Adding resource folder /MS-Responsables/src/test/resources
2025-02-16 01:32:28,104 [Worker-19: Import Getting Started Content] INFO  o.e.m.c.i.p.ProjectConfigurationManager - Update completed for 1 poms: local refresh takes 0.00 sec, refresh facades takes 2.00 sec, update config takes 0.00 sec 
2025-02-16 01:32:28,717 [Worker-19: Building] INFO  o.a.m.s.f.DefaultMavenResourcesFiltering - Copying 1 resource from src\main\resources to target\classes
2025-02-16 01:32:28,755 [Worker-19: Building] INFO  o.a.m.s.f.DefaultMavenResourcesFiltering - Copying 0 resource from src\main\resources to target\classes
2025-02-16 01:32:28,761 [Worker-19: Building] INFO  o.a.m.s.f.DefaultMavenResourcesFiltering - skip non existing resourceDirectory C:\Users\rafaj\OneDrive\Escritorio\Curso Enucom\12.- EXAMENES FINALES\MS-Responsables\src\test\resources
2025-02-16 01:41:29,190 [Worker-16: Import Getting Started Content] INFO  o.e.m.c.i.l.LifecycleMappingFactory - Using org.eclipse.m2e.jdt.JarLifecycleMapping lifecycle mapping for MavenProject: com.mx.Mascotas:MS-Mascotas:1.0 @ C:\Users\rafaj\OneDrive\Escritorio\Curso Enucom\12.- EXAMENES FINALES\MS-Mascotas\pom.xml.
2025-02-16 01:41:30,927 [Worker-16: Import Getting Started Content] INFO  o.e.m.j.i.AbstractJavaProjectConfigurator - Adding source folder /MS-Mascotas/src/main/java
2025-02-16 01:41:30,929 [Worker-16: Import Getting Started Content] INFO  o.e.m.j.i.AbstractJavaProjectConfigurator - Adding resource folder /MS-Mascotas/src/main/resources
2025-02-16 01:41:30,933 [Worker-16: Import Getting Started Content] INFO  o.e.m.j.i.AbstractJavaProjectConfigurator - Adding resource folder /MS-Mascotas/src/main/resources
2025-02-16 01:41:30,938 [Worker-16: Import Getting Started Content] INFO  o.e.m.j.i.AbstractJavaProjectConfigurator - Adding source folder /MS-Mascotas/src/test/java
2025-02-16 01:41:30,939 [Worker-16: Import Getting Started Content] INFO  o.e.m.j.i.AbstractJavaProjectConfigurator - Adding resource folder /MS-Mascotas/src/test/resources
2025-02-16 01:41:31,616 [Worker-16: Import Getting Started Content] INFO  o.e.m.c.i.p.ProjectConfigurationManager - Imported and configured 1 project(s) in 3 sec
2025-02-16 01:41:31,619 [Worker-16: Import Getting Started Content] INFO  o.e.m.c.i.p.ProjectConfigurationManager - Update started
2025-02-16 01:41:32,598 [Worker-16: Import Getting Started Content] INFO  o.e.m.c.i.l.LifecycleMappingFactory - Using org.eclipse.m2e.jdt.JarLifecycleMapping lifecycle mapping for MavenProject: com.mx.Mascotas:MS-Mascotas:1.0 @ C:\Users\rafaj\OneDrive\Escritorio\Curso Enucom\12.- EXAMENES FINALES\MS-Mascotas\pom.xml.
2025-02-16 01:41:34,942 [Worker-16: Import Getting Started Content] INFO  o.e.m.j.i.AbstractJavaProjectConfigurator - Adding source folder /MS-Mascotas/src/main/java
2025-02-16 01:41:34,944 [Worker-16: Import Getting Started Content] INFO  o.e.m.j.i.AbstractJavaProjectConfigurator - Adding resource folder /MS-Mascotas/src/main/resources
2025-02-16 01:41:34,944 [Worker-16: Import Getting Started Content] INFO  o.e.m.j.i.AbstractJavaProjectConfigurator - Adding resource folder /MS-Mascotas/src/main/resources
2025-02-16 01:41:34,945 [Worker-16: Import Getting Started Content] INFO  o.e.m.j.i.AbstractJavaProjectConfigurator - Adding source folder /MS-Mascotas/src/test/java
2025-02-16 01:41:34,946 [Worker-16: Import Getting Started Content] INFO  o.e.m.j.i.AbstractJavaProjectConfigurator - Adding resource folder /MS-Mascotas/src/test/resources
2025-02-16 01:41:35,449 [Worker-16: Import Getting Started Content] INFO  o.e.m.c.i.p.ProjectConfigurationManager - Update completed for 1 poms: local refresh takes 0.00 sec, refresh facades takes 3.00 sec, update config takes 0.00 sec 
2025-02-16 01:41:35,880 [Worker-31: Building] INFO  o.a.m.s.f.DefaultMavenResourcesFiltering - Copying 1 resource from src\main\resources to target\classes
2025-02-16 01:41:35,905 [Worker-31: Building] INFO  o.a.m.s.f.DefaultMavenResourcesFiltering - Copying 0 resource from src\main\resources to target\classes
2025-02-16 01:41:35,909 [Worker-31: Building] INFO  o.a.m.s.f.DefaultMavenResourcesFiltering - skip non existing resourceDirectory C:\Users\rafaj\OneDrive\Escritorio\Curso Enucom\12.- EXAMENES FINALES\MS-Mascotas\src\test\resources
2025-02-16 01:43:59,379 [Worker-28: Import Getting Started Content] INFO  o.e.m.c.i.l.LifecycleMappingFactory - Using org.eclipse.m2e.jdt.JarLifecycleMapping lifecycle mapping for MavenProject: com.mx.Mascotas:MS-Mascotas:1.0 @ C:\Users\rafaj\OneDrive\Escritorio\Curso Enucom\12.- EXAMENES FINALES\MS-Mascotas\pom.xml.
2025-02-16 01:44:00,351 [Worker-28: Import Getting Started Content] INFO  o.e.m.j.i.AbstractJavaProjectConfigurator - Adding source folder /MS-Mascotas/src/main/java
2025-02-16 01:44:00,352 [Worker-28: Import Getting Started Content] INFO  o.e.m.j.i.AbstractJavaProjectConfigurator - Adding resource folder /MS-Mascotas/src/main/resources
2025-02-16 01:44:00,355 [Worker-28: Import Getting Started Content] INFO  o.e.m.j.i.AbstractJavaProjectConfigurator - Adding resource folder /MS-Mascotas/src/main/resources
2025-02-16 01:44:00,357 [Worker-28: Import Getting Started Content] INFO  o.e.m.j.i.AbstractJavaProjectConfigurator - Adding source folder /MS-Mascotas/src/test/java
2025-02-16 01:44:00,358 [Worker-28: Import Getting Started Content] INFO  o.e.m.j.i.AbstractJavaProjectConfigurator - Adding resource folder /MS-Mascotas/src/test/resources
2025-02-16 01:44:00,813 [Worker-28: Import Getting Started Content] INFO  o.e.m.c.i.p.ProjectConfigurationManager - Imported and configured 1 project(s) in 1 sec
2025-02-16 01:44:00,816 [Worker-28: Import Getting Started Content] INFO  o.e.m.c.i.p.ProjectConfigurationManager - Update started
2025-02-16 01:44:01,128 [Worker-28: Import Getting Started Content] INFO  o.e.m.c.i.l.LifecycleMappingFactory - Using org.eclipse.m2e.jdt.JarLifecycleMapping lifecycle mapping for MavenProject: com.mx.Mascotas:MS-Mascotas:1.0 @ C:\Users\rafaj\OneDrive\Escritorio\Curso Enucom\12.- EXAMENES FINALES\MS-Mascotas\pom.xml.
2025-02-16 01:44:01,931 [Worker-28: Import Getting Started Content] INFO  o.e.m.j.i.AbstractJavaProjectConfigurator - Adding source folder /MS-Mascotas/src/main/java
2025-02-16 01:44:01,932 [Worker-28: Import Getting Started Content] INFO  o.e.m.j.i.AbstractJavaProjectConfigurator - Adding resource folder /MS-Mascotas/src/main/resources
2025-02-16 01:44:01,932 [Worker-28: Import Getting Started Content] INFO  o.e.m.j.i.AbstractJavaProjectConfigurator - Adding resource folder /MS-Mascotas/src/main/resources
2025-02-16 01:44:01,933 [Worker-28: Import Getting Started Content] INFO  o.e.m.j.i.AbstractJavaProjectConfigurator - Adding source folder /MS-Mascotas/src/test/java
2025-02-16 01:44:01,934 [Worker-28: Import Getting Started Content] INFO  o.e.m.j.i.AbstractJavaProjectConfigurator - Adding resource folder /MS-Mascotas/src/test/resources
2025-02-16 01:44:02,342 [Worker-28: Import Getting Started Content] INFO  o.e.m.c.i.p.ProjectConfigurationManager - Update completed for 1 poms: local refresh takes 0.00 sec, refresh facades takes 1.00 sec, update config takes 0.00 sec 
2025-02-16 01:44:02,661 [Worker-25: Building] INFO  o.a.m.s.f.DefaultMavenResourcesFiltering - Copying 1 resource from src\main\resources to target\classes
2025-02-16 01:44:02,673 [Worker-25: Building] INFO  o.a.m.s.f.DefaultMavenResourcesFiltering - Copying 0 resource from src\main\resources to target\classes
2025-02-16 01:44:02,677 [Worker-25: Building] INFO  o.a.m.s.f.DefaultMavenResourcesFiltering - skip non existing resourceDirectory C:\Users\rafaj\OneDrive\Escritorio\Curso Enucom\12.- EXAMENES FINALES\MS-Mascotas\src\test\resources
2025-02-16 01:45:44,893 [Worker-32: Import Getting Started Content] INFO  o.e.m.c.i.l.LifecycleMappingFactory - Using org.eclipse.m2e.jdt.JarLifecycleMapping lifecycle mapping for MavenProject: com.mx.Clientes:MS-Clientes:1.0 @ C:\Users\rafaj\OneDrive\Escritorio\Curso Enucom\12.- EXAMENES FINALES\MS-Clientes\pom.xml.
2025-02-16 01:45:45,743 [Worker-32: Import Getting Started Content] INFO  o.e.m.j.i.AbstractJavaProjectConfigurator - Adding source folder /MS-Clientes/src/main/java
2025-02-16 01:45:45,744 [Worker-32: Import Getting Started Content] INFO  o.e.m.j.i.AbstractJavaProjectConfigurator - Adding resource folder /MS-Clientes/src/main/resources
2025-02-16 01:45:45,748 [Worker-32: Import Getting Started Content] INFO  o.e.m.j.i.AbstractJavaProjectConfigurator - Adding resource folder /MS-Clientes/src/main/resources
2025-02-16 01:45:45,751 [Worker-32: Import Getting Started Content] INFO  o.e.m.j.i.AbstractJavaProjectConfigurator - Adding source folder /MS-Clientes/src/test/java
2025-02-16 01:45:45,752 [Worker-32: Import Getting Started Content] INFO  o.e.m.j.i.AbstractJavaProjectConfigurator - Adding resource folder /MS-Clientes/src/test/resources
2025-02-16 01:45:46,197 [Worker-32: Import Getting Started Content] INFO  o.e.m.c.i.p.ProjectConfigurationManager - Imported and configured 1 project(s) in 1 sec
2025-02-16 01:45:46,200 [Worker-32: Import Getting Started Content] INFO  o.e.m.c.i.p.ProjectConfigurationManager - Update started
2025-02-16 01:45:46,635 [Worker-32: Import Getting Started Content] INFO  o.e.m.c.i.l.LifecycleMappingFactory - Using org.eclipse.m2e.jdt.JarLifecycleMapping lifecycle mapping for MavenProject: com.mx.Clientes:MS-Clientes:1.0 @ C:\Users\rafaj\OneDrive\Escritorio\Curso Enucom\12.- EXAMENES FINALES\MS-Clientes\pom.xml.
2025-02-16 01:45:47,922 [Worker-32: Import Getting Started Content] INFO  o.e.m.j.i.AbstractJavaProjectConfigurator - Adding source folder /MS-Clientes/src/main/java
2025-02-16 01:45:47,923 [Worker-32: Import Getting Started Content] INFO  o.e.m.j.i.AbstractJavaProjectConfigurator - Adding resource folder /MS-Clientes/src/main/resources
2025-02-16 01:45:47,924 [Worker-32: Import Getting Started Content] INFO  o.e.m.j.i.AbstractJavaProjectConfigurator - Adding resource folder /MS-Clientes/src/main/resources
2025-02-16 01:45:47,924 [Worker-32: Import Getting Started Content] INFO  o.e.m.j.i.AbstractJavaProjectConfigurator - Adding source folder /MS-Clientes/src/test/java
2025-02-16 01:45:47,926 [Worker-32: Import Getting Started Content] INFO  o.e.m.j.i.AbstractJavaProjectConfigurator - Adding resource folder /MS-Clientes/src/test/resources
2025-02-16 01:45:48,484 [Worker-32: Import Getting Started Content] INFO  o.e.m.c.i.p.ProjectConfigurationManager - Update completed for 1 poms: local refresh takes 0.00 sec, refresh facades takes 1.00 sec, update config takes 0.00 sec 
2025-02-16 01:45:48,927 [Worker-29: Building] INFO  o.a.m.s.f.DefaultMavenResourcesFiltering - Copying 1 resource from src\main\resources to target\classes
2025-02-16 01:45:48,944 [Worker-29: Building] INFO  o.a.m.s.f.DefaultMavenResourcesFiltering - Copying 0 resource from src\main\resources to target\classes
2025-02-16 01:45:48,947 [Worker-29: Building] INFO  o.a.m.s.f.DefaultMavenResourcesFiltering - skip non existing resourceDirectory C:\Users\rafaj\OneDrive\Escritorio\Curso Enucom\12.- EXAMENES FINALES\MS-Clientes\src\test\resources
2025-02-16 01:49:18,181 [Worker-31: Import Getting Started Content] INFO  o.e.m.c.i.l.LifecycleMappingFactory - Using org.eclipse.m2e.jdt.JarLifecycleMapping lifecycle mapping for MavenProject: com.mx.ApiGateway:MS-ApiGateway:1.0 @ C:\Users\rafaj\OneDrive\Escritorio\Curso Enucom\12.- EXAMENES FINALES\MS-ApiGateway\pom.xml.
2025-02-16 01:49:19,660 [Worker-31: Import Getting Started Content] INFO  o.e.m.j.i.AbstractJavaProjectConfigurator - Adding source folder /MS-ApiGateway/src/main/java
2025-02-16 01:49:19,663 [Worker-31: Import Getting Started Content] INFO  o.e.m.j.i.AbstractJavaProjectConfigurator - Adding resource folder /MS-ApiGateway/src/main/resources
2025-02-16 01:49:19,669 [Worker-31: Import Getting Started Content] INFO  o.e.m.j.i.AbstractJavaProjectConfigurator - Adding resource folder /MS-ApiGateway/src/main/resources
2025-02-16 01:49:19,673 [Worker-31: Import Getting Started Content] INFO  o.e.m.j.i.AbstractJavaProjectConfigurator - Adding source folder /MS-ApiGateway/src/test/java
2025-02-16 01:49:19,677 [Worker-31: Import Getting Started Content] INFO  o.e.m.j.i.AbstractJavaProjectConfigurator - Adding resource folder /MS-ApiGateway/src/test/resources
2025-02-16 01:49:20,742 [Worker-31: Import Getting Started Content] INFO  o.e.m.c.i.p.ProjectConfigurationManager - Imported and configured 1 project(s) in 3 sec
2025-02-16 01:49:20,748 [Worker-31: Import Getting Started Content] INFO  o.e.m.c.i.p.ProjectConfigurationManager - Update started
2025-02-16 01:49:21,360 [Worker-31: Import Getting Started Content] INFO  o.e.m.c.i.l.LifecycleMappingFactory - Using org.eclipse.m2e.jdt.JarLifecycleMapping lifecycle mapping for MavenProject: com.mx.ApiGateway:MS-ApiGateway:1.0 @ C:\Users\rafaj\OneDrive\Escritorio\Curso Enucom\12.- EXAMENES FINALES\MS-ApiGateway\pom.xml.
2025-02-16 01:49:22,331 [Worker-16: Download sources and javadoc] INFO  o.e.m.c.i.e.AbstractTransferListenerAdapter - Downloaded https://repo.maven.apache.org/maven2/org/springframework/cloud/spring-cloud-starter-gateway-mvc/4.2.0/spring-cloud-starter-gateway-mvc-4.2.0-javadoc.jar
2025-02-16 01:49:22,375 [Worker-16: Download sources and javadoc] ERROR o.e.m.j.internal.DownloadSourcesJob - Could not download javadoc for org.springframework.cloud:spring-cloud-starter-gateway-mvc:4.2.0
org.eclipse.core.runtime.CoreException: Could not resolve artifact org.springframework.cloud:spring-cloud-starter-gateway-mvc:jar:javadoc:4.2.0
	at org.eclipse.m2e.core.internal.embedder.MavenImpl.lambda$7(MavenImpl.java:540)
	at org.eclipse.m2e.core.internal.embedder.MavenExecutionContext.executeBare(MavenExecutionContext.java:458)
	at org.eclipse.m2e.core.internal.embedder.MavenExecutionContext.execute(MavenExecutionContext.java:292)
	at org.eclipse.m2e.core.internal.embedder.MavenExecutionContext.execute(MavenExecutionContext.java:278)
	at org.eclipse.m2e.core.internal.embedder.MavenImpl.resolve(MavenImpl.java:509)
	at org.eclipse.m2e.core.internal.embedder.MavenImpl.resolve(MavenImpl.java:494)
	at org.eclipse.m2e.jdt.internal.DownloadSourcesJob.download(DownloadSourcesJob.java:308)
	at org.eclipse.m2e.jdt.internal.DownloadSourcesJob.downloadAttachments(DownloadSourcesJob.java:294)
	at org.eclipse.m2e.jdt.internal.DownloadSourcesJob.downloadMaven(DownloadSourcesJob.java:252)
	at org.eclipse.m2e.jdt.internal.DownloadSourcesJob.downloadFilesAndPopulateToUpdate(DownloadSourcesJob.java:220)
	at org.eclipse.m2e.jdt.internal.DownloadSourcesJob.lambda$0(DownloadSourcesJob.java:149)
	at org.eclipse.m2e.core.internal.embedder.MavenExecutionContext.executeBare(MavenExecutionContext.java:458)
	at org.eclipse.m2e.core.internal.embedder.MavenExecutionContext.execute(MavenExecutionContext.java:339)
	at org.eclipse.m2e.core.internal.embedder.MavenExecutionContext.execute(MavenExecutionContext.java:278)
	at org.eclipse.m2e.core.embedder.IMaven.execute(IMaven.java:300)
	at org.eclipse.m2e.jdt.internal.DownloadSourcesJob.run(DownloadSourcesJob.java:149)
	at org.eclipse.core.internal.jobs.Worker.run(Worker.java:63)
2025-02-16 01:49:22,700 [Worker-31: Import Getting Started Content] INFO  o.e.m.j.i.AbstractJavaProjectConfigurator - Adding source folder /MS-ApiGateway/src/main/java
2025-02-16 01:49:22,701 [Worker-31: Import Getting Started Content] INFO  o.e.m.j.i.AbstractJavaProjectConfigurator - Adding resource folder /MS-ApiGateway/src/main/resources
2025-02-16 01:49:22,702 [Worker-31: Import Getting Started Content] INFO  o.e.m.j.i.AbstractJavaProjectConfigurator - Adding resource folder /MS-ApiGateway/src/main/resources
2025-02-16 01:49:22,702 [Worker-31: Import Getting Started Content] INFO  o.e.m.j.i.AbstractJavaProjectConfigurator - Adding source folder /MS-ApiGateway/src/test/java
2025-02-16 01:49:22,703 [Worker-31: Import Getting Started Content] INFO  o.e.m.j.i.AbstractJavaProjectConfigurator - Adding resource folder /MS-ApiGateway/src/test/resources
2025-02-16 01:49:23,071 [Worker-31: Import Getting Started Content] INFO  o.e.m.c.i.p.ProjectConfigurationManager - Update completed for 1 poms: local refresh takes 0.00 sec, refresh facades takes 1.00 sec, update config takes 0.00 sec 
2025-02-16 01:49:23,964 [Worker-40: Building] INFO  o.a.m.s.f.DefaultMavenResourcesFiltering - Copying 1 resource from src\main\resources to target\classes
2025-02-16 01:49:24,007 [Worker-40: Building] INFO  o.a.m.s.f.DefaultMavenResourcesFiltering - Copying 0 resource from src\main\resources to target\classes
2025-02-16 01:49:24,017 [Worker-40: Building] INFO  o.a.m.s.f.DefaultMavenResourcesFiltering - skip non existing resourceDirectory C:\Users\rafaj\OneDrive\Escritorio\Curso Enucom\12.- EXAMENES FINALES\MS-ApiGateway\src\test\resources
2025-02-16 01:51:51,689 [Worker-36: Building] INFO  o.a.m.s.f.DefaultMavenResourcesFiltering - Copying 1 resource from src\main\resources to target\classes
2025-02-16 01:51:51,751 [Worker-36: Building] INFO  o.a.m.s.f.DefaultMavenResourcesFiltering - Copying 0 resource from src\main\resources to target\classes
2025-02-16 01:51:51,756 [Worker-36: Building] INFO  o.a.m.s.f.DefaultMavenResourcesFiltering - skip non existing resourceDirectory C:\Users\rafaj\OneDrive\Escritorio\Curso Enucom\12.- EXAMENES FINALES\MS-Responsables\src\test\resources
2025-02-16 01:55:21,592 [Worker-37: Building] INFO  o.a.m.s.f.DefaultMavenResourcesFiltering - Copying 1 resource from src\main\resources to target\classes
2025-02-16 01:55:21,639 [Worker-37: Building] INFO  o.a.m.s.f.DefaultMavenResourcesFiltering - Copying 0 resource from src\main\resources to target\classes
2025-02-16 01:55:21,646 [Worker-37: Building] INFO  o.a.m.s.f.DefaultMavenResourcesFiltering - skip non existing resourceDirectory C:\Users\rafaj\OneDrive\Escritorio\Curso Enucom\12.- EXAMENES FINALES\MS-Responsables\src\test\resources
2025-02-16 01:56:14,283 [Worker-41: Building] INFO  o.a.m.s.f.DefaultMavenResourcesFiltering - Copying 1 resource from src\main\resources to target\classes
2025-02-16 01:56:14,368 [Worker-41: Building] INFO  o.a.m.s.f.DefaultMavenResourcesFiltering - Copying 0 resource from src\main\resources to target\classes
2025-02-16 01:56:14,372 [Worker-41: Building] INFO  o.a.m.s.f.DefaultMavenResourcesFiltering - skip non existing resourceDirectory C:\Users\rafaj\OneDrive\Escritorio\Curso Enucom\12.- EXAMENES FINALES\MS-Responsables\src\test\resources
2025-02-16 01:57:35,413 [Worker-41: Building] INFO  o.a.m.s.f.DefaultMavenResourcesFiltering - Copying 1 resource from src\main\resources to target\classes
2025-02-16 01:57:35,455 [Worker-41: Building] INFO  o.a.m.s.f.DefaultMavenResourcesFiltering - Copying 0 resource from src\main\resources to target\classes
2025-02-16 01:57:35,459 [Worker-41: Building] INFO  o.a.m.s.f.DefaultMavenResourcesFiltering - skip non existing resourceDirectory C:\Users\rafaj\OneDrive\Escritorio\Curso Enucom\12.- EXAMENES FINALES\MS-Responsables\src\test\resources
2025-02-16 01:59:04,391 [Worker-38: Building] INFO  o.a.m.s.f.DefaultMavenResourcesFiltering - Copying 1 resource from src\main\resources to target\classes
2025-02-16 01:59:04,483 [Worker-38: Building] INFO  o.a.m.s.f.DefaultMavenResourcesFiltering - Copying 0 resource from src\main\resources to target\classes
2025-02-16 01:59:04,488 [Worker-38: Building] INFO  o.a.m.s.f.DefaultMavenResourcesFiltering - skip non existing resourceDirectory C:\Users\rafaj\OneDrive\Escritorio\Curso Enucom\12.- EXAMENES FINALES\MS-Responsables\src\test\resources
2025-02-16 01:59:30,198 [Worker-31: Building] INFO  o.a.m.s.f.DefaultMavenResourcesFiltering - Copying 1 resource from src\main\resources to target\classes
2025-02-16 01:59:30,278 [Worker-31: Building] INFO  o.a.m.s.f.DefaultMavenResourcesFiltering - Copying 0 resource from src\main\resources to target\classes
2025-02-16 01:59:30,286 [Worker-31: Building] INFO  o.a.m.s.f.DefaultMavenResourcesFiltering - skip non existing resourceDirectory C:\Users\rafaj\OneDrive\Escritorio\Curso Enucom\12.- EXAMENES FINALES\MS-Responsables\src\test\resources
2025-02-16 02:00:11,610 [Worker-38: Building] INFO  o.a.m.s.f.DefaultMavenResourcesFiltering - Copying 1 resource from src\main\resources to target\classes
2025-02-16 02:00:11,826 [Worker-38: Building] INFO  o.a.m.s.f.DefaultMavenResourcesFiltering - Copying 0 resource from src\main\resources to target\classes
2025-02-16 02:00:11,835 [Worker-38: Building] INFO  o.a.m.s.f.DefaultMavenResourcesFiltering - skip non existing resourceDirectory C:\Users\rafaj\OneDrive\Escritorio\Curso Enucom\12.- EXAMENES FINALES\MS-Responsables\src\test\resources
2025-02-16 02:03:19,668 [Worker-38: Building] INFO  o.a.m.s.f.DefaultMavenResourcesFiltering - Copying 1 resource from src\main\resources to target\classes
2025-02-16 02:03:19,922 [Worker-38: Building] INFO  o.a.m.s.f.DefaultMavenResourcesFiltering - Copying 0 resource from src\main\resources to target\classes
2025-02-16 02:03:19,929 [Worker-38: Building] INFO  o.a.m.s.f.DefaultMavenResourcesFiltering - skip non existing resourceDirectory C:\Users\rafaj\OneDrive\Escritorio\Curso Enucom\12.- EXAMENES FINALES\MS-Responsables\src\test\resources
2025-02-16 02:03:37,189 [Worker-38: Building] INFO  o.a.m.s.f.DefaultMavenResourcesFiltering - Copying 1 resource from src\main\resources to target\classes
2025-02-16 02:03:37,274 [Worker-38: Building] INFO  o.a.m.s.f.DefaultMavenResourcesFiltering - Copying 0 resource from src\main\resources to target\classes
2025-02-16 02:03:37,279 [Worker-38: Building] INFO  o.a.m.s.f.DefaultMavenResourcesFiltering - skip non existing resourceDirectory C:\Users\rafaj\OneDrive\Escritorio\Curso Enucom\12.- EXAMENES FINALES\MS-Responsables\src\test\resources
2025-02-16 02:06:16,287 [Worker-37: Building] INFO  o.a.m.s.f.DefaultMavenResourcesFiltering - Copying 1 resource from src\main\resources to target\classes
2025-02-16 02:06:16,312 [Worker-37: Building] INFO  o.a.m.s.f.DefaultMavenResourcesFiltering - Copying 0 resource from src\main\resources to target\classes
2025-02-16 02:06:16,316 [Worker-37: Building] INFO  o.a.m.s.f.DefaultMavenResourcesFiltering - skip non existing resourceDirectory C:\Users\rafaj\OneDrive\Escritorio\Curso Enucom\12.- EXAMENES FINALES\MS-Responsables\src\test\resources
2025-02-16 02:08:13,322 [Worker-41: Building] INFO  o.a.m.s.f.DefaultMavenResourcesFiltering - Copying 1 resource from src\main\resources to target\classes
2025-02-16 02:08:13,339 [Worker-41: Building] INFO  o.a.m.s.f.DefaultMavenResourcesFiltering - Copying 0 resource from src\main\resources to target\classes
2025-02-16 02:08:13,344 [Worker-41: Building] INFO  o.a.m.s.f.DefaultMavenResourcesFiltering - skip non existing resourceDirectory C:\Users\rafaj\OneDrive\Escritorio\Curso Enucom\12.- EXAMENES FINALES\MS-Responsables\src\test\resources
2025-02-16 02:08:58,243 [Worker-37: Building] INFO  o.a.m.s.f.DefaultMavenResourcesFiltering - Copying 1 resource from src\main\resources to target\classes
2025-02-16 02:08:58,285 [Worker-37: Building] INFO  o.a.m.s.f.DefaultMavenResourcesFiltering - Copying 0 resource from src\main\resources to target\classes
2025-02-16 02:08:58,290 [Worker-37: Building] INFO  o.a.m.s.f.DefaultMavenResourcesFiltering - skip non existing resourceDirectory C:\Users\rafaj\OneDrive\Escritorio\Curso Enucom\12.- EXAMENES FINALES\MS-Responsables\src\test\resources
2025-02-16 02:09:52,479 [Worker-38: Building] INFO  o.a.m.s.f.DefaultMavenResourcesFiltering - Copying 1 resource from src\main\resources to target\classes
2025-02-16 02:09:52,535 [Worker-38: Building] INFO  o.a.m.s.f.DefaultMavenResourcesFiltering - Copying 0 resource from src\main\resources to target\classes
2025-02-16 02:09:52,538 [Worker-38: Building] INFO  o.a.m.s.f.DefaultMavenResourcesFiltering - skip non existing resourceDirectory C:\Users\rafaj\OneDrive\Escritorio\Curso Enucom\12.- EXAMENES FINALES\MS-Responsables\src\test\resources
2025-02-16 02:10:16,166 [Worker-40: Building] INFO  o.a.m.s.f.DefaultMavenResourcesFiltering - Copying 1 resource from src\main\resources to target\classes
2025-02-16 02:10:16,192 [Worker-40: Building] INFO  o.a.m.s.f.DefaultMavenResourcesFiltering - Copying 0 resource from src\main\resources to target\classes
2025-02-16 02:10:16,198 [Worker-40: Building] INFO  o.a.m.s.f.DefaultMavenResourcesFiltering - skip non existing resourceDirectory C:\Users\rafaj\OneDrive\Escritorio\Curso Enucom\12.- EXAMENES FINALES\MS-Responsables\src\test\resources
2025-02-16 02:10:42,052 [Worker-29: Building] INFO  o.a.m.s.f.DefaultMavenResourcesFiltering - Copying 1 resource from src\main\resources to target\classes
2025-02-16 02:10:42,090 [Worker-29: Building] INFO  o.a.m.s.f.DefaultMavenResourcesFiltering - Copying 0 resource from src\main\resources to target\classes
2025-02-16 02:10:42,095 [Worker-29: Building] INFO  o.a.m.s.f.DefaultMavenResourcesFiltering - skip non existing resourceDirectory C:\Users\rafaj\OneDrive\Escritorio\Curso Enucom\12.- EXAMENES FINALES\MS-Responsables\src\test\resources
2025-02-16 02:11:11,246 [Worker-36: Building] INFO  o.a.m.s.f.DefaultMavenResourcesFiltering - Copying 1 resource from src\main\resources to target\classes
2025-02-16 02:11:11,257 [Worker-36: Building] INFO  o.a.m.s.f.DefaultMavenResourcesFiltering - Copying 0 resource from src\main\resources to target\classes
2025-02-16 02:11:11,260 [Worker-36: Building] INFO  o.a.m.s.f.DefaultMavenResourcesFiltering - skip non existing resourceDirectory C:\Users\rafaj\OneDrive\Escritorio\Curso Enucom\12.- EXAMENES FINALES\MS-Responsables\src\test\resources
2025-02-16 02:16:41,091 [Worker-40: Building] INFO  o.a.m.s.f.DefaultMavenResourcesFiltering - Copying 1 resource from src\main\resources to target\classes
2025-02-16 02:16:41,178 [Worker-40: Building] INFO  o.a.m.s.f.DefaultMavenResourcesFiltering - Copying 0 resource from src\main\resources to target\classes
2025-02-16 02:16:41,180 [Worker-40: Building] INFO  o.a.m.s.f.DefaultMavenResourcesFiltering - skip non existing resourceDirectory C:\Users\rafaj\OneDrive\Escritorio\Curso Enucom\12.- EXAMENES FINALES\MS-Responsables\src\test\resources
2025-02-16 02:19:47,217 [Worker-41: Building] INFO  o.a.m.s.f.DefaultMavenResourcesFiltering - Copying 1 resource from src\main\resources to target\classes
2025-02-16 02:19:47,230 [Worker-41: Building] INFO  o.a.m.s.f.DefaultMavenResourcesFiltering - Copying 0 resource from src\main\resources to target\classes
2025-02-16 02:19:47,233 [Worker-41: Building] INFO  o.a.m.s.f.DefaultMavenResourcesFiltering - skip non existing resourceDirectory C:\Users\rafaj\OneDrive\Escritorio\Curso Enucom\12.- EXAMENES FINALES\MS-Responsables\src\test\resources
2025-02-16 02:20:07,197 [Worker-37: Building] INFO  o.a.m.s.f.DefaultMavenResourcesFiltering - Copying 1 resource from src\main\resources to target\classes
2025-02-16 02:20:07,214 [Worker-37: Building] INFO  o.a.m.s.f.DefaultMavenResourcesFiltering - Copying 0 resource from src\main\resources to target\classes
2025-02-16 02:20:07,217 [Worker-37: Building] INFO  o.a.m.s.f.DefaultMavenResourcesFiltering - skip non existing resourceDirectory C:\Users\rafaj\OneDrive\Escritorio\Curso Enucom\12.- EXAMENES FINALES\MS-Responsables\src\test\resources
2025-02-16 02:21:15,254 [Worker-36: Building] INFO  o.a.m.s.f.DefaultMavenResourcesFiltering - Copying 1 resource from src\main\resources to target\classes
2025-02-16 02:21:15,274 [Worker-36: Building] INFO  o.a.m.s.f.DefaultMavenResourcesFiltering - Copying 0 resource from src\main\resources to target\classes
2025-02-16 02:21:15,278 [Worker-36: Building] INFO  o.a.m.s.f.DefaultMavenResourcesFiltering - skip non existing resourceDirectory C:\Users\rafaj\OneDrive\Escritorio\Curso Enucom\12.- EXAMENES FINALES\MS-Responsables\src\test\resources
2025-02-16 02:21:22,526 [Worker-31: Building] INFO  o.a.m.s.f.DefaultMavenResourcesFiltering - Copying 1 resource from src\main\resources to target\classes
2025-02-16 02:21:22,544 [Worker-31: Building] INFO  o.a.m.s.f.DefaultMavenResourcesFiltering - Copying 0 resource from src\main\resources to target\classes
2025-02-16 02:21:22,548 [Worker-31: Building] INFO  o.a.m.s.f.DefaultMavenResourcesFiltering - skip non existing resourceDirectory C:\Users\rafaj\OneDrive\Escritorio\Curso Enucom\12.- EXAMENES FINALES\MS-Responsables\src\test\resources
2025-02-16 02:21:45,957 [Worker-40: Building] INFO  o.a.m.s.f.DefaultMavenResourcesFiltering - Copying 1 resource from src\main\resources to target\classes
2025-02-16 02:21:46,048 [Worker-40: Building] INFO  o.a.m.s.f.DefaultMavenResourcesFiltering - Copying 0 resource from src\main\resources to target\classes
2025-02-16 02:21:46,055 [Worker-40: Building] INFO  o.a.m.s.f.DefaultMavenResourcesFiltering - skip non existing resourceDirectory C:\Users\rafaj\OneDrive\Escritorio\Curso Enucom\12.- EXAMENES FINALES\MS-Responsables\src\test\resources
2025-02-16 02:21:54,659 [Worker-39: Building] INFO  o.a.m.s.f.DefaultMavenResourcesFiltering - Copying 1 resource from src\main\resources to target\classes
2025-02-16 02:21:54,768 [Worker-39: Building] INFO  o.a.m.s.f.DefaultMavenResourcesFiltering - Copying 0 resource from src\main\resources to target\classes
2025-02-16 02:21:54,773 [Worker-39: Building] INFO  o.a.m.s.f.DefaultMavenResourcesFiltering - skip non existing resourceDirectory C:\Users\rafaj\OneDrive\Escritorio\Curso Enucom\12.- EXAMENES FINALES\MS-Responsables\src\test\resources
2025-02-16 02:22:26,337 [Worker-37: Building] INFO  o.a.m.s.f.DefaultMavenResourcesFiltering - Copying 1 resource from src\main\resources to target\classes
2025-02-16 02:22:26,351 [Worker-37: Building] INFO  o.a.m.s.f.DefaultMavenResourcesFiltering - Copying 0 resource from src\main\resources to target\classes
2025-02-16 02:22:26,354 [Worker-37: Building] INFO  o.a.m.s.f.DefaultMavenResourcesFiltering - skip non existing resourceDirectory C:\Users\rafaj\OneDrive\Escritorio\Curso Enucom\12.- EXAMENES FINALES\MS-Responsables\src\test\resources
2025-02-16 02:23:50,306 [Worker-39: Building] INFO  o.a.m.s.f.DefaultMavenResourcesFiltering - Copying 1 resource from src\main\resources to target\classes
2025-02-16 02:23:50,355 [Worker-39: Building] INFO  o.a.m.s.f.DefaultMavenResourcesFiltering - Copying 0 resource from src\main\resources to target\classes
2025-02-16 02:23:50,368 [Worker-39: Building] INFO  o.a.m.s.f.DefaultMavenResourcesFiltering - skip non existing resourceDirectory C:\Users\rafaj\OneDrive\Escritorio\Curso Enucom\12.- EXAMENES FINALES\MS-Responsables\src\test\resources
2025-02-16 02:25:21,394 [Worker-31: Building] INFO  o.a.m.s.f.DefaultMavenResourcesFiltering - Copying 1 resource from src\main\resources to target\classes
2025-02-16 02:25:21,450 [Worker-31: Building] INFO  o.a.m.s.f.DefaultMavenResourcesFiltering - Copying 0 resource from src\main\resources to target\classes
2025-02-16 02:25:21,454 [Worker-31: Building] INFO  o.a.m.s.f.DefaultMavenResourcesFiltering - skip non existing resourceDirectory C:\Users\rafaj\OneDrive\Escritorio\Curso Enucom\12.- EXAMENES FINALES\MS-Responsables\src\test\resources
2025-02-16 02:25:47,006 [Worker-38: Building] INFO  o.a.m.s.f.DefaultMavenResourcesFiltering - Copying 1 resource from src\main\resources to target\classes
2025-02-16 02:25:47,185 [Worker-38: Building] INFO  o.a.m.s.f.DefaultMavenResourcesFiltering - Copying 0 resource from src\main\resources to target\classes
2025-02-16 02:25:47,188 [Worker-38: Building] INFO  o.a.m.s.f.DefaultMavenResourcesFiltering - skip non existing resourceDirectory C:\Users\rafaj\OneDrive\Escritorio\Curso Enucom\12.- EXAMENES FINALES\MS-Responsables\src\test\resources
2025-02-16 02:28:07,012 [Worker-37: Building] INFO  o.a.m.s.f.DefaultMavenResourcesFiltering - Copying 1 resource from src\main\resources to target\classes
2025-02-16 02:28:07,068 [Worker-37: Building] INFO  o.a.m.s.f.DefaultMavenResourcesFiltering - Copying 0 resource from src\main\resources to target\classes
2025-02-16 02:28:07,073 [Worker-37: Building] INFO  o.a.m.s.f.DefaultMavenResourcesFiltering - skip non existing resourceDirectory C:\Users\rafaj\OneDrive\Escritorio\Curso Enucom\12.- EXAMENES FINALES\MS-Responsables\src\test\resources
2025-02-16 02:28:30,518 [Worker-31: Building] INFO  o.a.m.s.f.DefaultMavenResourcesFiltering - Copying 1 resource from src\main\resources to target\classes
2025-02-16 02:28:30,524 [Worker-31: Building] INFO  o.a.m.s.f.DefaultMavenResourcesFiltering - Copying 0 resource from src\main\resources to target\classes
2025-02-16 02:28:30,529 [Worker-31: Building] INFO  o.a.m.s.f.DefaultMavenResourcesFiltering - skip non existing resourceDirectory C:\Users\rafaj\OneDrive\Escritorio\Curso Enucom\12.- EXAMENES FINALES\MS-Responsables\src\test\resources
2025-02-16 02:29:42,357 [Worker-37: Building] INFO  o.a.m.s.f.DefaultMavenResourcesFiltering - Copying 1 resource from src\main\resources to target\classes
2025-02-16 02:29:42,372 [Worker-37: Building] INFO  o.a.m.s.f.DefaultMavenResourcesFiltering - Copying 0 resource from src\main\resources to target\classes
2025-02-16 02:29:42,378 [Worker-37: Building] INFO  o.a.m.s.f.DefaultMavenResourcesFiltering - skip non existing resourceDirectory C:\Users\rafaj\OneDrive\Escritorio\Curso Enucom\12.- EXAMENES FINALES\MS-Responsables\src\test\resources
2025-02-16 02:33:04,607 [Worker-40: Building] INFO  o.a.m.s.f.DefaultMavenResourcesFiltering - Copying 1 resource from src\main\resources to target\classes
2025-02-16 02:33:04,673 [Worker-40: Building] INFO  o.a.m.s.f.DefaultMavenResourcesFiltering - Copying 0 resource from src\main\resources to target\classes
2025-02-16 02:33:04,676 [Worker-40: Building] INFO  o.a.m.s.f.DefaultMavenResourcesFiltering - skip non existing resourceDirectory C:\Users\rafaj\OneDrive\Escritorio\Curso Enucom\12.- EXAMENES FINALES\MS-Responsables\src\test\resources
2025-02-16 02:35:57,823 [Worker-39: Building] INFO  o.a.m.s.f.DefaultMavenResourcesFiltering - Copying 1 resource from src\main\resources to target\classes
2025-02-16 02:35:57,845 [Worker-39: Building] INFO  o.a.m.s.f.DefaultMavenResourcesFiltering - Copying 0 resource from src\main\resources to target\classes
2025-02-16 02:35:57,852 [Worker-39: Building] INFO  o.a.m.s.f.DefaultMavenResourcesFiltering - skip non existing resourceDirectory C:\Users\rafaj\OneDrive\Escritorio\Curso Enucom\12.- EXAMENES FINALES\MS-Responsables\src\test\resources
2025-02-16 02:36:10,639 [Worker-38: Building] INFO  o.a.m.s.f.DefaultMavenResourcesFiltering - Copying 1 resource from src\main\resources to target\classes
2025-02-16 02:36:10,673 [Worker-38: Building] INFO  o.a.m.s.f.DefaultMavenResourcesFiltering - Copying 0 resource from src\main\resources to target\classes
2025-02-16 02:36:10,678 [Worker-38: Building] INFO  o.a.m.s.f.DefaultMavenResourcesFiltering - skip non existing resourceDirectory C:\Users\rafaj\OneDrive\Escritorio\Curso Enucom\12.- EXAMENES FINALES\MS-Responsables\src\test\resources
2025-02-16 02:45:53,265 [Worker-43: Building] INFO  o.a.m.s.f.DefaultMavenResourcesFiltering - Copying 1 resource from src\main\resources to target\classes
2025-02-16 02:45:53,376 [Worker-43: Building] INFO  o.a.m.s.f.DefaultMavenResourcesFiltering - Copying 0 resource from src\main\resources to target\classes
2025-02-16 02:45:53,384 [Worker-43: Building] INFO  o.a.m.s.f.DefaultMavenResourcesFiltering - skip non existing resourceDirectory C:\Users\rafaj\OneDrive\Escritorio\Curso Enucom\12.- EXAMENES FINALES\MS-Mascotas\src\test\resources
2025-02-16 02:48:45,420 [Worker-44: Building] INFO  o.a.m.s.f.DefaultMavenResourcesFiltering - Copying 1 resource from src\main\resources to target\classes
2025-02-16 02:48:45,483 [Worker-44: Building] INFO  o.a.m.s.f.DefaultMavenResourcesFiltering - Copying 0 resource from src\main\resources to target\classes
2025-02-16 02:48:45,488 [Worker-44: Building] INFO  o.a.m.s.f.DefaultMavenResourcesFiltering - skip non existing resourceDirectory C:\Users\rafaj\OneDrive\Escritorio\Curso Enucom\12.- EXAMENES FINALES\MS-Mascotas\src\test\resources
2025-02-16 02:50:13,669 [Worker-31: Building] INFO  o.a.m.s.f.DefaultMavenResourcesFiltering - Copying 1 resource from src\main\resources to target\classes
2025-02-16 02:50:13,792 [Worker-31: Building] INFO  o.a.m.s.f.DefaultMavenResourcesFiltering - Copying 0 resource from src\main\resources to target\classes
2025-02-16 02:50:13,800 [Worker-31: Building] INFO  o.a.m.s.f.DefaultMavenResourcesFiltering - skip non existing resourceDirectory C:\Users\rafaj\OneDrive\Escritorio\Curso Enucom\12.- EXAMENES FINALES\MS-Mascotas\src\test\resources
2025-02-16 02:50:33,771 [Worker-44: Building] INFO  o.a.m.s.f.DefaultMavenResourcesFiltering - Copying 1 resource from src\main\resources to target\classes
2025-02-16 02:50:33,843 [Worker-44: Building] INFO  o.a.m.s.f.DefaultMavenResourcesFiltering - Copying 0 resource from src\main\resources to target\classes
2025-02-16 02:50:33,850 [Worker-44: Building] INFO  o.a.m.s.f.DefaultMavenResourcesFiltering - skip non existing resourceDirectory C:\Users\rafaj\OneDrive\Escritorio\Curso Enucom\12.- EXAMENES FINALES\MS-Mascotas\src\test\resources
2025-02-16 02:51:14,367 [Worker-45: Building] INFO  o.a.m.s.f.DefaultMavenResourcesFiltering - Copying 1 resource from src\main\resources to target\classes
2025-02-16 02:51:14,413 [Worker-45: Building] INFO  o.a.m.s.f.DefaultMavenResourcesFiltering - Copying 0 resource from src\main\resources to target\classes
2025-02-16 02:51:14,421 [Worker-45: Building] INFO  o.a.m.s.f.DefaultMavenResourcesFiltering - skip non existing resourceDirectory C:\Users\rafaj\OneDrive\Escritorio\Curso Enucom\12.- EXAMENES FINALES\MS-Mascotas\src\test\resources
2025-02-16 02:51:47,471 [Worker-39: Building] INFO  o.a.m.s.f.DefaultMavenResourcesFiltering - Copying 1 resource from src\main\resources to target\classes
2025-02-16 02:51:47,607 [Worker-39: Building] INFO  o.a.m.s.f.DefaultMavenResourcesFiltering - Copying 0 resource from src\main\resources to target\classes
2025-02-16 02:51:47,612 [Worker-39: Building] INFO  o.a.m.s.f.DefaultMavenResourcesFiltering - skip non existing resourceDirectory C:\Users\rafaj\OneDrive\Escritorio\Curso Enucom\12.- EXAMENES FINALES\MS-Mascotas\src\test\resources
2025-02-16 02:53:47,446 [Worker-45: Building] INFO  o.a.m.s.f.DefaultMavenResourcesFiltering - Copying 1 resource from src\main\resources to target\classes
2025-02-16 02:53:47,497 [Worker-45: Building] INFO  o.a.m.s.f.DefaultMavenResourcesFiltering - Copying 0 resource from src\main\resources to target\classes
2025-02-16 02:53:47,506 [Worker-45: Building] INFO  o.a.m.s.f.DefaultMavenResourcesFiltering - skip non existing resourceDirectory C:\Users\rafaj\OneDrive\Escritorio\Curso Enucom\12.- EXAMENES FINALES\MS-Mascotas\src\test\resources
2025-02-16 02:54:11,292 [Worker-45: Building] INFO  o.a.m.s.f.DefaultMavenResourcesFiltering - Copying 1 resource from src\main\resources to target\classes
2025-02-16 02:54:11,381 [Worker-45: Building] INFO  o.a.m.s.f.DefaultMavenResourcesFiltering - Copying 0 resource from src\main\resources to target\classes
2025-02-16 02:54:11,386 [Worker-45: Building] INFO  o.a.m.s.f.DefaultMavenResourcesFiltering - skip non existing resourceDirectory C:\Users\rafaj\OneDrive\Escritorio\Curso Enucom\12.- EXAMENES FINALES\MS-Mascotas\src\test\resources
2025-02-16 02:54:51,566 [Worker-46: Building] INFO  o.a.m.s.f.DefaultMavenResourcesFiltering - Copying 1 resource from src\main\resources to target\classes
2025-02-16 02:54:51,653 [Worker-46: Building] INFO  o.a.m.s.f.DefaultMavenResourcesFiltering - Copying 0 resource from src\main\resources to target\classes
2025-02-16 02:54:51,667 [Worker-46: Building] INFO  o.a.m.s.f.DefaultMavenResourcesFiltering - skip non existing resourceDirectory C:\Users\rafaj\OneDrive\Escritorio\Curso Enucom\12.- EXAMENES FINALES\MS-Mascotas\src\test\resources
2025-02-16 02:57:16,603 [Worker-44: Building] INFO  o.a.m.s.f.DefaultMavenResourcesFiltering - Copying 1 resource from src\main\resources to target\classes
2025-02-16 02:57:16,713 [Worker-44: Building] INFO  o.a.m.s.f.DefaultMavenResourcesFiltering - Copying 0 resource from src\main\resources to target\classes
2025-02-16 02:57:16,721 [Worker-44: Building] INFO  o.a.m.s.f.DefaultMavenResourcesFiltering - skip non existing resourceDirectory C:\Users\rafaj\OneDrive\Escritorio\Curso Enucom\12.- EXAMENES FINALES\MS-Mascotas\src\test\resources
2025-02-16 02:57:42,978 [Worker-46: Building] INFO  o.a.m.s.f.DefaultMavenResourcesFiltering - Copying 1 resource from src\main\resources to target\classes
2025-02-16 02:57:43,074 [Worker-46: Building] INFO  o.a.m.s.f.DefaultMavenResourcesFiltering - Copying 0 resource from src\main\resources to target\classes
2025-02-16 02:57:43,077 [Worker-46: Building] INFO  o.a.m.s.f.DefaultMavenResourcesFiltering - skip non existing resourceDirectory C:\Users\rafaj\OneDrive\Escritorio\Curso Enucom\12.- EXAMENES FINALES\MS-Mascotas\src\test\resources
2025-02-16 02:59:22,574 [Worker-44: Building] INFO  o.a.m.s.f.DefaultMavenResourcesFiltering - Copying 1 resource from src\main\resources to target\classes
2025-02-16 02:59:22,610 [Worker-44: Building] INFO  o.a.m.s.f.DefaultMavenResourcesFiltering - Copying 0 resource from src\main\resources to target\classes
2025-02-16 02:59:22,619 [Worker-44: Building] INFO  o.a.m.s.f.DefaultMavenResourcesFiltering - skip non existing resourceDirectory C:\Users\rafaj\OneDrive\Escritorio\Curso Enucom\12.- EXAMENES FINALES\MS-Mascotas\src\test\resources
2025-02-16 02:59:37,396 [Worker-46: Building] INFO  o.a.m.s.f.DefaultMavenResourcesFiltering - Copying 1 resource from src\main\resources to target\classes
2025-02-16 02:59:37,421 [Worker-46: Building] INFO  o.a.m.s.f.DefaultMavenResourcesFiltering - Copying 0 resource from src\main\resources to target\classes
2025-02-16 02:59:37,430 [Worker-46: Building] INFO  o.a.m.s.f.DefaultMavenResourcesFiltering - skip non existing resourceDirectory C:\Users\rafaj\OneDrive\Escritorio\Curso Enucom\12.- EXAMENES FINALES\MS-Mascotas\src\test\resources
2025-02-16 03:00:39,066 [Worker-39: Building] INFO  o.a.m.s.f.DefaultMavenResourcesFiltering - Copying 1 resource from src\main\resources to target\classes
2025-02-16 03:00:39,101 [Worker-39: Building] INFO  o.a.m.s.f.DefaultMavenResourcesFiltering - Copying 0 resource from src\main\resources to target\classes
2025-02-16 03:00:39,107 [Worker-39: Building] INFO  o.a.m.s.f.DefaultMavenResourcesFiltering - skip non existing resourceDirectory C:\Users\rafaj\OneDrive\Escritorio\Curso Enucom\12.- EXAMENES FINALES\MS-Mascotas\src\test\resources
2025-02-16 03:01:03,909 [Worker-47: Building] INFO  o.a.m.s.f.DefaultMavenResourcesFiltering - Copying 1 resource from src\main\resources to target\classes
2025-02-16 03:01:03,983 [Worker-47: Building] INFO  o.a.m.s.f.DefaultMavenResourcesFiltering - Copying 0 resource from src\main\resources to target\classes
2025-02-16 03:01:03,992 [Worker-47: Building] INFO  o.a.m.s.f.DefaultMavenResourcesFiltering - skip non existing resourceDirectory C:\Users\rafaj\OneDrive\Escritorio\Curso Enucom\12.- EXAMENES FINALES\MS-Mascotas\src\test\resources
2025-02-16 03:06:05,048 [Worker-47: Building] INFO  o.a.m.s.f.DefaultMavenResourcesFiltering - Copying 1 resource from src\main\resources to target\classes
2025-02-16 03:06:05,148 [Worker-47: Building] INFO  o.a.m.s.f.DefaultMavenResourcesFiltering - Copying 0 resource from src\main\resources to target\classes
2025-02-16 03:06:05,153 [Worker-47: Building] INFO  o.a.m.s.f.DefaultMavenResourcesFiltering - skip non existing resourceDirectory C:\Users\rafaj\OneDrive\Escritorio\Curso Enucom\12.- EXAMENES FINALES\MS-Mascotas\src\test\resources
2025-02-16 03:09:43,426 [Worker-48: Building] INFO  o.a.m.s.f.DefaultMavenResourcesFiltering - Copying 1 resource from src\main\resources to target\classes
2025-02-16 03:09:43,464 [Worker-48: Building] INFO  o.a.m.s.f.DefaultMavenResourcesFiltering - Copying 0 resource from src\main\resources to target\classes
2025-02-16 03:09:43,469 [Worker-48: Building] INFO  o.a.m.s.f.DefaultMavenResourcesFiltering - skip non existing resourceDirectory C:\Users\rafaj\OneDrive\Escritorio\Curso Enucom\12.- EXAMENES FINALES\MS-Mascotas\src\test\resources
2025-02-16 03:10:14,778 [Worker-47: Building] INFO  o.a.m.s.f.DefaultMavenResourcesFiltering - Copying 1 resource from src\main\resources to target\classes
2025-02-16 03:10:14,827 [Worker-47: Building] INFO  o.a.m.s.f.DefaultMavenResourcesFiltering - Copying 0 resource from src\main\resources to target\classes
2025-02-16 03:10:14,833 [Worker-47: Building] INFO  o.a.m.s.f.DefaultMavenResourcesFiltering - skip non existing resourceDirectory C:\Users\rafaj\OneDrive\Escritorio\Curso Enucom\12.- EXAMENES FINALES\MS-Mascotas\src\test\resources
2025-02-16 03:12:20,969 [Worker-47: Building] INFO  o.a.m.s.f.DefaultMavenResourcesFiltering - Copying 1 resource from src\main\resources to target\classes
2025-02-16 03:12:21,048 [Worker-47: Building] INFO  o.a.m.s.f.DefaultMavenResourcesFiltering - Copying 0 resource from src\main\resources to target\classes
2025-02-16 03:12:21,053 [Worker-47: Building] INFO  o.a.m.s.f.DefaultMavenResourcesFiltering - skip non existing resourceDirectory C:\Users\rafaj\OneDrive\Escritorio\Curso Enucom\12.- EXAMENES FINALES\MS-Mascotas\src\test\resources
2025-02-16 03:13:37,274 [Worker-44: Building] INFO  o.a.m.s.f.DefaultMavenResourcesFiltering - Copying 1 resource from src\main\resources to target\classes
2025-02-16 03:13:37,297 [Worker-44: Building] INFO  o.a.m.s.f.DefaultMavenResourcesFiltering - Copying 0 resource from src\main\resources to target\classes
2025-02-16 03:13:37,320 [Worker-44: Building] INFO  o.a.m.s.f.DefaultMavenResourcesFiltering - skip non existing resourceDirectory C:\Users\rafaj\OneDrive\Escritorio\Curso Enucom\12.- EXAMENES FINALES\MS-Mascotas\src\test\resources
2025-02-16 03:16:22,705 [Worker-45: Building] INFO  o.a.m.s.f.DefaultMavenResourcesFiltering - Copying 1 resource from src\main\resources to target\classes
2025-02-16 03:16:22,809 [Worker-45: Building] INFO  o.a.m.s.f.DefaultMavenResourcesFiltering - Copying 0 resource from src\main\resources to target\classes
2025-02-16 03:16:22,814 [Worker-45: Building] INFO  o.a.m.s.f.DefaultMavenResourcesFiltering - skip non existing resourceDirectory C:\Users\rafaj\OneDrive\Escritorio\Curso Enucom\12.- EXAMENES FINALES\MS-Mascotas\src\test\resources
2025-02-16 03:16:47,397 [Worker-45: Building] INFO  o.a.m.s.f.DefaultMavenResourcesFiltering - Copying 1 resource from src\main\resources to target\classes
2025-02-16 03:16:47,479 [Worker-45: Building] INFO  o.a.m.s.f.DefaultMavenResourcesFiltering - Copying 0 resource from src\main\resources to target\classes
2025-02-16 03:16:47,492 [Worker-45: Building] INFO  o.a.m.s.f.DefaultMavenResourcesFiltering - skip non existing resourceDirectory C:\Users\rafaj\OneDrive\Escritorio\Curso Enucom\12.- EXAMENES FINALES\MS-Mascotas\src\test\resources
2025-02-16 03:18:20,897 [Worker-31: Building] INFO  o.a.m.s.f.DefaultMavenResourcesFiltering - Copying 1 resource from src\main\resources to target\classes
2025-02-16 03:18:20,942 [Worker-31: Building] INFO  o.a.m.s.f.DefaultMavenResourcesFiltering - Copying 0 resource from src\main\resources to target\classes
2025-02-16 03:18:20,947 [Worker-31: Building] INFO  o.a.m.s.f.DefaultMavenResourcesFiltering - skip non existing resourceDirectory C:\Users\rafaj\OneDrive\Escritorio\Curso Enucom\12.- EXAMENES FINALES\MS-Mascotas\src\test\resources
2025-02-16 03:19:16,707 [Worker-48: Building] INFO  o.a.m.s.f.DefaultMavenResourcesFiltering - Copying 1 resource from src\main\resources to target\classes
2025-02-16 03:19:16,736 [Worker-48: Building] INFO  o.a.m.s.f.DefaultMavenResourcesFiltering - Copying 0 resource from src\main\resources to target\classes
2025-02-16 03:19:16,743 [Worker-48: Building] INFO  o.a.m.s.f.DefaultMavenResourcesFiltering - skip non existing resourceDirectory C:\Users\rafaj\OneDrive\Escritorio\Curso Enucom\12.- EXAMENES FINALES\MS-Mascotas\src\test\resources
2025-02-16 03:22:28,389 [Worker-44: Building] INFO  o.a.m.s.f.DefaultMavenResourcesFiltering - Copying 1 resource from src\main\resources to target\classes
2025-02-16 03:22:28,490 [Worker-44: Building] INFO  o.a.m.s.f.DefaultMavenResourcesFiltering - Copying 0 resource from src\main\resources to target\classes
2025-02-16 03:22:28,497 [Worker-44: Building] INFO  o.a.m.s.f.DefaultMavenResourcesFiltering - skip non existing resourceDirectory C:\Users\rafaj\OneDrive\Escritorio\Curso Enucom\12.- EXAMENES FINALES\MS-Mascotas\src\test\resources
2025-02-16 03:24:22,366 [Worker-46: Building] INFO  o.a.m.s.f.DefaultMavenResourcesFiltering - Copying 1 resource from src\main\resources to target\classes
2025-02-16 03:24:22,429 [Worker-46: Building] INFO  o.a.m.s.f.DefaultMavenResourcesFiltering - Copying 0 resource from src\main\resources to target\classes
2025-02-16 03:24:22,435 [Worker-46: Building] INFO  o.a.m.s.f.DefaultMavenResourcesFiltering - skip non existing resourceDirectory C:\Users\rafaj\OneDrive\Escritorio\Curso Enucom\12.- EXAMENES FINALES\MS-Mascotas\src\test\resources
2025-02-16 03:26:03,904 [Worker-46: Building] INFO  o.a.m.s.f.DefaultMavenResourcesFiltering - Copying 1 resource from src\main\resources to target\classes
2025-02-16 03:26:03,930 [Worker-46: Building] INFO  o.a.m.s.f.DefaultMavenResourcesFiltering - Copying 0 resource from src\main\resources to target\classes
2025-02-16 03:26:03,938 [Worker-46: Building] INFO  o.a.m.s.f.DefaultMavenResourcesFiltering - skip non existing resourceDirectory C:\Users\rafaj\OneDrive\Escritorio\Curso Enucom\12.- EXAMENES FINALES\MS-Mascotas\src\test\resources
2025-02-16 03:26:18,214 [Worker-47: Building] INFO  o.a.m.s.f.DefaultMavenResourcesFiltering - Copying 1 resource from src\main\resources to target\classes
2025-02-16 03:26:18,243 [Worker-47: Building] INFO  o.a.m.s.f.DefaultMavenResourcesFiltering - Copying 0 resource from src\main\resources to target\classes
2025-02-16 03:26:18,251 [Worker-47: Building] INFO  o.a.m.s.f.DefaultMavenResourcesFiltering - skip non existing resourceDirectory C:\Users\rafaj\OneDrive\Escritorio\Curso Enucom\12.- EXAMENES FINALES\MS-Mascotas\src\test\resources
2025-02-16 03:27:22,522 [Worker-45: Building] INFO  o.a.m.s.f.DefaultMavenResourcesFiltering - Copying 1 resource from src\main\resources to target\classes
2025-02-16 03:27:22,544 [Worker-45: Building] INFO  o.a.m.s.f.DefaultMavenResourcesFiltering - Copying 0 resource from src\main\resources to target\classes
2025-02-16 03:27:22,548 [Worker-45: Building] INFO  o.a.m.s.f.DefaultMavenResourcesFiltering - skip non existing resourceDirectory C:\Users\rafaj\OneDrive\Escritorio\Curso Enucom\12.- EXAMENES FINALES\MS-Mascotas\src\test\resources
2025-02-16 03:27:29,849 [Worker-31: Building] INFO  o.a.m.s.f.DefaultMavenResourcesFiltering - Copying 1 resource from src\main\resources to target\classes
2025-02-16 03:27:29,883 [Worker-31: Building] INFO  o.a.m.s.f.DefaultMavenResourcesFiltering - Copying 0 resource from src\main\resources to target\classes
2025-02-16 03:27:29,889 [Worker-31: Building] INFO  o.a.m.s.f.DefaultMavenResourcesFiltering - skip non existing resourceDirectory C:\Users\rafaj\OneDrive\Escritorio\Curso Enucom\12.- EXAMENES FINALES\MS-Mascotas\src\test\resources
2025-02-16 03:27:47,174 [Worker-31: Building] INFO  o.a.m.s.f.DefaultMavenResourcesFiltering - Copying 1 resource from src\main\resources to target\classes
2025-02-16 03:27:47,322 [Worker-31: Building] INFO  o.a.m.s.f.DefaultMavenResourcesFiltering - Copying 0 resource from src\main\resources to target\classes
2025-02-16 03:27:47,331 [Worker-31: Building] INFO  o.a.m.s.f.DefaultMavenResourcesFiltering - skip non existing resourceDirectory C:\Users\rafaj\OneDrive\Escritorio\Curso Enucom\12.- EXAMENES FINALES\MS-Mascotas\src\test\resources
2025-02-16 03:28:54,376 [Worker-39: Building] INFO  o.a.m.s.f.DefaultMavenResourcesFiltering - Copying 1 resource from src\main\resources to target\classes
2025-02-16 03:28:54,519 [Worker-39: Building] INFO  o.a.m.s.f.DefaultMavenResourcesFiltering - Copying 0 resource from src\main\resources to target\classes
2025-02-16 03:28:54,524 [Worker-39: Building] INFO  o.a.m.s.f.DefaultMavenResourcesFiltering - skip non existing resourceDirectory C:\Users\rafaj\OneDrive\Escritorio\Curso Enucom\12.- EXAMENES FINALES\MS-Mascotas\src\test\resources
2025-02-16 03:29:43,422 [Worker-39: Building] INFO  o.a.m.s.f.DefaultMavenResourcesFiltering - Copying 1 resource from src\main\resources to target\classes
2025-02-16 03:29:43,453 [Worker-39: Building] INFO  o.a.m.s.f.DefaultMavenResourcesFiltering - Copying 0 resource from src\main\resources to target\classes
2025-02-16 03:29:43,461 [Worker-39: Building] INFO  o.a.m.s.f.DefaultMavenResourcesFiltering - skip non existing resourceDirectory C:\Users\rafaj\OneDrive\Escritorio\Curso Enucom\12.- EXAMENES FINALES\MS-Mascotas\src\test\resources
2025-02-16 03:30:47,553 [Worker-39: Building] INFO  o.a.m.s.f.DefaultMavenResourcesFiltering - Copying 1 resource from src\main\resources to target\classes
2025-02-16 03:30:47,641 [Worker-39: Building] INFO  o.a.m.s.f.DefaultMavenResourcesFiltering - Copying 0 resource from src\main\resources to target\classes
2025-02-16 03:30:47,652 [Worker-39: Building] INFO  o.a.m.s.f.DefaultMavenResourcesFiltering - skip non existing resourceDirectory C:\Users\rafaj\OneDrive\Escritorio\Curso Enucom\12.- EXAMENES FINALES\MS-Clientes\src\test\resources
2025-02-16 03:32:05,413 [Worker-49: Building] INFO  o.a.m.s.f.DefaultMavenResourcesFiltering - Copying 1 resource from src\main\resources to target\classes
2025-02-16 03:32:05,429 [Worker-49: Building] INFO  o.a.m.s.f.DefaultMavenResourcesFiltering - Copying 0 resource from src\main\resources to target\classes
2025-02-16 03:32:05,433 [Worker-49: Building] INFO  o.a.m.s.f.DefaultMavenResourcesFiltering - skip non existing resourceDirectory C:\Users\rafaj\OneDrive\Escritorio\Curso Enucom\12.- EXAMENES FINALES\MS-Clientes\src\test\resources
2025-02-16 03:32:45,563 [Worker-45: Building] INFO  o.a.m.s.f.DefaultMavenResourcesFiltering - Copying 1 resource from src\main\resources to target\classes
2025-02-16 03:32:45,585 [Worker-45: Building] INFO  o.a.m.s.f.DefaultMavenResourcesFiltering - Copying 0 resource from src\main\resources to target\classes
2025-02-16 03:32:45,593 [Worker-45: Building] INFO  o.a.m.s.f.DefaultMavenResourcesFiltering - skip non existing resourceDirectory C:\Users\rafaj\OneDrive\Escritorio\Curso Enucom\12.- EXAMENES FINALES\MS-Clientes\src\test\resources
2025-02-16 03:33:17,919 [Worker-45: Building] INFO  o.a.m.s.f.DefaultMavenResourcesFiltering - Copying 1 resource from src\main\resources to target\classes
2025-02-16 03:33:18,106 [Worker-45: Building] INFO  o.a.m.s.f.DefaultMavenResourcesFiltering - Copying 0 resource from src\main\resources to target\classes
2025-02-16 03:33:18,115 [Worker-45: Building] INFO  o.a.m.s.f.DefaultMavenResourcesFiltering - skip non existing resourceDirectory C:\Users\rafaj\OneDrive\Escritorio\Curso Enucom\12.- EXAMENES FINALES\MS-Clientes\src\test\resources
2025-02-16 03:33:47,302 [Worker-44: Building] INFO  o.a.m.s.f.DefaultMavenResourcesFiltering - Copying 1 resource from src\main\resources to target\classes
2025-02-16 03:33:47,612 [Worker-44: Building] INFO  o.a.m.s.f.DefaultMavenResourcesFiltering - Copying 0 resource from src\main\resources to target\classes
2025-02-16 03:33:47,620 [Worker-44: Building] INFO  o.a.m.s.f.DefaultMavenResourcesFiltering - skip non existing resourceDirectory C:\Users\rafaj\OneDrive\Escritorio\Curso Enucom\12.- EXAMENES FINALES\MS-Clientes\src\test\resources
2025-02-16 03:34:10,271 [Worker-31: Building] INFO  o.a.m.s.f.DefaultMavenResourcesFiltering - Copying 1 resource from src\main\resources to target\classes
2025-02-16 03:34:10,309 [Worker-31: Building] INFO  o.a.m.s.f.DefaultMavenResourcesFiltering - Copying 0 resource from src\main\resources to target\classes
2025-02-16 03:34:10,316 [Worker-31: Building] INFO  o.a.m.s.f.DefaultMavenResourcesFiltering - skip non existing resourceDirectory C:\Users\rafaj\OneDrive\Escritorio\Curso Enucom\12.- EXAMENES FINALES\MS-Clientes\src\test\resources
2025-02-16 03:35:19,757 [Worker-39: Building] INFO  o.a.m.s.f.DefaultMavenResourcesFiltering - Copying 1 resource from src\main\resources to target\classes
2025-02-16 03:35:19,892 [Worker-39: Building] INFO  o.a.m.s.f.DefaultMavenResourcesFiltering - Copying 0 resource from src\main\resources to target\classes
2025-02-16 03:35:19,896 [Worker-39: Building] INFO  o.a.m.s.f.DefaultMavenResourcesFiltering - skip non existing resourceDirectory C:\Users\rafaj\OneDrive\Escritorio\Curso Enucom\12.- EXAMENES FINALES\MS-Clientes\src\test\resources
2025-02-16 03:35:28,108 [Worker-49: Building] INFO  o.a.m.s.f.DefaultMavenResourcesFiltering - Copying 1 resource from src\main\resources to target\classes
2025-02-16 03:35:28,124 [Worker-49: Building] INFO  o.a.m.s.f.DefaultMavenResourcesFiltering - Copying 0 resource from src\main\resources to target\classes
2025-02-16 03:35:28,129 [Worker-49: Building] INFO  o.a.m.s.f.DefaultMavenResourcesFiltering - skip non existing resourceDirectory C:\Users\rafaj\OneDrive\Escritorio\Curso Enucom\12.- EXAMENES FINALES\MS-Clientes\src\test\resources
2025-02-16 03:35:42,556 [Worker-46: Building] INFO  o.a.m.s.f.DefaultMavenResourcesFiltering - Copying 1 resource from src\main\resources to target\classes
2025-02-16 03:35:42,578 [Worker-46: Building] INFO  o.a.m.s.f.DefaultMavenResourcesFiltering - Copying 0 resource from src\main\resources to target\classes
2025-02-16 03:35:42,583 [Worker-46: Building] INFO  o.a.m.s.f.DefaultMavenResourcesFiltering - skip non existing resourceDirectory C:\Users\rafaj\OneDrive\Escritorio\Curso Enucom\12.- EXAMENES FINALES\MS-Clientes\src\test\resources
2025-02-16 03:37:19,905 [Worker-46: Building] INFO  o.a.m.s.f.DefaultMavenResourcesFiltering - Copying 1 resource from src\main\resources to target\classes
2025-02-16 03:37:19,981 [Worker-46: Building] INFO  o.a.m.s.f.DefaultMavenResourcesFiltering - Copying 0 resource from src\main\resources to target\classes
2025-02-16 03:37:19,987 [Worker-46: Building] INFO  o.a.m.s.f.DefaultMavenResourcesFiltering - skip non existing resourceDirectory C:\Users\rafaj\OneDrive\Escritorio\Curso Enucom\12.- EXAMENES FINALES\MS-Mascotas\src\test\resources
2025-02-16 03:37:28,785 [Worker-44: Building] INFO  o.a.m.s.f.DefaultMavenResourcesFiltering - Copying 1 resource from src\main\resources to target\classes
2025-02-16 03:37:28,846 [Worker-44: Building] INFO  o.a.m.s.f.DefaultMavenResourcesFiltering - Copying 0 resource from src\main\resources to target\classes
2025-02-16 03:37:28,850 [Worker-44: Building] INFO  o.a.m.s.f.DefaultMavenResourcesFiltering - skip non existing resourceDirectory C:\Users\rafaj\OneDrive\Escritorio\Curso Enucom\12.- EXAMENES FINALES\MS-Mascotas\src\test\resources
2025-02-16 03:38:05,774 [Worker-31: Building] INFO  o.a.m.s.f.DefaultMavenResourcesFiltering - Copying 1 resource from src\main\resources to target\classes
2025-02-16 03:38:05,891 [Worker-31: Building] INFO  o.a.m.s.f.DefaultMavenResourcesFiltering - Copying 0 resource from src\main\resources to target\classes
2025-02-16 03:38:05,897 [Worker-31: Building] INFO  o.a.m.s.f.DefaultMavenResourcesFiltering - skip non existing resourceDirectory C:\Users\rafaj\OneDrive\Escritorio\Curso Enucom\12.- EXAMENES FINALES\MS-Clientes\src\test\resources
2025-02-16 03:38:25,348 [Worker-31: Building] INFO  o.a.m.s.f.DefaultMavenResourcesFiltering - Copying 1 resource from src\main\resources to target\classes
2025-02-16 03:38:25,373 [Worker-31: Building] INFO  o.a.m.s.f.DefaultMavenResourcesFiltering - Copying 0 resource from src\main\resources to target\classes
2025-02-16 03:38:25,379 [Worker-31: Building] INFO  o.a.m.s.f.DefaultMavenResourcesFiltering - skip non existing resourceDirectory C:\Users\rafaj\OneDrive\Escritorio\Curso Enucom\12.- EXAMENES FINALES\MS-Clientes\src\test\resources
2025-02-16 03:38:52,254 [Worker-49: Building] INFO  o.a.m.s.f.DefaultMavenResourcesFiltering - Copying 1 resource from src\main\resources to target\classes
2025-02-16 03:38:52,346 [Worker-49: Building] INFO  o.a.m.s.f.DefaultMavenResourcesFiltering - Copying 0 resource from src\main\resources to target\classes
2025-02-16 03:38:52,353 [Worker-49: Building] INFO  o.a.m.s.f.DefaultMavenResourcesFiltering - skip non existing resourceDirectory C:\Users\rafaj\OneDrive\Escritorio\Curso Enucom\12.- EXAMENES FINALES\MS-Clientes\src\test\resources
2025-02-16 03:38:58,864 [Worker-39: Building] INFO  o.a.m.s.f.DefaultMavenResourcesFiltering - Copying 1 resource from src\main\resources to target\classes
2025-02-16 03:38:58,872 [Worker-39: Building] INFO  o.a.m.s.f.DefaultMavenResourcesFiltering - Copying 0 resource from src\main\resources to target\classes
2025-02-16 03:38:58,876 [Worker-39: Building] INFO  o.a.m.s.f.DefaultMavenResourcesFiltering - skip non existing resourceDirectory C:\Users\rafaj\OneDrive\Escritorio\Curso Enucom\12.- EXAMENES FINALES\MS-Clientes\src\test\resources
2025-02-16 03:39:29,174 [Worker-39: Building] INFO  o.a.m.s.f.DefaultMavenResourcesFiltering - Copying 1 resource from src\main\resources to target\classes
2025-02-16 03:39:29,194 [Worker-39: Building] INFO  o.a.m.s.f.DefaultMavenResourcesFiltering - Copying 0 resource from src\main\resources to target\classes
2025-02-16 03:39:29,201 [Worker-39: Building] INFO  o.a.m.s.f.DefaultMavenResourcesFiltering - skip non existing resourceDirectory C:\Users\rafaj\OneDrive\Escritorio\Curso Enucom\12.- EXAMENES FINALES\MS-Clientes\src\test\resources
2025-02-16 03:39:34,520 [Worker-49: Building] INFO  o.a.m.s.f.DefaultMavenResourcesFiltering - Copying 1 resource from src\main\resources to target\classes
2025-02-16 03:39:34,556 [Worker-49: Building] INFO  o.a.m.s.f.DefaultMavenResourcesFiltering - Copying 0 resource from src\main\resources to target\classes
2025-02-16 03:39:34,563 [Worker-49: Building] INFO  o.a.m.s.f.DefaultMavenResourcesFiltering - skip non existing resourceDirectory C:\Users\rafaj\OneDrive\Escritorio\Curso Enucom\12.- EXAMENES FINALES\MS-Clientes\src\test\resources
2025-02-16 03:40:16,571 [Worker-49: Building] INFO  o.a.m.s.f.DefaultMavenResourcesFiltering - Copying 1 resource from src\main\resources to target\classes
2025-02-16 03:40:16,595 [Worker-49: Building] INFO  o.a.m.s.f.DefaultMavenResourcesFiltering - Copying 0 resource from src\main\resources to target\classes
2025-02-16 03:40:16,599 [Worker-49: Building] INFO  o.a.m.s.f.DefaultMavenResourcesFiltering - skip non existing resourceDirectory C:\Users\rafaj\OneDrive\Escritorio\Curso Enucom\12.- EXAMENES FINALES\MS-Clientes\src\test\resources
2025-02-16 03:40:23,187 [Worker-39: Building] INFO  o.a.m.s.f.DefaultMavenResourcesFiltering - Copying 1 resource from src\main\resources to target\classes
2025-02-16 03:40:23,252 [Worker-39: Building] INFO  o.a.m.s.f.DefaultMavenResourcesFiltering - Copying 0 resource from src\main\resources to target\classes
2025-02-16 03:40:23,258 [Worker-39: Building] INFO  o.a.m.s.f.DefaultMavenResourcesFiltering - skip non existing resourceDirectory C:\Users\rafaj\OneDrive\Escritorio\Curso Enucom\12.- EXAMENES FINALES\MS-Clientes\src\test\resources
2025-02-16 03:40:36,628 [Worker-45: Building] INFO  o.a.m.s.f.DefaultMavenResourcesFiltering - Copying 1 resource from src\main\resources to target\classes
2025-02-16 03:40:36,801 [Worker-45: Building] INFO  o.a.m.s.f.DefaultMavenResourcesFiltering - Copying 0 resource from src\main\resources to target\classes
2025-02-16 03:40:36,807 [Worker-45: Building] INFO  o.a.m.s.f.DefaultMavenResourcesFiltering - skip non existing resourceDirectory C:\Users\rafaj\OneDrive\Escritorio\Curso Enucom\12.- EXAMENES FINALES\MS-Clientes\src\test\resources
2025-02-16 03:41:02,328 [Worker-45: Building] INFO  o.a.m.s.f.DefaultMavenResourcesFiltering - Copying 1 resource from src\main\resources to target\classes
2025-02-16 03:41:02,362 [Worker-45: Building] INFO  o.a.m.s.f.DefaultMavenResourcesFiltering - Copying 0 resource from src\main\resources to target\classes
2025-02-16 03:41:02,367 [Worker-45: Building] INFO  o.a.m.s.f.DefaultMavenResourcesFiltering - skip non existing resourceDirectory C:\Users\rafaj\OneDrive\Escritorio\Curso Enucom\12.- EXAMENES FINALES\MS-Clientes\src\test\resources
2025-02-16 03:41:14,022 [Worker-45: Building] INFO  o.a.m.s.f.DefaultMavenResourcesFiltering - Copying 1 resource from src\main\resources to target\classes
2025-02-16 03:41:14,077 [Worker-45: Building] INFO  o.a.m.s.f.DefaultMavenResourcesFiltering - Copying 0 resource from src\main\resources to target\classes
2025-02-16 03:41:14,081 [Worker-45: Building] INFO  o.a.m.s.f.DefaultMavenResourcesFiltering - skip non existing resourceDirectory C:\Users\rafaj\OneDrive\Escritorio\Curso Enucom\12.- EXAMENES FINALES\MS-Clientes\src\test\resources
2025-02-16 03:42:58,034 [Worker-31: Building] INFO  o.a.m.s.f.DefaultMavenResourcesFiltering - Copying 1 resource from src\main\resources to target\classes
2025-02-16 03:42:58,127 [Worker-31: Building] INFO  o.a.m.s.f.DefaultMavenResourcesFiltering - Copying 0 resource from src\main\resources to target\classes
2025-02-16 03:42:58,130 [Worker-31: Building] INFO  o.a.m.s.f.DefaultMavenResourcesFiltering - skip non existing resourceDirectory C:\Users\rafaj\OneDrive\Escritorio\Curso Enucom\12.- EXAMENES FINALES\MS-Clientes\src\test\resources
2025-02-16 03:43:23,815 [Worker-44: Building] INFO  o.a.m.s.f.DefaultMavenResourcesFiltering - Copying 1 resource from src\main\resources to target\classes
2025-02-16 03:43:23,946 [Worker-44: Building] INFO  o.a.m.s.f.DefaultMavenResourcesFiltering - Copying 0 resource from src\main\resources to target\classes
2025-02-16 03:43:23,952 [Worker-44: Building] INFO  o.a.m.s.f.DefaultMavenResourcesFiltering - skip non existing resourceDirectory C:\Users\rafaj\OneDrive\Escritorio\Curso Enucom\12.- EXAMENES FINALES\MS-Clientes\src\test\resources
2025-02-16 03:44:09,797 [Worker-44: Building] INFO  o.a.m.s.f.DefaultMavenResourcesFiltering - Copying 1 resource from src\main\resources to target\classes
2025-02-16 03:44:09,836 [Worker-44: Building] INFO  o.a.m.s.f.DefaultMavenResourcesFiltering - Copying 0 resource from src\main\resources to target\classes
2025-02-16 03:44:09,840 [Worker-44: Building] INFO  o.a.m.s.f.DefaultMavenResourcesFiltering - skip non existing resourceDirectory C:\Users\rafaj\OneDrive\Escritorio\Curso Enucom\12.- EXAMENES FINALES\MS-Clientes\src\test\resources
2025-02-16 03:44:33,587 [Worker-47: Building] INFO  o.a.m.s.f.DefaultMavenResourcesFiltering - Copying 1 resource from src\main\resources to target\classes
2025-02-16 03:44:33,647 [Worker-47: Building] INFO  o.a.m.s.f.DefaultMavenResourcesFiltering - Copying 0 resource from src\main\resources to target\classes
2025-02-16 03:44:33,653 [Worker-47: Building] INFO  o.a.m.s.f.DefaultMavenResourcesFiltering - skip non existing resourceDirectory C:\Users\rafaj\OneDrive\Escritorio\Curso Enucom\12.- EXAMENES FINALES\MS-Clientes\src\test\resources
2025-02-16 03:44:45,698 [Worker-49: Building] INFO  o.a.m.s.f.DefaultMavenResourcesFiltering - Copying 1 resource from src\main\resources to target\classes
2025-02-16 03:44:45,749 [Worker-49: Building] INFO  o.a.m.s.f.DefaultMavenResourcesFiltering - Copying 0 resource from src\main\resources to target\classes
2025-02-16 03:44:45,754 [Worker-49: Building] INFO  o.a.m.s.f.DefaultMavenResourcesFiltering - skip non existing resourceDirectory C:\Users\rafaj\OneDrive\Escritorio\Curso Enucom\12.- EXAMENES FINALES\MS-Clientes\src\test\resources
2025-02-16 03:45:12,887 [Worker-45: Building] INFO  o.a.m.s.f.DefaultMavenResourcesFiltering - Copying 1 resource from src\main\resources to target\classes
2025-02-16 03:45:12,921 [Worker-45: Building] INFO  o.a.m.s.f.DefaultMavenResourcesFiltering - Copying 0 resource from src\main\resources to target\classes
2025-02-16 03:45:12,927 [Worker-45: Building] INFO  o.a.m.s.f.DefaultMavenResourcesFiltering - skip non existing resourceDirectory C:\Users\rafaj\OneDrive\Escritorio\Curso Enucom\12.- EXAMENES FINALES\MS-Clientes\src\test\resources
2025-02-16 03:45:21,893 [Worker-45: Building] INFO  o.a.m.s.f.DefaultMavenResourcesFiltering - Copying 1 resource from src\main\resources to target\classes
2025-02-16 03:45:21,942 [Worker-45: Building] INFO  o.a.m.s.f.DefaultMavenResourcesFiltering - Copying 0 resource from src\main\resources to target\classes
2025-02-16 03:45:21,946 [Worker-45: Building] INFO  o.a.m.s.f.DefaultMavenResourcesFiltering - skip non existing resourceDirectory C:\Users\rafaj\OneDrive\Escritorio\Curso Enucom\12.- EXAMENES FINALES\MS-Clientes\src\test\resources
2025-02-16 03:45:27,279 [Worker-44: Building] INFO  o.a.m.s.f.DefaultMavenResourcesFiltering - Copying 1 resource from src\main\resources to target\classes
2025-02-16 03:45:27,291 [Worker-44: Building] INFO  o.a.m.s.f.DefaultMavenResourcesFiltering - Copying 0 resource from src\main\resources to target\classes
2025-02-16 03:45:27,297 [Worker-44: Building] INFO  o.a.m.s.f.DefaultMavenResourcesFiltering - skip non existing resourceDirectory C:\Users\rafaj\OneDrive\Escritorio\Curso Enucom\12.- EXAMENES FINALES\MS-Mascotas\src\test\resources
2025-02-16 03:45:34,313 [Worker-31: Building] INFO  o.a.m.s.f.DefaultMavenResourcesFiltering - Copying 1 resource from src\main\resources to target\classes
2025-02-16 03:45:34,335 [Worker-31: Building] INFO  o.a.m.s.f.DefaultMavenResourcesFiltering - Copying 0 resource from src\main\resources to target\classes
2025-02-16 03:45:34,339 [Worker-31: Building] INFO  o.a.m.s.f.DefaultMavenResourcesFiltering - skip non existing resourceDirectory C:\Users\rafaj\OneDrive\Escritorio\Curso Enucom\12.- EXAMENES FINALES\MS-Mascotas\src\test\resources
2025-02-16 10:14:22,751 [Worker-4: Loading available Gradle versions] INFO  o.e.b.c.i.u.g.PublishedGradleVersions - Gradle version information cache is up-to-date. Trying to read.
2025-02-16 10:16:39,097 [Worker-18: Building] INFO  o.a.m.s.f.DefaultMavenResourcesFiltering - Copying 1 resource from src\main\resources to target\classes
2025-02-16 10:16:39,133 [Worker-18: Building] INFO  o.a.m.s.f.DefaultMavenResourcesFiltering - Copying 0 resource from src\main\resources to target\classes
2025-02-16 10:16:39,140 [Worker-18: Building] INFO  o.a.m.s.f.DefaultMavenResourcesFiltering - skip non existing resourceDirectory C:\Users\rafaj\OneDrive\Escritorio\Curso Enucom\12.- EXAMENES FINALES\MS-Mascotas\src\test\resources
2025-02-16 10:17:42,598 [Worker-7: Building] INFO  o.a.m.s.f.DefaultMavenResourcesFiltering - Copying 1 resource from src\main\resources to target\classes
2025-02-16 10:17:42,646 [Worker-7: Building] INFO  o.a.m.s.f.DefaultMavenResourcesFiltering - Copying 0 resource from src\main\resources to target\classes
2025-02-16 10:17:42,654 [Worker-7: Building] INFO  o.a.m.s.f.DefaultMavenResourcesFiltering - skip non existing resourceDirectory C:\Users\rafaj\OneDrive\Escritorio\Curso Enucom\12.- EXAMENES FINALES\MS-Responsables\src\test\resources
2025-02-16 10:17:50,682 [Worker-3: Building] INFO  o.a.m.s.f.DefaultMavenResourcesFiltering - Copying 1 resource from src\main\resources to target\classes
2025-02-16 10:17:50,794 [Worker-3: Building] INFO  o.a.m.s.f.DefaultMavenResourcesFiltering - Copying 0 resource from src\main\resources to target\classes
2025-02-16 10:17:50,803 [Worker-3: Building] INFO  o.a.m.s.f.DefaultMavenResourcesFiltering - skip non existing resourceDirectory C:\Users\rafaj\OneDrive\Escritorio\Curso Enucom\12.- EXAMENES FINALES\MS-Responsables\src\test\resources
2025-02-16 10:19:20,777 [Worker-8: Building] INFO  o.a.m.s.f.DefaultMavenResourcesFiltering - Copying 1 resource from src\main\resources to target\classes
2025-02-16 10:19:20,799 [Worker-8: Building] INFO  o.a.m.s.f.DefaultMavenResourcesFiltering - Copying 0 resource from src\main\resources to target\classes
2025-02-16 10:19:20,803 [Worker-8: Building] INFO  o.a.m.s.f.DefaultMavenResourcesFiltering - skip non existing resourceDirectory C:\Users\rafaj\OneDrive\Escritorio\Curso Enucom\12.- EXAMENES FINALES\MS-Responsables\src\test\resources
2025-02-16 10:19:41,104 [Worker-15: Building] INFO  o.a.m.s.f.DefaultMavenResourcesFiltering - Copying 1 resource from src\main\resources to target\classes
2025-02-16 10:19:41,143 [Worker-15: Building] INFO  o.a.m.s.f.DefaultMavenResourcesFiltering - Copying 0 resource from src\main\resources to target\classes
2025-02-16 10:19:41,153 [Worker-15: Building] INFO  o.a.m.s.f.DefaultMavenResourcesFiltering - skip non existing resourceDirectory C:\Users\rafaj\OneDrive\Escritorio\Curso Enucom\12.- EXAMENES FINALES\MS-Clientes\src\test\resources
2025-02-16 10:19:58,019 [Worker-15: Building] INFO  o.a.m.s.f.DefaultMavenResourcesFiltering - Copying 1 resource from src\main\resources to target\classes
2025-02-16 10:19:58,035 [Worker-15: Building] INFO  o.a.m.s.f.DefaultMavenResourcesFiltering - Copying 0 resource from src\main\resources to target\classes
2025-02-16 10:19:58,040 [Worker-15: Building] INFO  o.a.m.s.f.DefaultMavenResourcesFiltering - skip non existing resourceDirectory C:\Users\rafaj\OneDrive\Escritorio\Curso Enucom\12.- EXAMENES FINALES\MS-Clientes\src\test\resources
2025-02-16 10:20:11,703 [Worker-7: Building] INFO  o.a.m.s.f.DefaultMavenResourcesFiltering - Copying 1 resource from src\main\resources to target\classes
2025-02-16 10:20:11,712 [Worker-7: Building] INFO  o.a.m.s.f.DefaultMavenResourcesFiltering - Copying 0 resource from src\main\resources to target\classes
2025-02-16 10:20:11,717 [Worker-7: Building] INFO  o.a.m.s.f.DefaultMavenResourcesFiltering - skip non existing resourceDirectory C:\Users\rafaj\OneDrive\Escritorio\Curso Enucom\12.- EXAMENES FINALES\MS-Clientes\src\test\resources
2025-02-16 10:20:30,852 [Worker-18: Building] INFO  o.a.m.s.f.DefaultMavenResourcesFiltering - Copying 1 resource from src\main\resources to target\classes
2025-02-16 10:20:30,862 [Worker-18: Building] INFO  o.a.m.s.f.DefaultMavenResourcesFiltering - Copying 0 resource from src\main\resources to target\classes
2025-02-16 10:20:30,866 [Worker-18: Building] INFO  o.a.m.s.f.DefaultMavenResourcesFiltering - skip non existing resourceDirectory C:\Users\rafaj\OneDrive\Escritorio\Curso Enucom\12.- EXAMENES FINALES\MS-Clientes\src\test\resources
2025-02-16 10:20:50,467 [Worker-1: Building] INFO  o.a.m.s.f.DefaultMavenResourcesFiltering - Copying 1 resource from src\main\resources to target\classes
2025-02-16 10:20:50,487 [Worker-1: Building] INFO  o.a.m.s.f.DefaultMavenResourcesFiltering - Copying 0 resource from src\main\resources to target\classes
2025-02-16 10:20:50,497 [Worker-1: Building] INFO  o.a.m.s.f.DefaultMavenResourcesFiltering - skip non existing resourceDirectory C:\Users\rafaj\OneDrive\Escritorio\Curso Enucom\12.- EXAMENES FINALES\MS-Responsables\src\test\resources
2025-02-16 10:21:32,449 [Worker-18: Building] INFO  o.a.m.s.f.DefaultMavenResourcesFiltering - Copying 1 resource from src\main\resources to target\classes
2025-02-16 10:21:32,469 [Worker-18: Building] INFO  o.a.m.s.f.DefaultMavenResourcesFiltering - Copying 0 resource from src\main\resources to target\classes
2025-02-16 10:21:32,472 [Worker-18: Building] INFO  o.a.m.s.f.DefaultMavenResourcesFiltering - skip non existing resourceDirectory C:\Users\rafaj\OneDrive\Escritorio\Curso Enucom\12.- EXAMENES FINALES\MS-Mascotas\src\test\resources
2025-02-16 10:21:55,670 [Worker-3: Building] INFO  o.a.m.s.f.DefaultMavenResourcesFiltering - Copying 1 resource from src\main\resources to target\classes
2025-02-16 10:21:55,677 [Worker-3: Building] INFO  o.a.m.s.f.DefaultMavenResourcesFiltering - Copying 0 resource from src\main\resources to target\classes
2025-02-16 10:21:55,680 [Worker-3: Building] INFO  o.a.m.s.f.DefaultMavenResourcesFiltering - skip non existing resourceDirectory C:\Users\rafaj\OneDrive\Escritorio\Curso Enucom\12.- EXAMENES FINALES\MS-Mascotas\src\test\resources
2025-02-16 10:22:13,915 [Worker-16: Building] INFO  o.a.m.s.f.DefaultMavenResourcesFiltering - Copying 1 resource from src\main\resources to target\classes
2025-02-16 10:22:13,922 [Worker-16: Building] INFO  o.a.m.s.f.DefaultMavenResourcesFiltering - Copying 0 resource from src\main\resources to target\classes
2025-02-16 10:22:13,925 [Worker-16: Building] INFO  o.a.m.s.f.DefaultMavenResourcesFiltering - skip non existing resourceDirectory C:\Users\rafaj\OneDrive\Escritorio\Curso Enucom\12.- EXAMENES FINALES\MS-Mascotas\src\test\resources
2025-02-16 10:23:12,314 [Worker-9: Building] INFO  o.a.m.s.f.DefaultMavenResourcesFiltering - Copying 1 resource from src\main\resources to target\classes
2025-02-16 10:23:12,360 [Worker-9: Building] INFO  o.a.m.s.f.DefaultMavenResourcesFiltering - Copying 0 resource from src\main\resources to target\classes
2025-02-16 10:23:12,364 [Worker-9: Building] INFO  o.a.m.s.f.DefaultMavenResourcesFiltering - skip non existing resourceDirectory C:\Users\rafaj\OneDrive\Escritorio\Curso Enucom\12.- EXAMENES FINALES\MS-Clientes\src\test\resources
2025-02-16 10:23:22,090 [Worker-9: Building] INFO  o.a.m.s.f.DefaultMavenResourcesFiltering - Copying 1 resource from src\main\resources to target\classes
2025-02-16 10:23:22,114 [Worker-9: Building] INFO  o.a.m.s.f.DefaultMavenResourcesFiltering - Copying 0 resource from src\main\resources to target\classes
2025-02-16 10:23:22,118 [Worker-9: Building] INFO  o.a.m.s.f.DefaultMavenResourcesFiltering - skip non existing resourceDirectory C:\Users\rafaj\OneDrive\Escritorio\Curso Enucom\12.- EXAMENES FINALES\MS-Clientes\src\test\resources
2025-02-16 10:41:37,988 [Worker-23: Building] INFO  o.a.m.s.f.DefaultMavenResourcesFiltering - Copying 1 resource from src\main\resources to target\classes
2025-02-16 10:41:38,038 [Worker-23: Building] INFO  o.a.m.s.f.DefaultMavenResourcesFiltering - Copying 0 resource from src\main\resources to target\classes
2025-02-16 10:41:38,044 [Worker-23: Building] INFO  o.a.m.s.f.DefaultMavenResourcesFiltering - skip non existing resourceDirectory C:\Users\rafaj\OneDrive\Escritorio\Curso Enucom\12.- EXAMENES FINALES\MS-Mascotas\src\test\resources
2025-02-16 10:41:45,878 [Worker-21: Building] INFO  o.a.m.s.f.DefaultMavenResourcesFiltering - Copying 1 resource from src\main\resources to target\classes
2025-02-16 10:41:45,930 [Worker-21: Building] INFO  o.a.m.s.f.DefaultMavenResourcesFiltering - Copying 0 resource from src\main\resources to target\classes
2025-02-16 10:41:45,935 [Worker-21: Building] INFO  o.a.m.s.f.DefaultMavenResourcesFiltering - skip non existing resourceDirectory C:\Users\rafaj\OneDrive\Escritorio\Curso Enucom\12.- EXAMENES FINALES\MS-Mascotas\src\test\resources
2025-02-16 10:42:01,464 [Worker-25: Building] INFO  o.a.m.s.f.DefaultMavenResourcesFiltering - Copying 1 resource from src\main\resources to target\classes
2025-02-16 10:42:01,488 [Worker-25: Building] INFO  o.a.m.s.f.DefaultMavenResourcesFiltering - Copying 0 resource from src\main\resources to target\classes
2025-02-16 10:42:01,493 [Worker-25: Building] INFO  o.a.m.s.f.DefaultMavenResourcesFiltering - skip non existing resourceDirectory C:\Users\rafaj\OneDrive\Escritorio\Curso Enucom\12.- EXAMENES FINALES\MS-Clientes\src\test\resources
2025-02-16 10:42:19,136 [Worker-24: Building] INFO  o.a.m.s.f.DefaultMavenResourcesFiltering - Copying 1 resource from src\main\resources to target\classes
2025-02-16 10:42:19,173 [Worker-24: Building] INFO  o.a.m.s.f.DefaultMavenResourcesFiltering - Copying 0 resource from src\main\resources to target\classes
2025-02-16 10:42:19,178 [Worker-24: Building] INFO  o.a.m.s.f.DefaultMavenResourcesFiltering - skip non existing resourceDirectory C:\Users\rafaj\OneDrive\Escritorio\Curso Enucom\12.- EXAMENES FINALES\MS-Mascotas\src\test\resources
2025-02-16 10:42:51,249 [Worker-21: Building] INFO  o.a.m.s.f.DefaultMavenResourcesFiltering - Copying 1 resource from src\main\resources to target\classes
2025-02-16 10:42:51,290 [Worker-21: Building] INFO  o.a.m.s.f.DefaultMavenResourcesFiltering - Copying 0 resource from src\main\resources to target\classes
2025-02-16 10:42:51,295 [Worker-21: Building] INFO  o.a.m.s.f.DefaultMavenResourcesFiltering - skip non existing resourceDirectory C:\Users\rafaj\OneDrive\Escritorio\Curso Enucom\12.- EXAMENES FINALES\MS-Responsables\src\test\resources
2025-02-16 10:43:50,945 [Worker-23: Building] INFO  o.a.m.s.f.DefaultMavenResourcesFiltering - Copying 1 resource from src\main\resources to target\classes
2025-02-16 10:43:50,980 [Worker-23: Building] INFO  o.a.m.s.f.DefaultMavenResourcesFiltering - Copying 0 resource from src\main\resources to target\classes
2025-02-16 10:43:50,985 [Worker-23: Building] INFO  o.a.m.s.f.DefaultMavenResourcesFiltering - skip non existing resourceDirectory C:\Users\rafaj\OneDrive\Escritorio\Curso Enucom\12.- EXAMENES FINALES\MS-Veterinarias\src\test\resources
2025-02-16 10:43:54,817 [Worker-21: Building] INFO  o.a.m.s.f.DefaultMavenResourcesFiltering - Copying 1 resource from src\main\resources to target\classes
2025-02-16 10:43:54,853 [Worker-21: Building] INFO  o.a.m.s.f.DefaultMavenResourcesFiltering - Copying 0 resource from src\main\resources to target\classes
2025-02-16 10:43:54,858 [Worker-21: Building] INFO  o.a.m.s.f.DefaultMavenResourcesFiltering - skip non existing resourceDirectory C:\Users\rafaj\OneDrive\Escritorio\Curso Enucom\12.- EXAMENES FINALES\MS-Veterinarias\src\test\resources
2025-02-16 10:47:36,558 [Worker-30: Building] INFO  o.a.m.s.f.DefaultMavenResourcesFiltering - Copying 1 resource from src\main\resources to target\classes
2025-02-16 10:47:36,627 [Worker-30: Building] INFO  o.a.m.s.f.DefaultMavenResourcesFiltering - Copying 0 resource from src\main\resources to target\classes
2025-02-16 10:47:36,636 [Worker-30: Building] INFO  o.a.m.s.f.DefaultMavenResourcesFiltering - skip non existing resourceDirectory C:\Users\rafaj\OneDrive\Escritorio\Curso Enucom\12.- EXAMENES FINALES\MS-Veterinarias\src\test\resources
2025-02-16 10:49:32,420 [Worker-29: Building] INFO  o.a.m.s.f.DefaultMavenResourcesFiltering - Copying 1 resource from src\main\resources to target\classes
2025-02-16 10:49:32,582 [Worker-29: Building] INFO  o.a.m.s.f.DefaultMavenResourcesFiltering - Copying 0 resource from src\main\resources to target\classes
2025-02-16 10:49:32,586 [Worker-29: Building] INFO  o.a.m.s.f.DefaultMavenResourcesFiltering - skip non existing resourceDirectory C:\Users\rafaj\OneDrive\Escritorio\Curso Enucom\12.- EXAMENES FINALES\MS-Veterinarias\src\test\resources
2025-02-16 10:49:50,136 [Worker-26: Building] INFO  o.a.m.s.f.DefaultMavenResourcesFiltering - Copying 1 resource from src\main\resources to target\classes
2025-02-16 10:49:50,250 [Worker-26: Building] INFO  o.a.m.s.f.DefaultMavenResourcesFiltering - Copying 0 resource from src\main\resources to target\classes
2025-02-16 10:49:50,257 [Worker-26: Building] INFO  o.a.m.s.f.DefaultMavenResourcesFiltering - skip non existing resourceDirectory C:\Users\rafaj\OneDrive\Escritorio\Curso Enucom\12.- EXAMENES FINALES\MS-Veterinarias\src\test\resources
2025-02-16 10:50:13,201 [Worker-26: Building] INFO  o.a.m.s.f.DefaultMavenResourcesFiltering - Copying 1 resource from src\main\resources to target\classes
2025-02-16 10:50:13,245 [Worker-26: Building] INFO  o.a.m.s.f.DefaultMavenResourcesFiltering - Copying 0 resource from src\main\resources to target\classes
2025-02-16 10:50:13,250 [Worker-26: Building] INFO  o.a.m.s.f.DefaultMavenResourcesFiltering - skip non existing resourceDirectory C:\Users\rafaj\OneDrive\Escritorio\Curso Enucom\12.- EXAMENES FINALES\MS-Veterinarias\src\test\resources
2025-02-16 10:50:29,786 [Worker-26: Building] INFO  o.a.m.s.f.DefaultMavenResourcesFiltering - Copying 1 resource from src\main\resources to target\classes
2025-02-16 10:50:29,810 [Worker-26: Building] INFO  o.a.m.s.f.DefaultMavenResourcesFiltering - Copying 0 resource from src\main\resources to target\classes
2025-02-16 10:50:29,815 [Worker-26: Building] INFO  o.a.m.s.f.DefaultMavenResourcesFiltering - skip non existing resourceDirectory C:\Users\rafaj\OneDrive\Escritorio\Curso Enucom\12.- EXAMENES FINALES\MS-Veterinarias\src\test\resources
2025-02-16 10:52:30,685 [Worker-29: Building] INFO  o.a.m.s.f.DefaultMavenResourcesFiltering - Copying 1 resource from src\main\resources to target\classes
2025-02-16 10:52:30,793 [Worker-29: Building] INFO  o.a.m.s.f.DefaultMavenResourcesFiltering - Copying 0 resource from src\main\resources to target\classes
2025-02-16 10:52:30,797 [Worker-29: Building] INFO  o.a.m.s.f.DefaultMavenResourcesFiltering - skip non existing resourceDirectory C:\Users\rafaj\OneDrive\Escritorio\Curso Enucom\12.- EXAMENES FINALES\MS-Veterinarias\src\test\resources
2025-02-16 10:52:43,791 [Worker-21: Building] INFO  o.a.m.s.f.DefaultMavenResourcesFiltering - Copying 1 resource from src\main\resources to target\classes
2025-02-16 10:52:43,835 [Worker-21: Building] INFO  o.a.m.s.f.DefaultMavenResourcesFiltering - Copying 0 resource from src\main\resources to target\classes
2025-02-16 10:52:43,839 [Worker-21: Building] INFO  o.a.m.s.f.DefaultMavenResourcesFiltering - skip non existing resourceDirectory C:\Users\rafaj\OneDrive\Escritorio\Curso Enucom\12.- EXAMENES FINALES\MS-Veterinarias\src\test\resources
2025-02-16 10:53:02,161 [Worker-32: Building] INFO  o.a.m.s.f.DefaultMavenResourcesFiltering - Copying 1 resource from src\main\resources to target\classes
2025-02-16 10:53:02,258 [Worker-32: Building] INFO  o.a.m.s.f.DefaultMavenResourcesFiltering - Copying 0 resource from src\main\resources to target\classes
2025-02-16 10:53:02,263 [Worker-32: Building] INFO  o.a.m.s.f.DefaultMavenResourcesFiltering - skip non existing resourceDirectory C:\Users\rafaj\OneDrive\Escritorio\Curso Enucom\12.- EXAMENES FINALES\MS-Veterinarias\src\test\resources
2025-02-16 10:54:16,503 [Worker-32: Building] INFO  o.a.m.s.f.DefaultMavenResourcesFiltering - Copying 1 resource from src\main\resources to target\classes
2025-02-16 10:54:16,592 [Worker-32: Building] INFO  o.a.m.s.f.DefaultMavenResourcesFiltering - Copying 0 resource from src\main\resources to target\classes
2025-02-16 10:54:16,597 [Worker-32: Building] INFO  o.a.m.s.f.DefaultMavenResourcesFiltering - skip non existing resourceDirectory C:\Users\rafaj\OneDrive\Escritorio\Curso Enucom\12.- EXAMENES FINALES\MS-Veterinarias\src\test\resources
2025-02-16 10:54:53,887 [Worker-29: Building] INFO  o.a.m.s.f.DefaultMavenResourcesFiltering - Copying 1 resource from src\main\resources to target\classes
2025-02-16 10:54:53,894 [Worker-29: Building] INFO  o.a.m.s.f.DefaultMavenResourcesFiltering - Copying 0 resource from src\main\resources to target\classes
2025-02-16 10:54:53,898 [Worker-29: Building] INFO  o.a.m.s.f.DefaultMavenResourcesFiltering - skip non existing resourceDirectory C:\Users\rafaj\OneDrive\Escritorio\Curso Enucom\12.- EXAMENES FINALES\MS-Veterinarias\src\test\resources
2025-02-16 10:55:06,475 [Worker-26: Building] INFO  o.a.m.s.f.DefaultMavenResourcesFiltering - Copying 1 resource from src\main\resources to target\classes
2025-02-16 10:55:06,490 [Worker-26: Building] INFO  o.a.m.s.f.DefaultMavenResourcesFiltering - Copying 0 resource from src\main\resources to target\classes
2025-02-16 10:55:06,494 [Worker-26: Building] INFO  o.a.m.s.f.DefaultMavenResourcesFiltering - skip non existing resourceDirectory C:\Users\rafaj\OneDrive\Escritorio\Curso Enucom\12.- EXAMENES FINALES\MS-Veterinarias\src\test\resources
2025-02-16 10:55:36,410 [Worker-29: Building] INFO  o.a.m.s.f.DefaultMavenResourcesFiltering - Copying 1 resource from src\main\resources to target\classes
2025-02-16 10:55:36,428 [Worker-29: Building] INFO  o.a.m.s.f.DefaultMavenResourcesFiltering - Copying 0 resource from src\main\resources to target\classes
2025-02-16 10:55:36,432 [Worker-29: Building] INFO  o.a.m.s.f.DefaultMavenResourcesFiltering - skip non existing resourceDirectory C:\Users\rafaj\OneDrive\Escritorio\Curso Enucom\12.- EXAMENES FINALES\MS-Veterinarias\src\test\resources
2025-02-16 10:55:40,989 [Worker-26: Building] INFO  o.a.m.s.f.DefaultMavenResourcesFiltering - Copying 1 resource from src\main\resources to target\classes
2025-02-16 10:55:41,012 [Worker-26: Building] INFO  o.a.m.s.f.DefaultMavenResourcesFiltering - Copying 0 resource from src\main\resources to target\classes
2025-02-16 10:55:41,016 [Worker-26: Building] INFO  o.a.m.s.f.DefaultMavenResourcesFiltering - skip non existing resourceDirectory C:\Users\rafaj\OneDrive\Escritorio\Curso Enucom\12.- EXAMENES FINALES\MS-Veterinarias\src\test\resources
2025-02-16 10:56:17,616 [Worker-26: Building] INFO  o.a.m.s.f.DefaultMavenResourcesFiltering - Copying 1 resource from src\main\resources to target\classes
2025-02-16 10:56:17,624 [Worker-26: Building] INFO  o.a.m.s.f.DefaultMavenResourcesFiltering - Copying 0 resource from src\main\resources to target\classes
2025-02-16 10:56:17,627 [Worker-26: Building] INFO  o.a.m.s.f.DefaultMavenResourcesFiltering - skip non existing resourceDirectory C:\Users\rafaj\OneDrive\Escritorio\Curso Enucom\12.- EXAMENES FINALES\MS-Veterinarias\src\test\resources
2025-02-16 10:56:30,118 [Worker-24: Building] INFO  o.a.m.s.f.DefaultMavenResourcesFiltering - Copying 1 resource from src\main\resources to target\classes
2025-02-16 10:56:30,127 [Worker-24: Building] INFO  o.a.m.s.f.DefaultMavenResourcesFiltering - Copying 0 resource from src\main\resources to target\classes
2025-02-16 10:56:30,132 [Worker-24: Building] INFO  o.a.m.s.f.DefaultMavenResourcesFiltering - skip non existing resourceDirectory C:\Users\rafaj\OneDrive\Escritorio\Curso Enucom\12.- EXAMENES FINALES\MS-Veterinarias\src\test\resources
2025-02-16 10:56:48,523 [Worker-31: Building] INFO  o.a.m.s.f.DefaultMavenResourcesFiltering - Copying 1 resource from src\main\resources to target\classes
2025-02-16 10:56:48,541 [Worker-31: Building] INFO  o.a.m.s.f.DefaultMavenResourcesFiltering - Copying 0 resource from src\main\resources to target\classes
2025-02-16 10:56:48,545 [Worker-31: Building] INFO  o.a.m.s.f.DefaultMavenResourcesFiltering - skip non existing resourceDirectory C:\Users\rafaj\OneDrive\Escritorio\Curso Enucom\12.- EXAMENES FINALES\MS-Veterinarias\src\test\resources
2025-02-16 10:57:05,042 [Worker-28: Building] INFO  o.a.m.s.f.DefaultMavenResourcesFiltering - Copying 1 resource from src\main\resources to target\classes
2025-02-16 10:57:05,073 [Worker-28: Building] INFO  o.a.m.s.f.DefaultMavenResourcesFiltering - Copying 0 resource from src\main\resources to target\classes
2025-02-16 10:57:05,078 [Worker-28: Building] INFO  o.a.m.s.f.DefaultMavenResourcesFiltering - skip non existing resourceDirectory C:\Users\rafaj\OneDrive\Escritorio\Curso Enucom\12.- EXAMENES FINALES\MS-Veterinarias\src\test\resources
2025-02-16 10:57:37,448 [Worker-31: Building] INFO  o.a.m.s.f.DefaultMavenResourcesFiltering - Copying 1 resource from src\main\resources to target\classes
2025-02-16 10:57:37,456 [Worker-31: Building] INFO  o.a.m.s.f.DefaultMavenResourcesFiltering - Copying 0 resource from src\main\resources to target\classes
2025-02-16 10:57:37,459 [Worker-31: Building] INFO  o.a.m.s.f.DefaultMavenResourcesFiltering - skip non existing resourceDirectory C:\Users\rafaj\OneDrive\Escritorio\Curso Enucom\12.- EXAMENES FINALES\MS-Veterinarias\src\test\resources
2025-02-16 10:57:40,780 [Worker-26: Building] INFO  o.a.m.s.f.DefaultMavenResourcesFiltering - Copying 1 resource from src\main\resources to target\classes
2025-02-16 10:57:40,855 [Worker-26: Building] INFO  o.a.m.s.f.DefaultMavenResourcesFiltering - Copying 0 resource from src\main\resources to target\classes
2025-02-16 10:57:40,860 [Worker-26: Building] INFO  o.a.m.s.f.DefaultMavenResourcesFiltering - skip non existing resourceDirectory C:\Users\rafaj\OneDrive\Escritorio\Curso Enucom\12.- EXAMENES FINALES\MS-Veterinarias\src\test\resources
2025-02-16 10:58:01,893 [Worker-24: Building] INFO  o.a.m.s.f.DefaultMavenResourcesFiltering - Copying 1 resource from src\main\resources to target\classes
2025-02-16 10:58:01,953 [Worker-24: Building] INFO  o.a.m.s.f.DefaultMavenResourcesFiltering - Copying 0 resource from src\main\resources to target\classes
2025-02-16 10:58:01,960 [Worker-24: Building] INFO  o.a.m.s.f.DefaultMavenResourcesFiltering - skip non existing resourceDirectory C:\Users\rafaj\OneDrive\Escritorio\Curso Enucom\12.- EXAMENES FINALES\MS-Veterinarias\src\test\resources
2025-02-16 10:58:41,887 [Worker-24: Building] INFO  o.a.m.s.f.DefaultMavenResourcesFiltering - Copying 1 resource from src\main\resources to target\classes
2025-02-16 10:58:41,947 [Worker-24: Building] INFO  o.a.m.s.f.DefaultMavenResourcesFiltering - Copying 0 resource from src\main\resources to target\classes
2025-02-16 10:58:41,955 [Worker-24: Building] INFO  o.a.m.s.f.DefaultMavenResourcesFiltering - skip non existing resourceDirectory C:\Users\rafaj\OneDrive\Escritorio\Curso Enucom\12.- EXAMENES FINALES\MS-Veterinarias\src\test\resources
2025-02-16 11:01:36,350 [Worker-32: Building] INFO  o.a.m.s.f.DefaultMavenResourcesFiltering - Copying 1 resource from src\main\resources to target\classes
2025-02-16 11:01:36,472 [Worker-32: Building] INFO  o.a.m.s.f.DefaultMavenResourcesFiltering - Copying 0 resource from src\main\resources to target\classes
2025-02-16 11:01:36,477 [Worker-32: Building] INFO  o.a.m.s.f.DefaultMavenResourcesFiltering - skip non existing resourceDirectory C:\Users\rafaj\OneDrive\Escritorio\Curso Enucom\12.- EXAMENES FINALES\MS-Veterinarias\src\test\resources
2025-02-16 11:07:33,713 [Worker-35: Building] INFO  o.a.m.s.f.DefaultMavenResourcesFiltering - Copying 1 resource from src\main\resources to target\classes
2025-02-16 11:07:33,757 [Worker-35: Building] INFO  o.a.m.s.f.DefaultMavenResourcesFiltering - Copying 0 resource from src\main\resources to target\classes
2025-02-16 11:07:33,761 [Worker-35: Building] INFO  o.a.m.s.f.DefaultMavenResourcesFiltering - skip non existing resourceDirectory C:\Users\rafaj\OneDrive\Escritorio\Curso Enucom\12.- EXAMENES FINALES\MS-Veterinarias\src\test\resources
2025-02-16 11:09:56,523 [Worker-35: Building] INFO  o.a.m.s.f.DefaultMavenResourcesFiltering - Copying 1 resource from src\main\resources to target\classes
2025-02-16 11:09:56,644 [Worker-35: Building] INFO  o.a.m.s.f.DefaultMavenResourcesFiltering - Copying 0 resource from src\main\resources to target\classes
2025-02-16 11:09:56,648 [Worker-35: Building] INFO  o.a.m.s.f.DefaultMavenResourcesFiltering - skip non existing resourceDirectory C:\Users\rafaj\OneDrive\Escritorio\Curso Enucom\12.- EXAMENES FINALES\MS-Veterinarias\src\test\resources
2025-02-16 11:15:16,900 [Worker-37: Building] INFO  o.a.m.s.f.DefaultMavenResourcesFiltering - Copying 1 resource from src\main\resources to target\classes
2025-02-16 11:15:17,133 [Worker-37: Building] INFO  o.a.m.s.f.DefaultMavenResourcesFiltering - Copying 0 resource from src\main\resources to target\classes
2025-02-16 11:15:17,137 [Worker-37: Building] INFO  o.a.m.s.f.DefaultMavenResourcesFiltering - skip non existing resourceDirectory C:\Users\rafaj\OneDrive\Escritorio\Curso Enucom\12.- EXAMENES FINALES\MS-Veterinarias\src\test\resources
2025-02-16 11:15:22,059 [Worker-36: Building] INFO  o.a.m.s.f.DefaultMavenResourcesFiltering - Copying 1 resource from src\main\resources to target\classes
2025-02-16 11:15:22,114 [Worker-36: Building] INFO  o.a.m.s.f.DefaultMavenResourcesFiltering - Copying 0 resource from src\main\resources to target\classes
2025-02-16 11:15:22,118 [Worker-36: Building] INFO  o.a.m.s.f.DefaultMavenResourcesFiltering - skip non existing resourceDirectory C:\Users\rafaj\OneDrive\Escritorio\Curso Enucom\12.- EXAMENES FINALES\MS-Veterinarias\src\test\resources
2025-02-16 11:15:42,158 [Worker-28: Building] INFO  o.a.m.s.f.DefaultMavenResourcesFiltering - Copying 1 resource from src\main\resources to target\classes
2025-02-16 11:15:42,167 [Worker-28: Building] INFO  o.a.m.s.f.DefaultMavenResourcesFiltering - Copying 0 resource from src\main\resources to target\classes
2025-02-16 11:15:42,170 [Worker-28: Building] INFO  o.a.m.s.f.DefaultMavenResourcesFiltering - skip non existing resourceDirectory C:\Users\rafaj\OneDrive\Escritorio\Curso Enucom\12.- EXAMENES FINALES\MS-Veterinarias\src\test\resources
2025-02-16 11:15:53,247 [Worker-38: Building] INFO  o.a.m.s.f.DefaultMavenResourcesFiltering - Copying 1 resource from src\main\resources to target\classes
2025-02-16 11:15:53,282 [Worker-38: Building] INFO  o.a.m.s.f.DefaultMavenResourcesFiltering - Copying 0 resource from src\main\resources to target\classes
2025-02-16 11:15:53,287 [Worker-38: Building] INFO  o.a.m.s.f.DefaultMavenResourcesFiltering - skip non existing resourceDirectory C:\Users\rafaj\OneDrive\Escritorio\Curso Enucom\12.- EXAMENES FINALES\MS-Veterinarias\src\test\resources
2025-02-16 11:27:56,435 [Worker-28: Building] INFO  o.a.m.s.f.DefaultMavenResourcesFiltering - Copying 1 resource from src\main\resources to target\classes
2025-02-16 11:27:56,496 [Worker-28: Building] INFO  o.a.m.s.f.DefaultMavenResourcesFiltering - Copying 0 resource from src\main\resources to target\classes
2025-02-16 11:27:56,502 [Worker-28: Building] INFO  o.a.m.s.f.DefaultMavenResourcesFiltering - skip non existing resourceDirectory C:\Users\rafaj\OneDrive\Escritorio\Curso Enucom\12.- EXAMENES FINALES\MS-Veterinarias\src\test\resources
2025-02-16 11:28:46,859 [Worker-42: Building] INFO  o.a.m.s.f.DefaultMavenResourcesFiltering - Copying 1 resource from src\main\resources to target\classes
2025-02-16 11:28:46,893 [Worker-42: Building] INFO  o.a.m.s.f.DefaultMavenResourcesFiltering - Copying 0 resource from src\main\resources to target\classes
2025-02-16 11:28:46,896 [Worker-42: Building] INFO  o.a.m.s.f.DefaultMavenResourcesFiltering - skip non existing resourceDirectory C:\Users\rafaj\OneDrive\Escritorio\Curso Enucom\12.- EXAMENES FINALES\MS-Veterinarias\src\test\resources
2025-02-16 11:30:17,256 [Worker-28: Building] INFO  o.a.m.s.f.DefaultMavenResourcesFiltering - Copying 1 resource from src\main\resources to target\classes
2025-02-16 11:30:17,457 [Worker-28: Building] INFO  o.a.m.s.f.DefaultMavenResourcesFiltering - Copying 0 resource from src\main\resources to target\classes
2025-02-16 11:30:17,463 [Worker-28: Building] INFO  o.a.m.s.f.DefaultMavenResourcesFiltering - skip non existing resourceDirectory C:\Users\rafaj\OneDrive\Escritorio\Curso Enucom\12.- EXAMENES FINALES\MS-Veterinarias\src\test\resources
2025-02-16 11:30:35,493 [Worker-44: Building] INFO  o.a.m.s.f.DefaultMavenResourcesFiltering - Copying 1 resource from src\main\resources to target\classes
2025-02-16 11:30:35,611 [Worker-44: Building] INFO  o.a.m.s.f.DefaultMavenResourcesFiltering - Copying 0 resource from src\main\resources to target\classes
2025-02-16 11:30:35,620 [Worker-44: Building] INFO  o.a.m.s.f.DefaultMavenResourcesFiltering - skip non existing resourceDirectory C:\Users\rafaj\OneDrive\Escritorio\Curso Enucom\12.- EXAMENES FINALES\MS-Veterinarias\src\test\resources
2025-02-16 11:30:45,918 [Worker-42: Building] INFO  o.a.m.s.f.DefaultMavenResourcesFiltering - Copying 1 resource from src\main\resources to target\classes
2025-02-16 11:30:45,978 [Worker-42: Building] INFO  o.a.m.s.f.DefaultMavenResourcesFiltering - Copying 0 resource from src\main\resources to target\classes
2025-02-16 11:30:45,984 [Worker-42: Building] INFO  o.a.m.s.f.DefaultMavenResourcesFiltering - skip non existing resourceDirectory C:\Users\rafaj\OneDrive\Escritorio\Curso Enucom\12.- EXAMENES FINALES\MS-Veterinarias\src\test\resources
2025-02-16 11:33:03,892 [Worker-28: Building] INFO  o.e.m.c.i.l.LifecycleMappingFactory - Using org.eclipse.m2e.jdt.JarLifecycleMapping lifecycle mapping for MavenProject: com.mx.Veterinarias:MS-Veterinarias:1.0 @ C:\Users\rafaj\OneDrive\Escritorio\Curso Enucom\12.- EXAMENES FINALES\MS-Veterinarias\pom.xml.
2025-02-16 11:33:07,297 [Worker-28: Building] INFO  o.a.m.s.f.DefaultMavenResourcesFiltering - Copying 0 resource from src\main\resources to target\classes
2025-02-16 11:33:07,299 [Worker-28: Building] INFO  o.a.m.s.f.DefaultMavenResourcesFiltering - Copying 0 resource from src\main\resources to target\classes
2025-02-16 11:33:07,308 [Worker-28: Building] INFO  o.a.m.s.f.DefaultMavenResourcesFiltering - skip non existing resourceDirectory C:\Users\rafaj\OneDrive\Escritorio\Curso Enucom\12.- EXAMENES FINALES\MS-Veterinarias\src\test\resources
2025-02-16 11:33:09,177 [Worker-43: Building] INFO  o.a.m.s.f.DefaultMavenResourcesFiltering - Copying 1 resource from src\main\resources to target\classes
2025-02-16 11:33:09,244 [Worker-43: Building] INFO  o.a.m.s.f.DefaultMavenResourcesFiltering - Copying 0 resource from src\main\resources to target\classes
2025-02-16 11:33:09,254 [Worker-43: Building] INFO  o.a.m.s.f.DefaultMavenResourcesFiltering - skip non existing resourceDirectory C:\Users\rafaj\OneDrive\Escritorio\Curso Enucom\12.- EXAMENES FINALES\MS-Veterinarias\src\test\resources
2025-02-16 11:33:10,190 [Worker-43: Updating Maven Project] INFO  o.e.m.c.i.p.ProjectConfigurationManager - Update started
2025-02-16 11:33:10,911 [Worker-43: Updating Maven Project] INFO  o.e.m.c.i.l.LifecycleMappingFactory - Using org.eclipse.m2e.jdt.JarLifecycleMapping lifecycle mapping for MavenProject: com.mx.Veterinarias:MS-Veterinarias:1.0 @ C:\Users\rafaj\OneDrive\Escritorio\Curso Enucom\12.- EXAMENES FINALES\MS-Veterinarias\pom.xml.
2025-02-16 11:33:13,038 [Worker-43: Updating Maven Project] INFO  o.e.m.j.i.AbstractJavaProjectConfigurator - Adding source folder /MS-Veterinarias/src/main/java
2025-02-16 11:33:13,052 [Worker-43: Updating Maven Project] INFO  o.e.m.j.i.AbstractJavaProjectConfigurator - Adding resource folder /MS-Veterinarias/src/main/resources
2025-02-16 11:33:13,053 [Worker-43: Updating Maven Project] INFO  o.e.m.j.i.AbstractJavaProjectConfigurator - Adding resource folder /MS-Veterinarias/src/main/resources
2025-02-16 11:33:13,056 [Worker-43: Updating Maven Project] INFO  o.e.m.j.i.AbstractJavaProjectConfigurator - Adding source folder /MS-Veterinarias/src/test/java
2025-02-16 11:33:13,059 [Worker-43: Updating Maven Project] INFO  o.e.m.j.i.AbstractJavaProjectConfigurator - Adding resource folder /MS-Veterinarias/src/test/resources
2025-02-16 11:33:14,337 [Worker-43: Updating Maven Project] INFO  o.e.m.c.i.p.ProjectConfigurationManager - Update completed for 1 poms: local refresh takes 0.00 sec, refresh facades takes 2.00 sec, update config takes 1.00 sec 
2025-02-16 11:33:14,961 [Worker-45: Building] INFO  o.a.m.s.f.DefaultMavenResourcesFiltering - Copying 1 resource from src\main\resources to target\classes
2025-02-16 11:33:14,989 [Worker-45: Building] INFO  o.a.m.s.f.DefaultMavenResourcesFiltering - Copying 0 resource from src\main\resources to target\classes
2025-02-16 11:33:14,997 [Worker-45: Building] INFO  o.a.m.s.f.DefaultMavenResourcesFiltering - skip non existing resourceDirectory C:\Users\rafaj\OneDrive\Escritorio\Curso Enucom\12.- EXAMENES FINALES\MS-Veterinarias\src\test\resources
2025-02-16 11:43:04,075 [Worker-48: Building] INFO  o.a.m.s.f.DefaultMavenResourcesFiltering - Copying 1 resource from src\main\resources to target\classes
2025-02-16 11:43:04,384 [Worker-48: Building] INFO  o.a.m.s.f.DefaultMavenResourcesFiltering - Copying 0 resource from src\main\resources to target\classes
2025-02-16 11:43:04,394 [Worker-48: Building] INFO  o.a.m.s.f.DefaultMavenResourcesFiltering - skip non existing resourceDirectory C:\Users\rafaj\OneDrive\Escritorio\Curso Enucom\12.- EXAMENES FINALES\MS-Veterinarias\src\test\resources
2025-02-16 11:43:20,043 [Worker-48: Building] INFO  o.a.m.s.f.DefaultMavenResourcesFiltering - Copying 1 resource from src\main\resources to target\classes
2025-02-16 11:43:20,215 [Worker-48: Building] INFO  o.a.m.s.f.DefaultMavenResourcesFiltering - Copying 0 resource from src\main\resources to target\classes
2025-02-16 11:43:20,223 [Worker-48: Building] INFO  o.a.m.s.f.DefaultMavenResourcesFiltering - skip non existing resourceDirectory C:\Users\rafaj\OneDrive\Escritorio\Curso Enucom\12.- EXAMENES FINALES\MS-Veterinarias\src\test\resources
2025-02-16 11:43:26,594 [Worker-28: Building] INFO  o.a.m.s.f.DefaultMavenResourcesFiltering - Copying 1 resource from src\main\resources to target\classes
2025-02-16 11:43:26,723 [Worker-28: Building] INFO  o.a.m.s.f.DefaultMavenResourcesFiltering - Copying 0 resource from src\main\resources to target\classes
2025-02-16 11:43:26,733 [Worker-28: Building] INFO  o.a.m.s.f.DefaultMavenResourcesFiltering - skip non existing resourceDirectory C:\Users\rafaj\OneDrive\Escritorio\Curso Enucom\12.- EXAMENES FINALES\MS-Veterinarias\src\test\resources
2025-02-16 11:44:57,027 [Worker-51: Building] INFO  o.a.m.s.f.DefaultMavenResourcesFiltering - Copying 1 resource from src\main\resources to target\classes
2025-02-16 11:44:57,078 [Worker-51: Building] INFO  o.a.m.s.f.DefaultMavenResourcesFiltering - Copying 0 resource from src\main\resources to target\classes
2025-02-16 11:44:57,089 [Worker-51: Building] INFO  o.a.m.s.f.DefaultMavenResourcesFiltering - skip non existing resourceDirectory C:\Users\rafaj\OneDrive\Escritorio\Curso Enucom\12.- EXAMENES FINALES\MS-Veterinarias\src\test\resources
2025-02-16 11:45:22,529 [Worker-50: Building] INFO  o.a.m.s.f.DefaultMavenResourcesFiltering - Copying 1 resource from src\main\resources to target\classes
2025-02-16 11:45:22,604 [Worker-50: Building] INFO  o.a.m.s.f.DefaultMavenResourcesFiltering - Copying 0 resource from src\main\resources to target\classes
2025-02-16 11:45:22,613 [Worker-50: Building] INFO  o.a.m.s.f.DefaultMavenResourcesFiltering - skip non existing resourceDirectory C:\Users\rafaj\OneDrive\Escritorio\Curso Enucom\12.- EXAMENES FINALES\MS-Veterinarias\src\test\resources
2025-02-16 11:45:51,691 [Worker-52: Building] INFO  o.a.m.s.f.DefaultMavenResourcesFiltering - Copying 1 resource from src\main\resources to target\classes
2025-02-16 11:45:51,715 [Worker-52: Building] INFO  o.a.m.s.f.DefaultMavenResourcesFiltering - Copying 0 resource from src\main\resources to target\classes
2025-02-16 11:45:51,721 [Worker-52: Building] INFO  o.a.m.s.f.DefaultMavenResourcesFiltering - skip non existing resourceDirectory C:\Users\rafaj\OneDrive\Escritorio\Curso Enucom\12.- EXAMENES FINALES\MS-Veterinarias\src\test\resources
2025-02-16 11:46:44,659 [Worker-50: Building] INFO  o.a.m.s.f.DefaultMavenResourcesFiltering - Copying 1 resource from src\main\resources to target\classes
2025-02-16 11:46:44,676 [Worker-50: Building] INFO  o.a.m.s.f.DefaultMavenResourcesFiltering - Copying 0 resource from src\main\resources to target\classes
2025-02-16 11:46:44,696 [Worker-50: Building] INFO  o.a.m.s.f.DefaultMavenResourcesFiltering - skip non existing resourceDirectory C:\Users\rafaj\OneDrive\Escritorio\Curso Enucom\12.- EXAMENES FINALES\MS-Veterinarias\src\test\resources
2025-02-16 11:47:03,909 [Worker-28: Building] INFO  o.a.m.s.f.DefaultMavenResourcesFiltering - Copying 1 resource from src\main\resources to target\classes
2025-02-16 11:47:04,101 [Worker-28: Building] INFO  o.a.m.s.f.DefaultMavenResourcesFiltering - Copying 0 resource from src\main\resources to target\classes
2025-02-16 11:47:04,114 [Worker-28: Building] INFO  o.a.m.s.f.DefaultMavenResourcesFiltering - skip non existing resourceDirectory C:\Users\rafaj\OneDrive\Escritorio\Curso Enucom\12.- EXAMENES FINALES\MS-Veterinarias\src\test\resources
2025-02-16 11:49:03,920 [Worker-50: Building] INFO  o.a.m.s.f.DefaultMavenResourcesFiltering - Copying 1 resource from src\main\resources to target\classes
2025-02-16 11:49:04,129 [Worker-50: Building] INFO  o.a.m.s.f.DefaultMavenResourcesFiltering - Copying 0 resource from src\main\resources to target\classes
2025-02-16 11:49:04,143 [Worker-50: Building] INFO  o.a.m.s.f.DefaultMavenResourcesFiltering - skip non existing resourceDirectory C:\Users\rafaj\OneDrive\Escritorio\Curso Enucom\12.- EXAMENES FINALES\MS-Veterinarias\src\test\resources
2025-02-16 11:50:36,866 [Worker-52: Building] INFO  o.a.m.s.f.DefaultMavenResourcesFiltering - Copying 1 resource from src\main\resources to target\classes
2025-02-16 11:50:37,083 [Worker-52: Building] INFO  o.a.m.s.f.DefaultMavenResourcesFiltering - Copying 0 resource from src\main\resources to target\classes
2025-02-16 11:50:37,094 [Worker-52: Building] INFO  o.a.m.s.f.DefaultMavenResourcesFiltering - skip non existing resourceDirectory C:\Users\rafaj\OneDrive\Escritorio\Curso Enucom\12.- EXAMENES FINALES\MS-Veterinarias\src\test\resources
2025-02-16 11:53:57,463 [Worker-48: Building] INFO  o.a.m.s.f.DefaultMavenResourcesFiltering - Copying 1 resource from src\main\resources to target\classes
2025-02-16 11:53:57,542 [Worker-48: Building] INFO  o.a.m.s.f.DefaultMavenResourcesFiltering - Copying 0 resource from src\main\resources to target\classes
2025-02-16 11:53:57,550 [Worker-48: Building] INFO  o.a.m.s.f.DefaultMavenResourcesFiltering - skip non existing resourceDirectory C:\Users\rafaj\OneDrive\Escritorio\Curso Enucom\12.- EXAMENES FINALES\MS-Responsables\src\test\resources
2025-02-16 11:54:37,026 [Worker-53: Building] INFO  o.a.m.s.f.DefaultMavenResourcesFiltering - Copying 1 resource from src\main\resources to target\classes
2025-02-16 11:54:37,054 [Worker-53: Building] INFO  o.a.m.s.f.DefaultMavenResourcesFiltering - Copying 0 resource from src\main\resources to target\classes
2025-02-16 11:54:37,059 [Worker-53: Building] INFO  o.a.m.s.f.DefaultMavenResourcesFiltering - skip non existing resourceDirectory C:\Users\rafaj\OneDrive\Escritorio\Curso Enucom\12.- EXAMENES FINALES\MS-Veterinarias\src\test\resources
2025-02-16 11:54:43,887 [Worker-55: Building] INFO  o.a.m.s.f.DefaultMavenResourcesFiltering - Copying 1 resource from src\main\resources to target\classes
2025-02-16 11:54:43,973 [Worker-55: Building] INFO  o.a.m.s.f.DefaultMavenResourcesFiltering - Copying 0 resource from src\main\resources to target\classes
2025-02-16 11:54:43,980 [Worker-55: Building] INFO  o.a.m.s.f.DefaultMavenResourcesFiltering - skip non existing resourceDirectory C:\Users\rafaj\OneDrive\Escritorio\Curso Enucom\12.- EXAMENES FINALES\MS-Veterinarias\src\test\resources
2025-02-16 11:55:54,526 [Worker-54: Building] INFO  o.a.m.s.f.DefaultMavenResourcesFiltering - Copying 1 resource from src\main\resources to target\classes
2025-02-16 11:55:54,647 [Worker-54: Building] INFO  o.a.m.s.f.DefaultMavenResourcesFiltering - Copying 0 resource from src\main\resources to target\classes
2025-02-16 11:55:54,655 [Worker-54: Building] INFO  o.a.m.s.f.DefaultMavenResourcesFiltering - skip non existing resourceDirectory C:\Users\rafaj\OneDrive\Escritorio\Curso Enucom\12.- EXAMENES FINALES\MS-Veterinarias\src\test\resources
2025-02-16 11:56:27,578 [Worker-53: Building] INFO  o.a.m.s.f.DefaultMavenResourcesFiltering - Copying 1 resource from src\main\resources to target\classes
2025-02-16 11:56:27,886 [Worker-53: Building] INFO  o.a.m.s.f.DefaultMavenResourcesFiltering - Copying 0 resource from src\main\resources to target\classes
2025-02-16 11:56:27,927 [Worker-53: Building] INFO  o.a.m.s.f.DefaultMavenResourcesFiltering - skip non existing resourceDirectory C:\Users\rafaj\OneDrive\Escritorio\Curso Enucom\12.- EXAMENES FINALES\MS-ApiGateway\src\test\resources
2025-02-16 11:57:16,089 [Worker-53: Building] INFO  o.a.m.s.f.DefaultMavenResourcesFiltering - Copying 1 resource from src\main\resources to target\classes
2025-02-16 11:57:16,185 [Worker-53: Building] INFO  o.a.m.s.f.DefaultMavenResourcesFiltering - Copying 0 resource from src\main\resources to target\classes
2025-02-16 11:57:16,194 [Worker-53: Building] INFO  o.a.m.s.f.DefaultMavenResourcesFiltering - skip non existing resourceDirectory C:\Users\rafaj\OneDrive\Escritorio\Curso Enucom\12.- EXAMENES FINALES\MS-ApiGateway\src\test\resources
2025-02-16 11:59:03,040 [Worker-54: Building] INFO  o.a.m.s.f.DefaultMavenResourcesFiltering - Copying 1 resource from src\main\resources to target\classes
2025-02-16 11:59:03,148 [Worker-54: Building] INFO  o.a.m.s.f.DefaultMavenResourcesFiltering - Copying 0 resource from src\main\resources to target\classes
2025-02-16 11:59:03,165 [Worker-54: Building] INFO  o.a.m.s.f.DefaultMavenResourcesFiltering - skip non existing resourceDirectory C:\Users\rafaj\OneDrive\Escritorio\Curso Enucom\12.- EXAMENES FINALES\MS-ApiGateway\src\test\resources
2025-02-16 11:59:43,874 [Worker-48: Building] INFO  o.a.m.s.f.DefaultMavenResourcesFiltering - Copying 1 resource from src\main\resources to target\classes
2025-02-16 11:59:43,904 [Worker-48: Building] INFO  o.a.m.s.f.DefaultMavenResourcesFiltering - Copying 0 resource from src\main\resources to target\classes
2025-02-16 11:59:43,914 [Worker-48: Building] INFO  o.a.m.s.f.DefaultMavenResourcesFiltering - skip non existing resourceDirectory C:\Users\rafaj\OneDrive\Escritorio\Curso Enucom\12.- EXAMENES FINALES\MS-ApiGateway\src\test\resources
2025-02-16 12:00:24,469 [Worker-54: Building] INFO  o.a.m.s.f.DefaultMavenResourcesFiltering - Copying 1 resource from src\main\resources to target\classes
2025-02-16 12:00:24,533 [Worker-54: Building] INFO  o.a.m.s.f.DefaultMavenResourcesFiltering - Copying 0 resource from src\main\resources to target\classes
2025-02-16 12:00:24,541 [Worker-54: Building] INFO  o.a.m.s.f.DefaultMavenResourcesFiltering - skip non existing resourceDirectory C:\Users\rafaj\OneDrive\Escritorio\Curso Enucom\12.- EXAMENES FINALES\MS-ApiGateway\src\test\resources
2025-02-16 23:48:59,305 [Worker-6: Loading available Gradle versions] INFO  o.e.b.c.i.u.g.PublishedGradleVersions - Gradle version information cache is up-to-date. Trying to read.
2025-02-17 00:24:27,767 [Worker-25: Building] INFO  o.a.m.s.f.DefaultMavenResourcesFiltering - Copying 1 resource from src\main\resources to target\classes
2025-02-17 00:24:27,802 [Worker-25: Building] INFO  o.a.m.s.f.DefaultMavenResourcesFiltering - Copying 0 resource from src\main\resources to target\classes
2025-02-17 00:24:27,808 [Worker-25: Building] INFO  o.a.m.s.f.DefaultMavenResourcesFiltering - skip non existing resourceDirectory C:\Users\rafaj\OneDrive\Escritorio\Curso Enucom\12.- EXAMENES FINALES\MS-ApiGateway\src\test\resources
2025-02-17 00:24:30,286 [Worker-25: Building] INFO  o.a.m.s.f.DefaultMavenResourcesFiltering - Copying 1 resource from src\main\resources to target\classes
2025-02-17 00:24:30,303 [Worker-25: Building] INFO  o.a.m.s.f.DefaultMavenResourcesFiltering - Copying 0 resource from src\main\resources to target\classes
2025-02-17 00:24:30,310 [Worker-25: Building] INFO  o.a.m.s.f.DefaultMavenResourcesFiltering - skip non existing resourceDirectory C:\Users\rafaj\OneDrive\Escritorio\Curso Enucom\12.- EXAMENES FINALES\MS-Veterinarias\src\test\resources
2025-02-17 00:25:54,253 [Worker-25: Building] INFO  o.a.m.s.f.DefaultMavenResourcesFiltering - Copying 1 resource from src\main\resources to target\classes
2025-02-17 00:25:54,279 [Worker-25: Building] INFO  o.a.m.s.f.DefaultMavenResourcesFiltering - Copying 0 resource from src\main\resources to target\classes
2025-02-17 00:25:54,292 [Worker-25: Building] INFO  o.a.m.s.f.DefaultMavenResourcesFiltering - skip non existing resourceDirectory C:\Users\rafaj\OneDrive\Escritorio\Curso Enucom\12.- EXAMENES FINALES\MS-Veterinarias\src\test\resources
2025-02-17 00:27:48,519 [Worker-26: Building] INFO  o.a.m.s.f.DefaultMavenResourcesFiltering - Copying 1 resource from src\main\resources to target\classes
2025-02-17 00:27:48,560 [Worker-26: Building] INFO  o.a.m.s.f.DefaultMavenResourcesFiltering - Copying 0 resource from src\main\resources to target\classes
2025-02-17 00:27:48,567 [Worker-26: Building] INFO  o.a.m.s.f.DefaultMavenResourcesFiltering - skip non existing resourceDirectory C:\Users\rafaj\OneDrive\Escritorio\Curso Enucom\12.- EXAMENES FINALES\MS-Veterinarias\src\test\resources
2025-02-17 00:28:02,813 [Worker-21: Building] INFO  o.a.m.s.f.DefaultMavenResourcesFiltering - Copying 1 resource from src\main\resources to target\classes
2025-02-17 00:28:02,912 [Worker-21: Building] INFO  o.a.m.s.f.DefaultMavenResourcesFiltering - Copying 0 resource from src\main\resources to target\classes
2025-02-17 00:28:02,929 [Worker-21: Building] INFO  o.a.m.s.f.DefaultMavenResourcesFiltering - skip non existing resourceDirectory C:\Users\rafaj\OneDrive\Escritorio\Curso Enucom\12.- EXAMENES FINALES\MS-Veterinarias\src\test\resources
2025-02-17 00:38:42,029 [Worker-29: Building] INFO  o.a.m.s.f.DefaultMavenResourcesFiltering - Copying 1 resource from src\main\resources to target\classes
2025-02-17 00:38:42,103 [Worker-29: Building] INFO  o.a.m.s.f.DefaultMavenResourcesFiltering - Copying 0 resource from src\main\resources to target\classes
2025-02-17 00:38:42,112 [Worker-29: Building] INFO  o.a.m.s.f.DefaultMavenResourcesFiltering - skip non existing resourceDirectory C:\Users\rafaj\OneDrive\Escritorio\Curso Enucom\12.- EXAMENES FINALES\MS-Veterinarias\src\test\resources
2025-02-17 00:38:55,071 [Worker-31: Building] INFO  o.a.m.s.f.DefaultMavenResourcesFiltering - Copying 1 resource from src\main\resources to target\classes
2025-02-17 00:38:55,088 [Worker-31: Building] INFO  o.a.m.s.f.DefaultMavenResourcesFiltering - Copying 0 resource from src\main\resources to target\classes
2025-02-17 00:38:55,099 [Worker-31: Building] INFO  o.a.m.s.f.DefaultMavenResourcesFiltering - skip non existing resourceDirectory C:\Users\rafaj\OneDrive\Escritorio\Curso Enucom\12.- EXAMENES FINALES\MS-Veterinarias\src\test\resources
2025-02-17 00:39:11,189 [Worker-29: Building] INFO  o.a.m.s.f.DefaultMavenResourcesFiltering - Copying 1 resource from src\main\resources to target\classes
2025-02-17 00:39:11,219 [Worker-29: Building] INFO  o.a.m.s.f.DefaultMavenResourcesFiltering - Copying 0 resource from src\main\resources to target\classes
2025-02-17 00:39:11,229 [Worker-29: Building] INFO  o.a.m.s.f.DefaultMavenResourcesFiltering - skip non existing resourceDirectory C:\Users\rafaj\OneDrive\Escritorio\Curso Enucom\12.- EXAMENES FINALES\MS-Veterinarias\src\test\resources
2025-02-17 00:39:18,952 [Worker-31: Building] INFO  o.a.m.s.f.DefaultMavenResourcesFiltering - Copying 1 resource from src\main\resources to target\classes
2025-02-17 00:39:18,976 [Worker-31: Building] INFO  o.a.m.s.f.DefaultMavenResourcesFiltering - Copying 0 resource from src\main\resources to target\classes
2025-02-17 00:39:18,986 [Worker-31: Building] INFO  o.a.m.s.f.DefaultMavenResourcesFiltering - skip non existing resourceDirectory C:\Users\rafaj\OneDrive\Escritorio\Curso Enucom\12.- EXAMENES FINALES\MS-Veterinarias\src\test\resources
2025-02-17 00:40:24,197 [Worker-29: Building] INFO  o.a.m.s.f.DefaultMavenResourcesFiltering - Copying 1 resource from src\main\resources to target\classes
2025-02-17 00:40:24,371 [Worker-29: Building] INFO  o.a.m.s.f.DefaultMavenResourcesFiltering - Copying 0 resource from src\main\resources to target\classes
2025-02-17 00:40:24,384 [Worker-29: Building] INFO  o.a.m.s.f.DefaultMavenResourcesFiltering - skip non existing resourceDirectory C:\Users\rafaj\OneDrive\Escritorio\Curso Enucom\12.- EXAMENES FINALES\MS-Veterinarias\src\test\resources
2025-02-17 00:43:16,129 [Worker-29: Building] INFO  o.a.m.s.f.DefaultMavenResourcesFiltering - Copying 1 resource from src\main\resources to target\classes
2025-02-17 00:43:16,234 [Worker-29: Building] INFO  o.a.m.s.f.DefaultMavenResourcesFiltering - Copying 0 resource from src\main\resources to target\classes
2025-02-17 00:43:16,241 [Worker-29: Building] INFO  o.a.m.s.f.DefaultMavenResourcesFiltering - skip non existing resourceDirectory C:\Users\rafaj\OneDrive\Escritorio\Curso Enucom\12.- EXAMENES FINALES\MS-Veterinarias\src\test\resources
2025-02-17 00:49:06,942 [Worker-29: Building] INFO  o.a.m.s.f.DefaultMavenResourcesFiltering - Copying 1 resource from src\main\resources to target\classes
2025-02-17 00:49:07,194 [Worker-29: Building] INFO  o.a.m.s.f.DefaultMavenResourcesFiltering - Copying 0 resource from src\main\resources to target\classes
2025-02-17 00:49:07,206 [Worker-29: Building] INFO  o.a.m.s.f.DefaultMavenResourcesFiltering - skip non existing resourceDirectory C:\Users\rafaj\OneDrive\Escritorio\Curso Enucom\12.- EXAMENES FINALES\MS-Veterinarias\src\test\resources
2025-02-17 00:57:24,277 [Worker-36: Building] INFO  o.a.m.s.f.DefaultMavenResourcesFiltering - Copying 1 resource from src\main\resources to target\classes
2025-02-17 00:57:24,370 [Worker-36: Building] INFO  o.a.m.s.f.DefaultMavenResourcesFiltering - Copying 0 resource from src\main\resources to target\classes
2025-02-17 00:57:24,376 [Worker-36: Building] INFO  o.a.m.s.f.DefaultMavenResourcesFiltering - skip non existing resourceDirectory C:\Users\rafaj\OneDrive\Escritorio\Curso Enucom\12.- EXAMENES FINALES\MS-Veterinarias\src\test\resources
2025-02-17 01:06:31,561 [Worker-38: Building] INFO  o.a.m.s.f.DefaultMavenResourcesFiltering - Copying 1 resource from src\main\resources to target\classes
2025-02-17 01:06:31,591 [Worker-38: Building] INFO  o.a.m.s.f.DefaultMavenResourcesFiltering - Copying 0 resource from src\main\resources to target\classes
2025-02-17 01:06:31,598 [Worker-38: Building] INFO  o.a.m.s.f.DefaultMavenResourcesFiltering - skip non existing resourceDirectory C:\Users\rafaj\OneDrive\Escritorio\Curso Enucom\12.- EXAMENES FINALES\MS-Veterinarias\src\test\resources
2025-02-17 01:30:30,498 [Worker-45: Building] INFO  o.a.m.s.f.DefaultMavenResourcesFiltering - Copying 1 resource from src\main\resources to target\classes
2025-02-17 01:30:30,620 [Worker-45: Building] INFO  o.a.m.s.f.DefaultMavenResourcesFiltering - Copying 0 resource from src\main\resources to target\classes
2025-02-17 01:30:30,626 [Worker-45: Building] INFO  o.a.m.s.f.DefaultMavenResourcesFiltering - skip non existing resourceDirectory C:\Users\rafaj\OneDrive\Escritorio\Curso Enucom\12.- EXAMENES FINALES\MS-Veterinarias\src\test\resources
2025-02-17 01:35:03,276 [Worker-45: Building] INFO  o.a.m.s.f.DefaultMavenResourcesFiltering - Copying 1 resource from src\main\resources to target\classes
2025-02-17 01:35:03,380 [Worker-45: Building] INFO  o.a.m.s.f.DefaultMavenResourcesFiltering - Copying 0 resource from src\main\resources to target\classes
2025-02-17 01:35:03,387 [Worker-45: Building] INFO  o.a.m.s.f.DefaultMavenResourcesFiltering - skip non existing resourceDirectory C:\Users\rafaj\OneDrive\Escritorio\Curso Enucom\12.- EXAMENES FINALES\MS-Veterinarias\src\test\resources
2025-02-17 02:17:57,907 [Worker-63: Building] INFO  o.a.m.s.f.DefaultMavenResourcesFiltering - Copying 1 resource from src\main\resources to target\classes
2025-02-17 02:17:58,077 [Worker-63: Building] INFO  o.a.m.s.f.DefaultMavenResourcesFiltering - Copying 0 resource from src\main\resources to target\classes
2025-02-17 02:17:58,087 [Worker-63: Building] INFO  o.a.m.s.f.DefaultMavenResourcesFiltering - skip non existing resourceDirectory C:\Users\rafaj\OneDrive\Escritorio\Curso Enucom\12.- EXAMENES FINALES\MS-Veterinarias\src\test\resources
2025-02-17 02:26:17,000 [Worker-69: Building] INFO  o.a.m.s.f.DefaultMavenResourcesFiltering - Copying 1 resource from src\main\resources to target\classes
2025-02-17 02:26:17,390 [Worker-69: Building] INFO  o.a.m.s.f.DefaultMavenResourcesFiltering - Copying 0 resource from src\main\resources to target\classes
2025-02-17 02:26:17,406 [Worker-69: Building] INFO  o.a.m.s.f.DefaultMavenResourcesFiltering - skip non existing resourceDirectory C:\Users\rafaj\OneDrive\Escritorio\Curso Enucom\12.- EXAMENES FINALES\MS-Veterinarias\src\test\resources
2025-02-17 02:30:07,981 [Worker-70: Building] INFO  o.a.m.s.f.DefaultMavenResourcesFiltering - Copying 1 resource from src\main\resources to target\classes
2025-02-17 02:30:08,553 [Worker-70: Building] INFO  o.a.m.s.f.DefaultMavenResourcesFiltering - Copying 0 resource from src\main\resources to target\classes
2025-02-17 02:30:08,570 [Worker-70: Building] INFO  o.a.m.s.f.DefaultMavenResourcesFiltering - skip non existing resourceDirectory C:\Users\rafaj\OneDrive\Escritorio\Curso Enucom\12.- EXAMENES FINALES\MS-Veterinarias\src\test\resources
2025-02-17 02:34:23,416 [Worker-72: Building] INFO  o.a.m.s.f.DefaultMavenResourcesFiltering - Copying 1 resource from src\main\resources to target\classes
2025-02-17 02:34:23,616 [Worker-72: Building] INFO  o.a.m.s.f.DefaultMavenResourcesFiltering - Copying 0 resource from src\main\resources to target\classes
2025-02-17 02:34:23,630 [Worker-72: Building] INFO  o.a.m.s.f.DefaultMavenResourcesFiltering - skip non existing resourceDirectory C:\Users\rafaj\OneDrive\Escritorio\Curso Enucom\12.- EXAMENES FINALES\MS-Veterinarias\src\test\resources
2025-02-17 02:39:15,572 [Worker-5: Loading available Gradle versions] INFO  o.e.b.c.i.u.g.PublishedGradleVersions - Gradle version information cache is out-of-date. Trying to update.
2025-02-17 02:39:21,321 [Worker-7: Building] INFO  o.a.m.s.f.DefaultMavenResourcesFiltering - Copying 1 resource from src\main\resources to target\classes
2025-02-17 02:39:21,350 [Worker-7: Building] INFO  o.a.m.s.f.DefaultMavenResourcesFiltering - Copying 0 resource from src\main\resources to target\classes
2025-02-17 02:39:21,357 [Worker-7: Building] INFO  o.a.m.s.f.DefaultMavenResourcesFiltering - skip non existing resourceDirectory C:\Users\rafaj\OneDrive\Escritorio\Curso Enucom\12.- EXAMENES FINALES\MS-ApiGateway\src\test\resources
2025-02-17 02:39:24,565 [Worker-7: Building] INFO  o.a.m.s.f.DefaultMavenResourcesFiltering - Copying 1 resource from src\main\resources to target\classes
2025-02-17 02:39:24,591 [Worker-7: Building] INFO  o.a.m.s.f.DefaultMavenResourcesFiltering - Copying 0 resource from src\main\resources to target\classes
2025-02-17 02:39:24,598 [Worker-7: Building] INFO  o.a.m.s.f.DefaultMavenResourcesFiltering - skip non existing resourceDirectory C:\Users\rafaj\OneDrive\Escritorio\Curso Enucom\12.- EXAMENES FINALES\MS-Veterinarias\src\test\resources
2025-02-17 02:39:41,572 [Worker-16: Building] INFO  o.a.m.s.f.DefaultMavenResourcesFiltering - Copying 1 resource from src\main\resources to target\classes
2025-02-17 02:39:42,000 [Worker-16: Building] INFO  o.a.m.s.f.DefaultMavenResourcesFiltering - Copying 0 resource from src\main\resources to target\classes
2025-02-17 02:39:42,009 [Worker-16: Building] INFO  o.a.m.s.f.DefaultMavenResourcesFiltering - skip non existing resourceDirectory C:\Users\rafaj\OneDrive\Escritorio\Curso Enucom\12.- EXAMENES FINALES\MS-Veterinarias\src\test\resources
2025-02-17 02:40:28,575 [Worker-8: Building] INFO  o.a.m.s.f.DefaultMavenResourcesFiltering - Copying 1 resource from src\main\resources to target\classes
2025-02-17 02:40:28,634 [Worker-8: Building] INFO  o.a.m.s.f.DefaultMavenResourcesFiltering - Copying 0 resource from src\main\resources to target\classes
2025-02-17 02:40:28,641 [Worker-8: Building] INFO  o.a.m.s.f.DefaultMavenResourcesFiltering - skip non existing resourceDirectory C:\Users\rafaj\OneDrive\Escritorio\Curso Enucom\12.- EXAMENES FINALES\MS-Veterinarias\src\test\resources
2025-02-17 02:45:16,250 [Worker-13: Building] INFO  o.a.m.s.f.DefaultMavenResourcesFiltering - Copying 1 resource from src\main\resources to target\classes
2025-02-17 02:45:16,370 [Worker-13: Building] INFO  o.a.m.s.f.DefaultMavenResourcesFiltering - Copying 0 resource from src\main\resources to target\classes
2025-02-17 02:45:16,387 [Worker-13: Building] INFO  o.a.m.s.f.DefaultMavenResourcesFiltering - skip non existing resourceDirectory C:\Users\rafaj\OneDrive\Escritorio\Curso Enucom\12.- EXAMENES FINALES\MS-Veterinarias\src\test\resources
2025-02-17 02:46:18,144 [Worker-17: Building] INFO  o.a.m.s.f.DefaultMavenResourcesFiltering - Copying 1 resource from src\main\resources to target\classes
2025-02-17 02:46:18,220 [Worker-17: Building] INFO  o.a.m.s.f.DefaultMavenResourcesFiltering - Copying 0 resource from src\main\resources to target\classes
2025-02-17 02:46:18,227 [Worker-17: Building] INFO  o.a.m.s.f.DefaultMavenResourcesFiltering - skip non existing resourceDirectory C:\Users\rafaj\OneDrive\Escritorio\Curso Enucom\12.- EXAMENES FINALES\MS-Veterinarias\src\test\resources
2025-02-17 02:48:20,966 [Worker-19: Building] INFO  o.a.m.s.f.DefaultMavenResourcesFiltering - Copying 1 resource from src\main\resources to target\classes
2025-02-17 02:48:21,134 [Worker-19: Building] INFO  o.a.m.s.f.DefaultMavenResourcesFiltering - Copying 0 resource from src\main\resources to target\classes
2025-02-17 02:48:21,144 [Worker-19: Building] INFO  o.a.m.s.f.DefaultMavenResourcesFiltering - skip non existing resourceDirectory C:\Users\rafaj\OneDrive\Escritorio\Curso Enucom\12.- EXAMENES FINALES\MS-Veterinarias\src\test\resources
2025-02-17 02:48:42,401 [Worker-4: Building] INFO  o.a.m.s.f.DefaultMavenResourcesFiltering - Copying 1 resource from src\main\resources to target\classes
2025-02-17 02:48:42,516 [Worker-4: Building] INFO  o.a.m.s.f.DefaultMavenResourcesFiltering - Copying 0 resource from src\main\resources to target\classes
2025-02-17 02:48:42,892 [Worker-4: Building] INFO  o.a.m.s.f.DefaultMavenResourcesFiltering - skip non existing resourceDirectory C:\Users\rafaj\OneDrive\Escritorio\Curso Enucom\12.- EXAMENES FINALES\MS-Veterinarias\src\test\resources
2025-02-17 02:50:08,855 [Worker-12: Building] INFO  o.a.m.s.f.DefaultMavenResourcesFiltering - Copying 1 resource from src\main\resources to target\classes
2025-02-17 02:50:09,226 [Worker-12: Building] INFO  o.a.m.s.f.DefaultMavenResourcesFiltering - Copying 0 resource from src\main\resources to target\classes
2025-02-17 02:50:09,241 [Worker-12: Building] INFO  o.a.m.s.f.DefaultMavenResourcesFiltering - skip non existing resourceDirectory C:\Users\rafaj\OneDrive\Escritorio\Curso Enucom\12.- EXAMENES FINALES\MS-Veterinarias\src\test\resources
2025-02-17 02:50:35,069 [Worker-2: Building] INFO  o.a.m.s.f.DefaultMavenResourcesFiltering - Copying 1 resource from src\main\resources to target\classes
2025-02-17 02:50:35,391 [Worker-2: Building] INFO  o.a.m.s.f.DefaultMavenResourcesFiltering - Copying 0 resource from src\main\resources to target\classes
2025-02-17 02:50:35,418 [Worker-2: Building] INFO  o.a.m.s.f.DefaultMavenResourcesFiltering - skip non existing resourceDirectory C:\Users\rafaj\OneDrive\Escritorio\Curso Enucom\12.- EXAMENES FINALES\MS-Veterinarias\src\test\resources
2025-02-17 02:51:13,050 [Worker-2: Building] INFO  o.a.m.s.f.DefaultMavenResourcesFiltering - Copying 1 resource from src\main\resources to target\classes
2025-02-17 02:51:13,096 [Worker-2: Building] INFO  o.a.m.s.f.DefaultMavenResourcesFiltering - Copying 0 resource from src\main\resources to target\classes
2025-02-17 02:51:13,114 [Worker-2: Building] INFO  o.a.m.s.f.DefaultMavenResourcesFiltering - skip non existing resourceDirectory C:\Users\rafaj\OneDrive\Escritorio\Curso Enucom\12.- EXAMENES FINALES\MS-Veterinarias\src\test\resources
2025-02-17 02:52:53,717 [Worker-3: Building] INFO  o.a.m.s.f.DefaultMavenResourcesFiltering - Copying 1 resource from src\main\resources to target\classes
2025-02-17 02:52:53,796 [Worker-3: Building] INFO  o.a.m.s.f.DefaultMavenResourcesFiltering - Copying 0 resource from src\main\resources to target\classes
2025-02-17 02:52:53,802 [Worker-3: Building] INFO  o.a.m.s.f.DefaultMavenResourcesFiltering - skip non existing resourceDirectory C:\Users\rafaj\OneDrive\Escritorio\Curso Enucom\12.- EXAMENES FINALES\MS-Veterinarias\src\test\resources
2025-02-17 02:55:04,327 [Worker-17: Building] INFO  o.a.m.s.f.DefaultMavenResourcesFiltering - Copying 1 resource from src\main\resources to target\classes
2025-02-17 02:55:04,488 [Worker-17: Building] INFO  o.a.m.s.f.DefaultMavenResourcesFiltering - Copying 0 resource from src\main\resources to target\classes
2025-02-17 02:55:04,506 [Worker-17: Building] INFO  o.a.m.s.f.DefaultMavenResourcesFiltering - skip non existing resourceDirectory C:\Users\rafaj\OneDrive\Escritorio\Curso Enucom\12.- EXAMENES FINALES\MS-Veterinarias\src\test\resources
2025-02-17 02:58:21,263 [Worker-19: Building] INFO  o.a.m.s.f.DefaultMavenResourcesFiltering - Copying 1 resource from src\main\resources to target\classes
2025-02-17 02:58:21,577 [Worker-19: Building] INFO  o.a.m.s.f.DefaultMavenResourcesFiltering - Copying 0 resource from src\main\resources to target\classes
2025-02-17 02:58:21,588 [Worker-19: Building] INFO  o.a.m.s.f.DefaultMavenResourcesFiltering - skip non existing resourceDirectory C:\Users\rafaj\OneDrive\Escritorio\Curso Enucom\12.- EXAMENES FINALES\MS-Veterinarias\src\test\resources
2025-02-17 02:59:00,103 [Worker-12: Building] INFO  o.a.m.s.f.DefaultMavenResourcesFiltering - Copying 1 resource from src\main\resources to target\classes
2025-02-17 02:59:00,137 [Worker-12: Building] INFO  o.a.m.s.f.DefaultMavenResourcesFiltering - Copying 0 resource from src\main\resources to target\classes
2025-02-17 02:59:00,146 [Worker-12: Building] INFO  o.a.m.s.f.DefaultMavenResourcesFiltering - skip non existing resourceDirectory C:\Users\rafaj\OneDrive\Escritorio\Curso Enucom\12.- EXAMENES FINALES\MS-Veterinarias\src\test\resources
2025-02-17 03:03:54,380 [Worker-23: Building] INFO  o.a.m.s.f.DefaultMavenResourcesFiltering - Copying 1 resource from src\main\resources to target\classes
2025-02-17 03:03:54,677 [Worker-23: Building] INFO  o.a.m.s.f.DefaultMavenResourcesFiltering - Copying 0 resource from src\main\resources to target\classes
2025-02-17 03:03:54,691 [Worker-23: Building] INFO  o.a.m.s.f.DefaultMavenResourcesFiltering - skip non existing resourceDirectory C:\Users\rafaj\OneDrive\Escritorio\Curso Enucom\12.- EXAMENES FINALES\MS-Veterinarias\src\test\resources
2025-02-17 03:05:31,563 [Worker-24: Building] INFO  o.a.m.s.f.DefaultMavenResourcesFiltering - Copying 1 resource from src\main\resources to target\classes
2025-02-17 03:05:31,639 [Worker-24: Building] INFO  o.a.m.s.f.DefaultMavenResourcesFiltering - Copying 0 resource from src\main\resources to target\classes
2025-02-17 03:05:31,645 [Worker-24: Building] INFO  o.a.m.s.f.DefaultMavenResourcesFiltering - skip non existing resourceDirectory C:\Users\rafaj\OneDrive\Escritorio\Curso Enucom\12.- EXAMENES FINALES\MS-Veterinarias\src\test\resources
2025-02-17 03:09:47,126 [Worker-24: Building] INFO  o.a.m.s.f.DefaultMavenResourcesFiltering - Copying 1 resource from src\main\resources to target\classes
2025-02-17 03:09:47,453 [Worker-24: Building] INFO  o.a.m.s.f.DefaultMavenResourcesFiltering - Copying 0 resource from src\main\resources to target\classes
2025-02-17 03:09:47,463 [Worker-24: Building] INFO  o.a.m.s.f.DefaultMavenResourcesFiltering - skip non existing resourceDirectory C:\Users\rafaj\OneDrive\Escritorio\Curso Enucom\12.- EXAMENES FINALES\MS-Veterinarias\src\test\resources
2025-02-17 03:11:02,234 [Worker-19: Building] INFO  o.a.m.s.f.DefaultMavenResourcesFiltering - Copying 1 resource from src\main\resources to target\classes
2025-02-17 03:11:02,386 [Worker-19: Building] INFO  o.a.m.s.f.DefaultMavenResourcesFiltering - Copying 0 resource from src\main\resources to target\classes
2025-02-17 03:11:02,398 [Worker-19: Building] INFO  o.a.m.s.f.DefaultMavenResourcesFiltering - skip non existing resourceDirectory C:\Users\rafaj\OneDrive\Escritorio\Curso Enucom\12.- EXAMENES FINALES\MS-Veterinarias\src\test\resources
2025-02-17 03:11:22,957 [Worker-23: Building] INFO  o.a.m.s.f.DefaultMavenResourcesFiltering - Copying 1 resource from src\main\resources to target\classes
2025-02-17 03:11:23,038 [Worker-23: Building] INFO  o.a.m.s.f.DefaultMavenResourcesFiltering - Copying 0 resource from src\main\resources to target\classes
2025-02-17 03:11:23,080 [Worker-23: Building] INFO  o.a.m.s.f.DefaultMavenResourcesFiltering - skip non existing resourceDirectory C:\Users\rafaj\OneDrive\Escritorio\Curso Enucom\12.- EXAMENES FINALES\MS-Veterinarias\src\test\resources
2025-02-17 03:12:24,407 [Worker-23: Building] INFO  o.a.m.s.f.DefaultMavenResourcesFiltering - Copying 1 resource from src\main\resources to target\classes
2025-02-17 03:12:24,514 [Worker-23: Building] INFO  o.a.m.s.f.DefaultMavenResourcesFiltering - Copying 0 resource from src\main\resources to target\classes
2025-02-17 03:12:24,522 [Worker-23: Building] INFO  o.a.m.s.f.DefaultMavenResourcesFiltering - skip non existing resourceDirectory C:\Users\rafaj\OneDrive\Escritorio\Curso Enucom\12.- EXAMENES FINALES\MS-Veterinarias\src\test\resources
2025-02-17 03:12:32,130 [Worker-25: Building] INFO  o.a.m.s.f.DefaultMavenResourcesFiltering - Copying 1 resource from src\main\resources to target\classes
2025-02-17 03:12:32,156 [Worker-25: Building] INFO  o.a.m.s.f.DefaultMavenResourcesFiltering - Copying 0 resource from src\main\resources to target\classes
2025-02-17 03:12:32,166 [Worker-25: Building] INFO  o.a.m.s.f.DefaultMavenResourcesFiltering - skip non existing resourceDirectory C:\Users\rafaj\OneDrive\Escritorio\Curso Enucom\12.- EXAMENES FINALES\MS-Veterinarias\src\test\resources
2025-02-17 03:12:52,421 [Worker-23: Building] INFO  o.a.m.s.f.DefaultMavenResourcesFiltering - Copying 1 resource from src\main\resources to target\classes
2025-02-17 03:12:52,559 [Worker-23: Building] INFO  o.a.m.s.f.DefaultMavenResourcesFiltering - Copying 0 resource from src\main\resources to target\classes
2025-02-17 03:12:52,566 [Worker-23: Building] INFO  o.a.m.s.f.DefaultMavenResourcesFiltering - skip non existing resourceDirectory C:\Users\rafaj\OneDrive\Escritorio\Curso Enucom\12.- EXAMENES FINALES\MS-Veterinarias\src\test\resources
2025-02-17 03:13:48,347 [Worker-22: Building] INFO  o.a.m.s.f.DefaultMavenResourcesFiltering - Copying 1 resource from src\main\resources to target\classes
2025-02-17 03:13:48,468 [Worker-22: Building] INFO  o.a.m.s.f.DefaultMavenResourcesFiltering - Copying 0 resource from src\main\resources to target\classes
2025-02-17 03:13:48,478 [Worker-22: Building] INFO  o.a.m.s.f.DefaultMavenResourcesFiltering - skip non existing resourceDirectory C:\Users\rafaj\OneDrive\Escritorio\Curso Enucom\12.- EXAMENES FINALES\MS-Veterinarias\src\test\resources
2025-02-17 03:14:43,833 [Worker-26: Building] INFO  o.a.m.s.f.DefaultMavenResourcesFiltering - Copying 1 resource from src\main\resources to target\classes
2025-02-17 03:14:43,906 [Worker-26: Building] INFO  o.a.m.s.f.DefaultMavenResourcesFiltering - Copying 0 resource from src\main\resources to target\classes
2025-02-17 03:14:43,912 [Worker-26: Building] INFO  o.a.m.s.f.DefaultMavenResourcesFiltering - skip non existing resourceDirectory C:\Users\rafaj\OneDrive\Escritorio\Curso Enucom\12.- EXAMENES FINALES\MS-Veterinarias\src\test\resources
2025-02-17 03:15:24,782 [Worker-24: Building] INFO  o.a.m.s.f.DefaultMavenResourcesFiltering - Copying 1 resource from src\main\resources to target\classes
2025-02-17 03:15:24,975 [Worker-24: Building] INFO  o.a.m.s.f.DefaultMavenResourcesFiltering - Copying 0 resource from src\main\resources to target\classes
2025-02-17 03:15:24,984 [Worker-24: Building] INFO  o.a.m.s.f.DefaultMavenResourcesFiltering - skip non existing resourceDirectory C:\Users\rafaj\OneDrive\Escritorio\Curso Enucom\12.- EXAMENES FINALES\MS-Veterinarias\src\test\resources
2025-02-17 03:16:01,240 [Worker-26: Building] INFO  o.a.m.s.f.DefaultMavenResourcesFiltering - Copying 1 resource from src\main\resources to target\classes
2025-02-17 03:16:01,283 [Worker-26: Building] INFO  o.a.m.s.f.DefaultMavenResourcesFiltering - Copying 0 resource from src\main\resources to target\classes
2025-02-17 03:16:01,295 [Worker-26: Building] INFO  o.a.m.s.f.DefaultMavenResourcesFiltering - skip non existing resourceDirectory C:\Users\rafaj\OneDrive\Escritorio\Curso Enucom\12.- EXAMENES FINALES\MS-Veterinarias\src\test\resources
2025-02-17 03:16:15,970 [Worker-13: Building] INFO  o.a.m.s.f.DefaultMavenResourcesFiltering - Copying 1 resource from src\main\resources to target\classes
2025-02-17 03:16:16,009 [Worker-13: Building] INFO  o.a.m.s.f.DefaultMavenResourcesFiltering - Copying 0 resource from src\main\resources to target\classes
2025-02-17 03:16:16,021 [Worker-13: Building] INFO  o.a.m.s.f.DefaultMavenResourcesFiltering - skip non existing resourceDirectory C:\Users\rafaj\OneDrive\Escritorio\Curso Enucom\12.- EXAMENES FINALES\MS-Veterinarias\src\test\resources
2025-02-17 03:17:01,175 [Worker-23: Building] INFO  o.a.m.s.f.DefaultMavenResourcesFiltering - Copying 1 resource from src\main\resources to target\classes
2025-02-17 03:17:01,338 [Worker-23: Building] INFO  o.a.m.s.f.DefaultMavenResourcesFiltering - Copying 0 resource from src\main\resources to target\classes
2025-02-17 03:17:01,345 [Worker-23: Building] INFO  o.a.m.s.f.DefaultMavenResourcesFiltering - skip non existing resourceDirectory C:\Users\rafaj\OneDrive\Escritorio\Curso Enucom\12.- EXAMENES FINALES\MS-Veterinarias\src\test\resources
2025-02-17 03:17:36,739 [Worker-25: Building] INFO  o.a.m.s.f.DefaultMavenResourcesFiltering - Copying 1 resource from src\main\resources to target\classes
2025-02-17 03:17:36,877 [Worker-25: Building] INFO  o.a.m.s.f.DefaultMavenResourcesFiltering - Copying 0 resource from src\main\resources to target\classes
2025-02-17 03:17:36,886 [Worker-25: Building] INFO  o.a.m.s.f.DefaultMavenResourcesFiltering - skip non existing resourceDirectory C:\Users\rafaj\OneDrive\Escritorio\Curso Enucom\12.- EXAMENES FINALES\MS-Veterinarias\src\test\resources
2025-02-17 03:17:46,336 [Worker-13: Building] INFO  o.a.m.s.f.DefaultMavenResourcesFiltering - Copying 1 resource from src\main\resources to target\classes
2025-02-17 03:17:46,361 [Worker-13: Building] INFO  o.a.m.s.f.DefaultMavenResourcesFiltering - Copying 0 resource from src\main\resources to target\classes
2025-02-17 03:17:46,369 [Worker-13: Building] INFO  o.a.m.s.f.DefaultMavenResourcesFiltering - skip non existing resourceDirectory C:\Users\rafaj\OneDrive\Escritorio\Curso Enucom\12.- EXAMENES FINALES\MS-Veterinarias\src\test\resources
2025-02-17 03:18:33,565 [Worker-25: Building] INFO  o.a.m.s.f.DefaultMavenResourcesFiltering - Copying 1 resource from src\main\resources to target\classes
2025-02-17 03:18:33,787 [Worker-25: Building] INFO  o.a.m.s.f.DefaultMavenResourcesFiltering - Copying 0 resource from src\main\resources to target\classes
2025-02-17 03:18:33,803 [Worker-25: Building] INFO  o.a.m.s.f.DefaultMavenResourcesFiltering - skip non existing resourceDirectory C:\Users\rafaj\OneDrive\Escritorio\Curso Enucom\12.- EXAMENES FINALES\MS-Veterinarias\src\test\resources
2025-02-17 03:19:39,591 [Worker-23: Building] INFO  o.a.m.s.f.DefaultMavenResourcesFiltering - Copying 1 resource from src\main\resources to target\classes
2025-02-17 03:19:39,634 [Worker-23: Building] INFO  o.a.m.s.f.DefaultMavenResourcesFiltering - Copying 0 resource from src\main\resources to target\classes
2025-02-17 03:19:39,640 [Worker-23: Building] INFO  o.a.m.s.f.DefaultMavenResourcesFiltering - skip non existing resourceDirectory C:\Users\rafaj\OneDrive\Escritorio\Curso Enucom\12.- EXAMENES FINALES\MS-Veterinarias\src\test\resources
2025-02-17 03:20:56,351 [Worker-23: Building] INFO  o.a.m.s.f.DefaultMavenResourcesFiltering - Copying 1 resource from src\main\resources to target\classes
2025-02-17 03:20:56,574 [Worker-23: Building] INFO  o.a.m.s.f.DefaultMavenResourcesFiltering - Copying 0 resource from src\main\resources to target\classes
2025-02-17 03:20:56,584 [Worker-23: Building] INFO  o.a.m.s.f.DefaultMavenResourcesFiltering - skip non existing resourceDirectory C:\Users\rafaj\OneDrive\Escritorio\Curso Enucom\12.- EXAMENES FINALES\MS-Veterinarias\src\test\resources
2025-02-17 03:21:13,294 [Worker-26: Building] INFO  o.a.m.s.f.DefaultMavenResourcesFiltering - Copying 1 resource from src\main\resources to target\classes
2025-02-17 03:21:13,391 [Worker-26: Building] INFO  o.a.m.s.f.DefaultMavenResourcesFiltering - Copying 0 resource from src\main\resources to target\classes
2025-02-17 03:21:13,396 [Worker-26: Building] INFO  o.a.m.s.f.DefaultMavenResourcesFiltering - skip non existing resourceDirectory C:\Users\rafaj\OneDrive\Escritorio\Curso Enucom\12.- EXAMENES FINALES\MS-Veterinarias\src\test\resources
2025-02-17 03:22:20,129 [Worker-23: Building] INFO  o.a.m.s.f.DefaultMavenResourcesFiltering - Copying 1 resource from src\main\resources to target\classes
2025-02-17 03:22:20,245 [Worker-23: Building] INFO  o.a.m.s.f.DefaultMavenResourcesFiltering - Copying 0 resource from src\main\resources to target\classes
2025-02-17 03:22:20,259 [Worker-23: Building] INFO  o.a.m.s.f.DefaultMavenResourcesFiltering - skip non existing resourceDirectory C:\Users\rafaj\OneDrive\Escritorio\Curso Enucom\12.- EXAMENES FINALES\MS-Veterinarias\src\test\resources
2025-02-17 03:23:04,627 [Worker-24: Building] INFO  o.a.m.s.f.DefaultMavenResourcesFiltering - Copying 1 resource from src\main\resources to target\classes
2025-02-17 03:23:04,753 [Worker-24: Building] INFO  o.a.m.s.f.DefaultMavenResourcesFiltering - Copying 0 resource from src\main\resources to target\classes
2025-02-17 03:23:04,759 [Worker-24: Building] INFO  o.a.m.s.f.DefaultMavenResourcesFiltering - skip non existing resourceDirectory C:\Users\rafaj\OneDrive\Escritorio\Curso Enucom\12.- EXAMENES FINALES\MS-Veterinarias\src\test\resources
2025-02-17 03:23:10,669 [Worker-19: Building] INFO  o.a.m.s.f.DefaultMavenResourcesFiltering - Copying 1 resource from src\main\resources to target\classes
2025-02-17 03:23:10,916 [Worker-19: Building] INFO  o.a.m.s.f.DefaultMavenResourcesFiltering - Copying 0 resource from src\main\resources to target\classes
2025-02-17 03:23:10,925 [Worker-19: Building] INFO  o.a.m.s.f.DefaultMavenResourcesFiltering - skip non existing resourceDirectory C:\Users\rafaj\OneDrive\Escritorio\Curso Enucom\12.- EXAMENES FINALES\MS-Veterinarias\src\test\resources
2025-02-17 03:24:02,605 [Worker-24: Building] INFO  o.a.m.s.f.DefaultMavenResourcesFiltering - Copying 1 resource from src\main\resources to target\classes
2025-02-17 03:24:02,774 [Worker-24: Building] INFO  o.a.m.s.f.DefaultMavenResourcesFiltering - Copying 0 resource from src\main\resources to target\classes
2025-02-17 03:24:02,780 [Worker-24: Building] INFO  o.a.m.s.f.DefaultMavenResourcesFiltering - skip non existing resourceDirectory C:\Users\rafaj\OneDrive\Escritorio\Curso Enucom\12.- EXAMENES FINALES\MS-Veterinarias\src\test\resources
2025-02-17 03:24:25,973 [Worker-25: Building] INFO  o.a.m.s.f.DefaultMavenResourcesFiltering - Copying 1 resource from src\main\resources to target\classes
2025-02-17 03:24:26,132 [Worker-25: Building] INFO  o.a.m.s.f.DefaultMavenResourcesFiltering - Copying 0 resource from src\main\resources to target\classes
2025-02-17 03:24:26,140 [Worker-25: Building] INFO  o.a.m.s.f.DefaultMavenResourcesFiltering - skip non existing resourceDirectory C:\Users\rafaj\OneDrive\Escritorio\Curso Enucom\12.- EXAMENES FINALES\MS-Veterinarias\src\test\resources
2025-02-17 11:25:57,412 [Worker-7: Loading available Gradle versions] INFO  o.e.b.c.i.u.g.PublishedGradleVersions - Gradle version information cache is up-to-date. Trying to read.
2025-02-17 13:35:32,983 [Worker-36: Building] INFO  o.a.m.s.f.DefaultMavenResourcesFiltering - Copying 1 resource from src\main\resources to target\classes
2025-02-17 13:35:33,052 [Worker-36: Building] INFO  o.a.m.s.f.DefaultMavenResourcesFiltering - Copying 0 resource from src\main\resources to target\classes
2025-02-17 13:35:33,066 [Worker-36: Building] INFO  o.a.m.s.f.DefaultMavenResourcesFiltering - skip non existing resourceDirectory C:\Users\rafaj\OneDrive\Escritorio\Curso Enucom\12.- EXAMENES FINALES\MS-Veterinarias\src\test\resources
2025-02-17 13:35:44,635 [Worker-35: Building] INFO  o.a.m.s.f.DefaultMavenResourcesFiltering - Copying 1 resource from src\main\resources to target\classes
2025-02-17 13:35:44,652 [Worker-35: Building] INFO  o.a.m.s.f.DefaultMavenResourcesFiltering - Copying 0 resource from src\main\resources to target\classes
2025-02-17 13:35:44,661 [Worker-35: Building] INFO  o.a.m.s.f.DefaultMavenResourcesFiltering - skip non existing resourceDirectory C:\Users\rafaj\OneDrive\Escritorio\Curso Enucom\12.- EXAMENES FINALES\MS-Veterinarias\src\test\resources
2025-02-17 13:37:10,108 [Worker-37: Building] INFO  o.a.m.s.f.DefaultMavenResourcesFiltering - Copying 1 resource from src\main\resources to target\classes
2025-02-17 13:37:10,129 [Worker-37: Building] INFO  o.a.m.s.f.DefaultMavenResourcesFiltering - Copying 0 resource from src\main\resources to target\classes
2025-02-17 13:37:10,133 [Worker-37: Building] INFO  o.a.m.s.f.DefaultMavenResourcesFiltering - skip non existing resourceDirectory C:\Users\rafaj\OneDrive\Escritorio\Curso Enucom\12.- EXAMENES FINALES\MS-Veterinarias\src\test\resources
2025-02-17 13:41:04,151 [Worker-37: Building] INFO  o.a.m.s.f.DefaultMavenResourcesFiltering - Copying 1 resource from src\main\resources to target\classes
2025-02-17 13:41:04,188 [Worker-37: Building] INFO  o.a.m.s.f.DefaultMavenResourcesFiltering - Copying 0 resource from src\main\resources to target\classes
2025-02-17 13:41:04,194 [Worker-37: Building] INFO  o.a.m.s.f.DefaultMavenResourcesFiltering - skip non existing resourceDirectory C:\Users\rafaj\OneDrive\Escritorio\Curso Enucom\12.- EXAMENES FINALES\MS-Clientes\src\test\resources
2025-02-17 13:45:47,237 [Worker-42: Building] INFO  o.a.m.s.f.DefaultMavenResourcesFiltering - Copying 1 resource from src\main\resources to target\classes
2025-02-17 13:45:47,374 [Worker-42: Building] INFO  o.a.m.s.f.DefaultMavenResourcesFiltering - Copying 0 resource from src\main\resources to target\classes
2025-02-17 13:45:47,386 [Worker-42: Building] INFO  o.a.m.s.f.DefaultMavenResourcesFiltering - skip non existing resourceDirectory C:\Users\rafaj\OneDrive\Escritorio\Curso Enucom\12.- EXAMENES FINALES\MS-Veterinarias\src\test\resources
2025-02-17 13:50:27,212 [Worker-35: Building] INFO  o.a.m.s.f.DefaultMavenResourcesFiltering - Copying 1 resource from src\main\resources to target\classes
2025-02-17 13:50:27,257 [Worker-35: Building] INFO  o.a.m.s.f.DefaultMavenResourcesFiltering - Copying 0 resource from src\main\resources to target\classes
2025-02-17 13:50:27,268 [Worker-35: Building] INFO  o.a.m.s.f.DefaultMavenResourcesFiltering - skip non existing resourceDirectory C:\Users\rafaj\OneDrive\Escritorio\Curso Enucom\12.- EXAMENES FINALES\MS-Veterinarias\src\test\resources
2025-02-17 13:50:46,272 [Worker-47: Building] INFO  o.a.m.s.f.DefaultMavenResourcesFiltering - Copying 1 resource from src\main\resources to target\classes
2025-02-17 13:50:46,306 [Worker-47: Building] INFO  o.a.m.s.f.DefaultMavenResourcesFiltering - Copying 0 resource from src\main\resources to target\classes
2025-02-17 13:50:46,326 [Worker-47: Building] INFO  o.a.m.s.f.DefaultMavenResourcesFiltering - skip non existing resourceDirectory C:\Users\rafaj\OneDrive\Escritorio\Curso Enucom\12.- EXAMENES FINALES\MS-Veterinarias\src\test\resources
2025-02-17 13:51:28,042 [Worker-44: Building] INFO  o.a.m.s.f.DefaultMavenResourcesFiltering - Copying 1 resource from src\main\resources to target\classes
2025-02-17 13:51:28,079 [Worker-44: Building] INFO  o.a.m.s.f.DefaultMavenResourcesFiltering - Copying 0 resource from src\main\resources to target\classes
2025-02-17 13:51:28,090 [Worker-44: Building] INFO  o.a.m.s.f.DefaultMavenResourcesFiltering - skip non existing resourceDirectory C:\Users\rafaj\OneDrive\Escritorio\Curso Enucom\12.- EXAMENES FINALES\MS-Veterinarias\src\test\resources
2025-02-17 13:52:42,468 [Worker-45: Building] INFO  o.a.m.s.f.DefaultMavenResourcesFiltering - Copying 1 resource from src\main\resources to target\classes
2025-02-17 13:52:42,523 [Worker-45: Building] INFO  o.a.m.s.f.DefaultMavenResourcesFiltering - Copying 0 resource from src\main\resources to target\classes
2025-02-17 13:52:42,529 [Worker-45: Building] INFO  o.a.m.s.f.DefaultMavenResourcesFiltering - skip non existing resourceDirectory C:\Users\rafaj\OneDrive\Escritorio\Curso Enucom\12.- EXAMENES FINALES\MS-Veterinarias\src\test\resources
2025-02-17 13:55:08,216 [Worker-45: Building] INFO  o.a.m.s.f.DefaultMavenResourcesFiltering - Copying 1 resource from src\main\resources to target\classes
2025-02-17 13:55:08,428 [Worker-45: Building] INFO  o.a.m.s.f.DefaultMavenResourcesFiltering - Copying 0 resource from src\main\resources to target\classes
2025-02-17 13:55:08,433 [Worker-45: Building] INFO  o.a.m.s.f.DefaultMavenResourcesFiltering - skip non existing resourceDirectory C:\Users\rafaj\OneDrive\Escritorio\Curso Enucom\12.- EXAMENES FINALES\MS-Veterinarias\src\test\resources
2025-02-17 13:59:00,998 [Worker-45: Building] INFO  o.a.m.s.f.DefaultMavenResourcesFiltering - Copying 1 resource from src\main\resources to target\classes
2025-02-17 13:59:01,323 [Worker-45: Building] INFO  o.a.m.s.f.DefaultMavenResourcesFiltering - Copying 0 resource from src\main\resources to target\classes
2025-02-17 13:59:01,334 [Worker-45: Building] INFO  o.a.m.s.f.DefaultMavenResourcesFiltering - skip non existing resourceDirectory C:\Users\rafaj\OneDrive\Escritorio\Curso Enucom\12.- EXAMENES FINALES\MS-Responsables\src\test\resources
2025-02-17 13:59:28,678 [Worker-37: Building] INFO  o.a.m.s.f.DefaultMavenResourcesFiltering - Copying 1 resource from src\main\resources to target\classes
2025-02-17 13:59:28,695 [Worker-37: Building] INFO  o.a.m.s.f.DefaultMavenResourcesFiltering - Copying 0 resource from src\main\resources to target\classes
2025-02-17 13:59:28,700 [Worker-37: Building] INFO  o.a.m.s.f.DefaultMavenResourcesFiltering - skip non existing resourceDirectory C:\Users\rafaj\OneDrive\Escritorio\Curso Enucom\12.- EXAMENES FINALES\MS-Responsables\src\test\resources
2025-02-17 13:59:50,463 [Worker-37: Building] INFO  o.a.m.s.f.DefaultMavenResourcesFiltering - Copying 1 resource from src\main\resources to target\classes
2025-02-17 13:59:50,589 [Worker-37: Building] INFO  o.a.m.s.f.DefaultMavenResourcesFiltering - Copying 0 resource from src\main\resources to target\classes
2025-02-17 13:59:50,597 [Worker-37: Building] INFO  o.a.m.s.f.DefaultMavenResourcesFiltering - skip non existing resourceDirectory C:\Users\rafaj\OneDrive\Escritorio\Curso Enucom\12.- EXAMENES FINALES\MS-Responsables\src\test\resources
2025-02-17 14:47:21,404 [Worker-37: Building] INFO  o.a.m.s.f.DefaultMavenResourcesFiltering - Copying 1 resource from src\main\resources to target\classes
2025-02-17 14:47:21,742 [Worker-37: Building] INFO  o.a.m.s.f.DefaultMavenResourcesFiltering - Copying 0 resource from src\main\resources to target\classes
2025-02-17 14:47:21,753 [Worker-37: Building] INFO  o.a.m.s.f.DefaultMavenResourcesFiltering - skip non existing resourceDirectory C:\Users\rafaj\OneDrive\Escritorio\Curso Enucom\12.- EXAMENES FINALES\MS-Responsables\src\test\resources
2025-02-17 14:49:05,821 [Worker-50: Building] INFO  o.a.m.s.f.DefaultMavenResourcesFiltering - Copying 1 resource from src\main\resources to target\classes
2025-02-17 14:49:05,949 [Worker-50: Building] INFO  o.a.m.s.f.DefaultMavenResourcesFiltering - Copying 0 resource from src\main\resources to target\classes
2025-02-17 14:49:05,962 [Worker-50: Building] INFO  o.a.m.s.f.DefaultMavenResourcesFiltering - skip non existing resourceDirectory C:\Users\rafaj\OneDrive\Escritorio\Curso Enucom\12.- EXAMENES FINALES\MS-Veterinarias\src\test\resources
2025-02-17 14:55:37,948 [Worker-45: Building] INFO  o.a.m.s.f.DefaultMavenResourcesFiltering - Copying 1 resource from src\main\resources to target\classes
2025-02-17 14:55:38,195 [Worker-45: Building] INFO  o.a.m.s.f.DefaultMavenResourcesFiltering - Copying 0 resource from src\main\resources to target\classes
2025-02-17 14:55:38,205 [Worker-45: Building] INFO  o.a.m.s.f.DefaultMavenResourcesFiltering - skip non existing resourceDirectory C:\Users\rafaj\OneDrive\Escritorio\Curso Enucom\12.- EXAMENES FINALES\MS-Responsables\src\test\resources
2025-02-17 14:57:22,258 [Worker-53: Building] INFO  o.a.m.s.f.DefaultMavenResourcesFiltering - Copying 1 resource from src\main\resources to target\classes
2025-02-17 14:57:22,440 [Worker-53: Building] INFO  o.a.m.s.f.DefaultMavenResourcesFiltering - Copying 0 resource from src\main\resources to target\classes
2025-02-17 14:57:22,454 [Worker-53: Building] INFO  o.a.m.s.f.DefaultMavenResourcesFiltering - skip non existing resourceDirectory C:\Users\rafaj\OneDrive\Escritorio\Curso Enucom\12.- EXAMENES FINALES\MS-Veterinarias\src\test\resources
2025-02-17 14:58:09,016 [Worker-55: Building] INFO  o.a.m.s.f.DefaultMavenResourcesFiltering - Copying 1 resource from src\main\resources to target\classes
2025-02-17 14:58:09,214 [Worker-55: Building] INFO  o.a.m.s.f.DefaultMavenResourcesFiltering - Copying 0 resource from src\main\resources to target\classes
2025-02-17 14:58:09,225 [Worker-55: Building] INFO  o.a.m.s.f.DefaultMavenResourcesFiltering - skip non existing resourceDirectory C:\Users\rafaj\OneDrive\Escritorio\Curso Enucom\12.- EXAMENES FINALES\MS-Veterinarias\src\test\resources
2025-02-17 15:05:25,035 [Worker-51: Building] INFO  o.a.m.s.f.DefaultMavenResourcesFiltering - Copying 1 resource from src\main\resources to target\classes
2025-02-17 15:05:25,262 [Worker-51: Building] INFO  o.a.m.s.f.DefaultMavenResourcesFiltering - Copying 0 resource from src\main\resources to target\classes
2025-02-17 15:05:25,371 [Worker-51: Building] INFO  o.a.m.s.f.DefaultMavenResourcesFiltering - skip non existing resourceDirectory C:\Users\rafaj\OneDrive\Escritorio\Curso Enucom\12.- EXAMENES FINALES\MS-Veterinarias\src\test\resources
2025-02-17 15:11:50,160 [Worker-56: Building] INFO  o.a.m.s.f.DefaultMavenResourcesFiltering - Copying 1 resource from src\main\resources to target\classes
2025-02-17 15:11:50,378 [Worker-56: Building] INFO  o.a.m.s.f.DefaultMavenResourcesFiltering - Copying 0 resource from src\main\resources to target\classes
2025-02-17 15:11:50,388 [Worker-56: Building] INFO  o.a.m.s.f.DefaultMavenResourcesFiltering - skip non existing resourceDirectory C:\Users\rafaj\OneDrive\Escritorio\Curso Enucom\12.- EXAMENES FINALES\MS-Veterinarias\src\test\resources
2025-02-17 15:14:08,220 [Worker-35: Building] INFO  o.a.m.s.f.DefaultMavenResourcesFiltering - Copying 1 resource from src\main\resources to target\classes
2025-02-17 15:14:08,320 [Worker-35: Building] INFO  o.a.m.s.f.DefaultMavenResourcesFiltering - Copying 0 resource from src\main\resources to target\classes
2025-02-17 15:14:08,325 [Worker-35: Building] INFO  o.a.m.s.f.DefaultMavenResourcesFiltering - skip non existing resourceDirectory C:\Users\rafaj\OneDrive\Escritorio\Curso Enucom\12.- EXAMENES FINALES\MS-Veterinarias\src\test\resources
2025-02-17 15:14:39,092 [Worker-46: Building] INFO  o.a.m.s.f.DefaultMavenResourcesFiltering - Copying 1 resource from src\main\resources to target\classes
2025-02-17 15:14:39,259 [Worker-46: Building] INFO  o.a.m.s.f.DefaultMavenResourcesFiltering - Copying 0 resource from src\main\resources to target\classes
2025-02-17 15:14:39,265 [Worker-46: Building] INFO  o.a.m.s.f.DefaultMavenResourcesFiltering - skip non existing resourceDirectory C:\Users\rafaj\OneDrive\Escritorio\Curso Enucom\12.- EXAMENES FINALES\MS-Veterinarias\src\test\resources
2025-02-17 15:16:09,141 [Worker-35: Building] INFO  o.a.m.s.f.DefaultMavenResourcesFiltering - Copying 1 resource from src\main\resources to target\classes
2025-02-17 15:16:09,226 [Worker-35: Building] INFO  o.a.m.s.f.DefaultMavenResourcesFiltering - Copying 0 resource from src\main\resources to target\classes
2025-02-17 15:16:09,230 [Worker-35: Building] INFO  o.a.m.s.f.DefaultMavenResourcesFiltering - skip non existing resourceDirectory C:\Users\rafaj\OneDrive\Escritorio\Curso Enucom\12.- EXAMENES FINALES\MS-Veterinarias\src\test\resources
2025-02-17 15:16:55,123 [Worker-35: Building] INFO  o.a.m.s.f.DefaultMavenResourcesFiltering - Copying 1 resource from src\main\resources to target\classes
2025-02-17 15:16:55,307 [Worker-35: Building] INFO  o.a.m.s.f.DefaultMavenResourcesFiltering - Copying 0 resource from src\main\resources to target\classes
2025-02-17 15:16:55,318 [Worker-35: Building] INFO  o.a.m.s.f.DefaultMavenResourcesFiltering - skip non existing resourceDirectory C:\Users\rafaj\OneDrive\Escritorio\Curso Enucom\12.- EXAMENES FINALES\MS-Responsables\src\test\resources
2025-02-17 15:17:23,136 [Worker-35: Building] INFO  o.a.m.s.f.DefaultMavenResourcesFiltering - Copying 1 resource from src\main\resources to target\classes
2025-02-17 15:17:23,236 [Worker-35: Building] INFO  o.a.m.s.f.DefaultMavenResourcesFiltering - Copying 0 resource from src\main\resources to target\classes
2025-02-17 15:17:23,251 [Worker-35: Building] INFO  o.a.m.s.f.DefaultMavenResourcesFiltering - skip non existing resourceDirectory C:\Users\rafaj\OneDrive\Escritorio\Curso Enucom\12.- EXAMENES FINALES\MS-Responsables\src\test\resources
2025-02-17 15:19:31,015 [Worker-35: Building] INFO  o.a.m.s.f.DefaultMavenResourcesFiltering - Copying 1 resource from src\main\resources to target\classes
2025-02-17 15:19:31,474 [Worker-35: Building] INFO  o.a.m.s.f.DefaultMavenResourcesFiltering - Copying 0 resource from src\main\resources to target\classes
2025-02-17 15:19:31,497 [Worker-35: Building] INFO  o.a.m.s.f.DefaultMavenResourcesFiltering - skip non existing resourceDirectory C:\Users\rafaj\OneDrive\Escritorio\Curso Enucom\12.- EXAMENES FINALES\MS-Responsables\src\test\resources
2025-02-17 15:21:59,300 [Worker-45: Building] INFO  o.a.m.s.f.DefaultMavenResourcesFiltering - Copying 1 resource from src\main\resources to target\classes
2025-02-17 15:21:59,444 [Worker-45: Building] INFO  o.a.m.s.f.DefaultMavenResourcesFiltering - Copying 0 resource from src\main\resources to target\classes
2025-02-17 15:21:59,451 [Worker-45: Building] INFO  o.a.m.s.f.DefaultMavenResourcesFiltering - skip non existing resourceDirectory C:\Users\rafaj\OneDrive\Escritorio\Curso Enucom\12.- EXAMENES FINALES\MS-Veterinarias\src\test\resources
2025-02-17 15:24:03,628 [Worker-59: Building] INFO  o.a.m.s.f.DefaultMavenResourcesFiltering - Copying 1 resource from src\main\resources to target\classes
2025-02-17 15:24:03,818 [Worker-59: Building] INFO  o.a.m.s.f.DefaultMavenResourcesFiltering - Copying 0 resource from src\main\resources to target\classes
2025-02-17 15:24:03,823 [Worker-59: Building] INFO  o.a.m.s.f.DefaultMavenResourcesFiltering - skip non existing resourceDirectory C:\Users\rafaj\OneDrive\Escritorio\Curso Enucom\12.- EXAMENES FINALES\MS-Responsables\src\test\resources
2025-02-17 15:24:35,009 [Worker-53: Building] INFO  o.a.m.s.f.DefaultMavenResourcesFiltering - Copying 1 resource from src\main\resources to target\classes
2025-02-17 15:24:35,061 [Worker-53: Building] INFO  o.a.m.s.f.DefaultMavenResourcesFiltering - Copying 0 resource from src\main\resources to target\classes
2025-02-17 15:24:35,067 [Worker-53: Building] INFO  o.a.m.s.f.DefaultMavenResourcesFiltering - skip non existing resourceDirectory C:\Users\rafaj\OneDrive\Escritorio\Curso Enucom\12.- EXAMENES FINALES\MS-Responsables\src\test\resources
2025-02-17 15:34:50,461 [Worker-37: Building] INFO  o.a.m.s.f.DefaultMavenResourcesFiltering - Copying 1 resource from src\main\resources to target\classes
2025-02-17 15:34:50,617 [Worker-37: Building] INFO  o.a.m.s.f.DefaultMavenResourcesFiltering - Copying 0 resource from src\main\resources to target\classes
2025-02-17 15:34:50,621 [Worker-37: Building] INFO  o.a.m.s.f.DefaultMavenResourcesFiltering - skip non existing resourceDirectory C:\Users\rafaj\OneDrive\Escritorio\Curso Enucom\12.- EXAMENES FINALES\MS-Veterinarias\src\test\resources
2025-02-17 15:38:14,479 [Worker-55: Building] INFO  o.a.m.s.f.DefaultMavenResourcesFiltering - Copying 1 resource from src\main\resources to target\classes
2025-02-17 15:38:14,724 [Worker-55: Building] INFO  o.a.m.s.f.DefaultMavenResourcesFiltering - Copying 0 resource from src\main\resources to target\classes
2025-02-17 15:38:14,731 [Worker-55: Building] INFO  o.a.m.s.f.DefaultMavenResourcesFiltering - skip non existing resourceDirectory C:\Users\rafaj\OneDrive\Escritorio\Curso Enucom\12.- EXAMENES FINALES\MS-Veterinarias\src\test\resources
2025-02-17 15:40:29,478 [Worker-60: Building] INFO  o.a.m.s.f.DefaultMavenResourcesFiltering - Copying 1 resource from src\main\resources to target\classes
2025-02-17 15:40:29,636 [Worker-60: Building] INFO  o.a.m.s.f.DefaultMavenResourcesFiltering - Copying 0 resource from src\main\resources to target\classes
2025-02-17 15:40:29,650 [Worker-60: Building] INFO  o.a.m.s.f.DefaultMavenResourcesFiltering - skip non existing resourceDirectory C:\Users\rafaj\OneDrive\Escritorio\Curso Enucom\12.- EXAMENES FINALES\MS-Veterinarias\src\test\resources
2025-02-17 15:45:01,782 [Worker-45: Building] INFO  o.a.m.s.f.DefaultMavenResourcesFiltering - Copying 1 resource from src\main\resources to target\classes
2025-02-17 15:45:01,864 [Worker-45: Building] INFO  o.a.m.s.f.DefaultMavenResourcesFiltering - Copying 0 resource from src\main\resources to target\classes
2025-02-17 15:45:01,870 [Worker-45: Building] INFO  o.a.m.s.f.DefaultMavenResourcesFiltering - skip non existing resourceDirectory C:\Users\rafaj\OneDrive\Escritorio\Curso Enucom\12.- EXAMENES FINALES\MS-Responsables\src\test\resources
2025-02-17 15:45:58,497 [Worker-37: Building] INFO  o.a.m.s.f.DefaultMavenResourcesFiltering - Copying 1 resource from src\main\resources to target\classes
2025-02-17 15:45:58,533 [Worker-37: Building] INFO  o.a.m.s.f.DefaultMavenResourcesFiltering - Copying 0 resource from src\main\resources to target\classes
2025-02-17 15:45:58,540 [Worker-37: Building] INFO  o.a.m.s.f.DefaultMavenResourcesFiltering - skip non existing resourceDirectory C:\Users\rafaj\OneDrive\Escritorio\Curso Enucom\12.- EXAMENES FINALES\MS-Veterinarias\src\test\resources
2025-02-17 15:47:05,943 [Worker-50: Building] INFO  o.a.m.s.f.DefaultMavenResourcesFiltering - Copying 1 resource from src\main\resources to target\classes
2025-02-17 15:47:06,047 [Worker-50: Building] INFO  o.a.m.s.f.DefaultMavenResourcesFiltering - Copying 0 resource from src\main\resources to target\classes
2025-02-17 15:47:06,057 [Worker-50: Building] INFO  o.a.m.s.f.DefaultMavenResourcesFiltering - skip non existing resourceDirectory C:\Users\rafaj\OneDrive\Escritorio\Curso Enucom\12.- EXAMENES FINALES\MS-Responsables\src\test\resources
2025-02-17 15:51:46,347 [Worker-56: Building] INFO  o.a.m.s.f.DefaultMavenResourcesFiltering - Copying 1 resource from src\main\resources to target\classes
2025-02-17 15:51:46,496 [Worker-56: Building] INFO  o.a.m.s.f.DefaultMavenResourcesFiltering - Copying 0 resource from src\main\resources to target\classes
2025-02-17 15:51:46,505 [Worker-56: Building] INFO  o.a.m.s.f.DefaultMavenResourcesFiltering - skip non existing resourceDirectory C:\Users\rafaj\OneDrive\Escritorio\Curso Enucom\12.- EXAMENES FINALES\MS-Responsables\src\test\resources
2025-02-17 15:53:12,247 [Worker-65: Building] INFO  o.a.m.s.f.DefaultMavenResourcesFiltering - Copying 1 resource from src\main\resources to target\classes
2025-02-17 15:53:12,315 [Worker-65: Building] INFO  o.a.m.s.f.DefaultMavenResourcesFiltering - Copying 0 resource from src\main\resources to target\classes
2025-02-17 15:53:12,393 [Worker-65: Building] INFO  o.a.m.s.f.DefaultMavenResourcesFiltering - skip non existing resourceDirectory C:\Users\rafaj\OneDrive\Escritorio\Curso Enucom\12.- EXAMENES FINALES\MS-Responsables\src\test\resources
2025-02-17 15:54:19,742 [Worker-51: Building] INFO  o.a.m.s.f.DefaultMavenResourcesFiltering - Copying 1 resource from src\main\resources to target\classes
2025-02-17 15:54:19,806 [Worker-51: Building] INFO  o.a.m.s.f.DefaultMavenResourcesFiltering - Copying 0 resource from src\main\resources to target\classes
2025-02-17 15:54:19,814 [Worker-51: Building] INFO  o.a.m.s.f.DefaultMavenResourcesFiltering - skip non existing resourceDirectory C:\Users\rafaj\OneDrive\Escritorio\Curso Enucom\12.- EXAMENES FINALES\MS-Veterinarias\src\test\resources
2025-02-17 15:56:43,507 [Worker-60: Building] INFO  o.a.m.s.f.DefaultMavenResourcesFiltering - Copying 1 resource from src\main\resources to target\classes
2025-02-17 15:56:43,557 [Worker-60: Building] INFO  o.a.m.s.f.DefaultMavenResourcesFiltering - Copying 0 resource from src\main\resources to target\classes
2025-02-17 15:56:43,564 [Worker-60: Building] INFO  o.a.m.s.f.DefaultMavenResourcesFiltering - skip non existing resourceDirectory C:\Users\rafaj\OneDrive\Escritorio\Curso Enucom\12.- EXAMENES FINALES\MS-Veterinarias\src\test\resources
2025-02-17 15:57:22,578 [Worker-55: Building] INFO  o.a.m.s.f.DefaultMavenResourcesFiltering - Copying 1 resource from src\main\resources to target\classes
2025-02-17 15:57:22,830 [Worker-55: Building] INFO  o.a.m.s.f.DefaultMavenResourcesFiltering - Copying 0 resource from src\main\resources to target\classes
2025-02-17 15:57:22,842 [Worker-55: Building] INFO  o.a.m.s.f.DefaultMavenResourcesFiltering - skip non existing resourceDirectory C:\Users\rafaj\OneDrive\Escritorio\Curso Enucom\12.- EXAMENES FINALES\MS-Responsables\src\test\resources
2025-02-17 15:58:06,461 [Worker-35: Building] INFO  o.a.m.s.f.DefaultMavenResourcesFiltering - Copying 1 resource from src\main\resources to target\classes
2025-02-17 15:58:06,581 [Worker-35: Building] INFO  o.a.m.s.f.DefaultMavenResourcesFiltering - Copying 0 resource from src\main\resources to target\classes
2025-02-17 15:58:06,588 [Worker-35: Building] INFO  o.a.m.s.f.DefaultMavenResourcesFiltering - skip non existing resourceDirectory C:\Users\rafaj\OneDrive\Escritorio\Curso Enucom\12.- EXAMENES FINALES\MS-Responsables\src\test\resources
2025-02-17 15:58:22,298 [Worker-65: Building] INFO  o.a.m.s.f.DefaultMavenResourcesFiltering - Copying 1 resource from src\main\resources to target\classes
2025-02-17 15:58:22,414 [Worker-65: Building] INFO  o.a.m.s.f.DefaultMavenResourcesFiltering - Copying 0 resource from src\main\resources to target\classes
2025-02-17 15:58:22,420 [Worker-65: Building] INFO  o.a.m.s.f.DefaultMavenResourcesFiltering - skip non existing resourceDirectory C:\Users\rafaj\OneDrive\Escritorio\Curso Enucom\12.- EXAMENES FINALES\MS-Responsables\src\test\resources
2025-02-17 15:59:40,446 [Worker-64: Building] INFO  o.a.m.s.f.DefaultMavenResourcesFiltering - Copying 1 resource from src\main\resources to target\classes
2025-02-17 15:59:40,522 [Worker-64: Building] INFO  o.a.m.s.f.DefaultMavenResourcesFiltering - Copying 0 resource from src\main\resources to target\classes
2025-02-17 15:59:40,529 [Worker-64: Building] INFO  o.a.m.s.f.DefaultMavenResourcesFiltering - skip non existing resourceDirectory C:\Users\rafaj\OneDrive\Escritorio\Curso Enucom\12.- EXAMENES FINALES\MS-Responsables\src\test\resources
2025-02-17 16:00:22,906 [Worker-57: Building] INFO  o.a.m.s.f.DefaultMavenResourcesFiltering - Copying 1 resource from src\main\resources to target\classes
2025-02-17 16:00:22,945 [Worker-57: Building] INFO  o.a.m.s.f.DefaultMavenResourcesFiltering - Copying 0 resource from src\main\resources to target\classes
2025-02-17 16:00:22,951 [Worker-57: Building] INFO  o.a.m.s.f.DefaultMavenResourcesFiltering - skip non existing resourceDirectory C:\Users\rafaj\OneDrive\Escritorio\Curso Enucom\12.- EXAMENES FINALES\MS-Responsables\src\test\resources
2025-02-17 16:02:22,074 [Worker-50: Building] INFO  o.a.m.s.f.DefaultMavenResourcesFiltering - Copying 1 resource from src\main\resources to target\classes
2025-02-17 16:02:22,138 [Worker-50: Building] INFO  o.a.m.s.f.DefaultMavenResourcesFiltering - Copying 0 resource from src\main\resources to target\classes
2025-02-17 16:02:22,147 [Worker-50: Building] INFO  o.a.m.s.f.DefaultMavenResourcesFiltering - skip non existing resourceDirectory C:\Users\rafaj\OneDrive\Escritorio\Curso Enucom\12.- EXAMENES FINALES\MS-Veterinarias\src\test\resources
2025-02-17 16:05:00,074 [Worker-56: Building] INFO  o.a.m.s.f.DefaultMavenResourcesFiltering - Copying 1 resource from src\main\resources to target\classes
2025-02-17 16:05:00,196 [Worker-56: Building] INFO  o.a.m.s.f.DefaultMavenResourcesFiltering - Copying 0 resource from src\main\resources to target\classes
2025-02-17 16:05:00,205 [Worker-56: Building] INFO  o.a.m.s.f.DefaultMavenResourcesFiltering - skip non existing resourceDirectory C:\Users\rafaj\OneDrive\Escritorio\Curso Enucom\12.- EXAMENES FINALES\MS-Responsables\src\test\resources
2025-02-17 16:07:47,925 [Worker-58: Building] INFO  o.a.m.s.f.DefaultMavenResourcesFiltering - Copying 1 resource from src\main\resources to target\classes
2025-02-17 16:07:48,034 [Worker-58: Building] INFO  o.a.m.s.f.DefaultMavenResourcesFiltering - Copying 0 resource from src\main\resources to target\classes
2025-02-17 16:07:48,038 [Worker-58: Building] INFO  o.a.m.s.f.DefaultMavenResourcesFiltering - skip non existing resourceDirectory C:\Users\rafaj\OneDrive\Escritorio\Curso Enucom\12.- EXAMENES FINALES\MS-Responsables\src\test\resources
2025-02-17 16:08:38,032 [Worker-63: Building] INFO  o.a.m.s.f.DefaultMavenResourcesFiltering - Copying 1 resource from src\main\resources to target\classes
2025-02-17 16:08:38,070 [Worker-63: Building] INFO  o.a.m.s.f.DefaultMavenResourcesFiltering - Copying 0 resource from src\main\resources to target\classes
2025-02-17 16:08:38,078 [Worker-63: Building] INFO  o.a.m.s.f.DefaultMavenResourcesFiltering - skip non existing resourceDirectory C:\Users\rafaj\OneDrive\Escritorio\Curso Enucom\12.- EXAMENES FINALES\MS-Responsables\src\test\resources
2025-02-17 16:09:34,944 [Worker-55: Building] INFO  o.a.m.s.f.DefaultMavenResourcesFiltering - Copying 1 resource from src\main\resources to target\classes
2025-02-17 16:09:34,992 [Worker-55: Building] INFO  o.a.m.s.f.DefaultMavenResourcesFiltering - Copying 0 resource from src\main\resources to target\classes
2025-02-17 16:09:34,997 [Worker-55: Building] INFO  o.a.m.s.f.DefaultMavenResourcesFiltering - skip non existing resourceDirectory C:\Users\rafaj\OneDrive\Escritorio\Curso Enucom\12.- EXAMENES FINALES\MS-Veterinarias\src\test\resources
2025-02-17 16:11:50,428 [Worker-46: Building] INFO  o.a.m.s.f.DefaultMavenResourcesFiltering - Copying 1 resource from src\main\resources to target\classes
2025-02-17 16:11:50,521 [Worker-46: Building] INFO  o.a.m.s.f.DefaultMavenResourcesFiltering - Copying 0 resource from src\main\resources to target\classes
2025-02-17 16:11:50,532 [Worker-46: Building] INFO  o.a.m.s.f.DefaultMavenResourcesFiltering - skip non existing resourceDirectory C:\Users\rafaj\OneDrive\Escritorio\Curso Enucom\12.- EXAMENES FINALES\MS-Responsables\src\test\resources
2025-02-17 16:19:01,978 [Worker-64: Building] INFO  o.a.m.s.f.DefaultMavenResourcesFiltering - Copying 1 resource from src\main\resources to target\classes
2025-02-17 16:19:02,172 [Worker-64: Building] INFO  o.a.m.s.f.DefaultMavenResourcesFiltering - Copying 0 resource from src\main\resources to target\classes
2025-02-17 16:19:02,178 [Worker-64: Building] INFO  o.a.m.s.f.DefaultMavenResourcesFiltering - skip non existing resourceDirectory C:\Users\rafaj\OneDrive\Escritorio\Curso Enucom\12.- EXAMENES FINALES\MS-Responsables\src\test\resources
2025-02-17 16:22:04,445 [Worker-37: Building] INFO  o.a.m.s.f.DefaultMavenResourcesFiltering - Copying 1 resource from src\main\resources to target\classes
2025-02-17 16:22:04,591 [Worker-37: Building] INFO  o.a.m.s.f.DefaultMavenResourcesFiltering - Copying 0 resource from src\main\resources to target\classes
2025-02-17 16:22:04,598 [Worker-37: Building] INFO  o.a.m.s.f.DefaultMavenResourcesFiltering - skip non existing resourceDirectory C:\Users\rafaj\OneDrive\Escritorio\Curso Enucom\12.- EXAMENES FINALES\MS-Responsables\src\test\resources
2025-02-17 16:22:34,467 [Worker-53: Building] INFO  o.a.m.s.f.DefaultMavenResourcesFiltering - Copying 1 resource from src\main\resources to target\classes
2025-02-17 16:22:34,622 [Worker-53: Building] INFO  o.a.m.s.f.DefaultMavenResourcesFiltering - Copying 0 resource from src\main\resources to target\classes
2025-02-17 16:22:34,625 [Worker-53: Building] INFO  o.a.m.s.f.DefaultMavenResourcesFiltering - skip non existing resourceDirectory C:\Users\rafaj\OneDrive\Escritorio\Curso Enucom\12.- EXAMENES FINALES\MS-Responsables\src\test\resources
2025-02-17 16:23:00,574 [Worker-53: Building] INFO  o.a.m.s.f.DefaultMavenResourcesFiltering - Copying 1 resource from src\main\resources to target\classes
2025-02-17 16:23:00,825 [Worker-53: Building] INFO  o.a.m.s.f.DefaultMavenResourcesFiltering - Copying 0 resource from src\main\resources to target\classes
2025-02-17 16:23:00,833 [Worker-53: Building] INFO  o.a.m.s.f.DefaultMavenResourcesFiltering - skip non existing resourceDirectory C:\Users\rafaj\OneDrive\Escritorio\Curso Enucom\12.- EXAMENES FINALES\MS-Responsables\src\test\resources
2025-02-17 16:24:14,520 [Worker-35: Building] INFO  o.a.m.s.f.DefaultMavenResourcesFiltering - Copying 1 resource from src\main\resources to target\classes
2025-02-17 16:24:14,560 [Worker-35: Building] INFO  o.a.m.s.f.DefaultMavenResourcesFiltering - Copying 0 resource from src\main\resources to target\classes
2025-02-17 16:24:14,564 [Worker-35: Building] INFO  o.a.m.s.f.DefaultMavenResourcesFiltering - skip non existing resourceDirectory C:\Users\rafaj\OneDrive\Escritorio\Curso Enucom\12.- EXAMENES FINALES\MS-Responsables\src\test\resources
2025-02-17 16:25:48,726 [Worker-63: Building] INFO  o.a.m.s.f.DefaultMavenResourcesFiltering - Copying 1 resource from src\main\resources to target\classes
2025-02-17 16:25:48,790 [Worker-63: Building] INFO  o.a.m.s.f.DefaultMavenResourcesFiltering - Copying 0 resource from src\main\resources to target\classes
2025-02-17 16:25:48,796 [Worker-63: Building] INFO  o.a.m.s.f.DefaultMavenResourcesFiltering - skip non existing resourceDirectory C:\Users\rafaj\OneDrive\Escritorio\Curso Enucom\12.- EXAMENES FINALES\MS-Responsables\src\test\resources
2025-02-17 16:26:49,054 [Worker-46: Building] INFO  o.a.m.s.f.DefaultMavenResourcesFiltering - Copying 1 resource from src\main\resources to target\classes
2025-02-17 16:26:50,207 [Worker-46: Building] INFO  o.a.m.s.f.DefaultMavenResourcesFiltering - Copying 0 resource from src\main\resources to target\classes
2025-02-17 16:26:50,215 [Worker-46: Building] INFO  o.a.m.s.f.DefaultMavenResourcesFiltering - skip non existing resourceDirectory C:\Users\rafaj\OneDrive\Escritorio\Curso Enucom\12.- EXAMENES FINALES\MS-Responsables\src\test\resources
2025-02-17 16:27:30,438 [Worker-56: Building] INFO  o.a.m.s.f.DefaultMavenResourcesFiltering - Copying 1 resource from src\main\resources to target\classes
2025-02-17 16:27:30,473 [Worker-56: Building] INFO  o.a.m.s.f.DefaultMavenResourcesFiltering - Copying 0 resource from src\main\resources to target\classes
2025-02-17 16:27:30,481 [Worker-56: Building] INFO  o.a.m.s.f.DefaultMavenResourcesFiltering - skip non existing resourceDirectory C:\Users\rafaj\OneDrive\Escritorio\Curso Enucom\12.- EXAMENES FINALES\MS-Responsables\src\test\resources
2025-02-17 16:33:11,778 [Worker-63: Building] INFO  o.a.m.s.f.DefaultMavenResourcesFiltering - Copying 1 resource from src\main\resources to target\classes
2025-02-17 16:33:11,853 [Worker-63: Building] INFO  o.a.m.s.f.DefaultMavenResourcesFiltering - Copying 0 resource from src\main\resources to target\classes
2025-02-17 16:33:11,859 [Worker-63: Building] INFO  o.a.m.s.f.DefaultMavenResourcesFiltering - skip non existing resourceDirectory C:\Users\rafaj\OneDrive\Escritorio\Curso Enucom\12.- EXAMENES FINALES\MS-Responsables\src\test\resources
2025-02-17 16:33:15,681 [Worker-62: Building] INFO  o.a.m.s.f.DefaultMavenResourcesFiltering - Copying 1 resource from src\main\resources to target\classes
2025-02-17 16:33:15,954 [Worker-62: Building] INFO  o.a.m.s.f.DefaultMavenResourcesFiltering - Copying 0 resource from src\main\resources to target\classes
2025-02-17 16:33:15,959 [Worker-62: Building] INFO  o.a.m.s.f.DefaultMavenResourcesFiltering - skip non existing resourceDirectory C:\Users\rafaj\OneDrive\Escritorio\Curso Enucom\12.- EXAMENES FINALES\MS-Responsables\src\test\resources
2025-02-17 16:35:07,835 [Worker-63: Building] INFO  o.a.m.s.f.DefaultMavenResourcesFiltering - Copying 1 resource from src\main\resources to target\classes
2025-02-17 16:35:08,003 [Worker-63: Building] INFO  o.a.m.s.f.DefaultMavenResourcesFiltering - Copying 0 resource from src\main\resources to target\classes
2025-02-17 16:35:08,013 [Worker-63: Building] INFO  o.a.m.s.f.DefaultMavenResourcesFiltering - skip non existing resourceDirectory C:\Users\rafaj\OneDrive\Escritorio\Curso Enucom\12.- EXAMENES FINALES\MS-Responsables\src\test\resources
2025-02-17 16:38:49,843 [Worker-58: Building] INFO  o.a.m.s.f.DefaultMavenResourcesFiltering - Copying 1 resource from src\main\resources to target\classes
2025-02-17 16:38:50,034 [Worker-58: Building] INFO  o.a.m.s.f.DefaultMavenResourcesFiltering - Copying 0 resource from src\main\resources to target\classes
2025-02-17 16:38:50,042 [Worker-58: Building] INFO  o.a.m.s.f.DefaultMavenResourcesFiltering - skip non existing resourceDirectory C:\Users\rafaj\OneDrive\Escritorio\Curso Enucom\12.- EXAMENES FINALES\MS-Veterinarias\src\test\resources
2025-02-17 16:39:26,580 [Worker-55: Building] INFO  o.a.m.s.f.DefaultMavenResourcesFiltering - Copying 1 resource from src\main\resources to target\classes
2025-02-17 16:39:26,645 [Worker-55: Building] INFO  o.a.m.s.f.DefaultMavenResourcesFiltering - Copying 0 resource from src\main\resources to target\classes
2025-02-17 16:39:26,648 [Worker-55: Building] INFO  o.a.m.s.f.DefaultMavenResourcesFiltering - skip non existing resourceDirectory C:\Users\rafaj\OneDrive\Escritorio\Curso Enucom\12.- EXAMENES FINALES\MS-Veterinarias\src\test\resources
2025-02-17 16:43:28,759 [Worker-62: Building] INFO  o.a.m.s.f.DefaultMavenResourcesFiltering - Copying 1 resource from src\main\resources to target\classes
2025-02-17 16:43:28,924 [Worker-62: Building] INFO  o.a.m.s.f.DefaultMavenResourcesFiltering - Copying 0 resource from src\main\resources to target\classes
2025-02-17 16:43:28,948 [Worker-62: Building] INFO  o.a.m.s.f.DefaultMavenResourcesFiltering - skip non existing resourceDirectory C:\Users\rafaj\OneDrive\Escritorio\Curso Enucom\12.- EXAMENES FINALES\MS-Veterinarias\src\test\resources
2025-02-17 16:52:01,956 [Worker-49: Building] INFO  o.a.m.s.f.DefaultMavenResourcesFiltering - Copying 1 resource from src\main\resources to target\classes
2025-02-17 16:52:02,095 [Worker-49: Building] INFO  o.a.m.s.f.DefaultMavenResourcesFiltering - Copying 0 resource from src\main\resources to target\classes
2025-02-17 16:52:02,103 [Worker-49: Building] INFO  o.a.m.s.f.DefaultMavenResourcesFiltering - skip non existing resourceDirectory C:\Users\rafaj\OneDrive\Escritorio\Curso Enucom\12.- EXAMENES FINALES\MS-Veterinarias\src\test\resources
2025-02-17 16:52:15,611 [Worker-45: Building] INFO  o.a.m.s.f.DefaultMavenResourcesFiltering - Copying 1 resource from src\main\resources to target\classes
2025-02-17 16:52:15,644 [Worker-45: Building] INFO  o.a.m.s.f.DefaultMavenResourcesFiltering - Copying 0 resource from src\main\resources to target\classes
2025-02-17 16:52:15,650 [Worker-45: Building] INFO  o.a.m.s.f.DefaultMavenResourcesFiltering - skip non existing resourceDirectory C:\Users\rafaj\OneDrive\Escritorio\Curso Enucom\12.- EXAMENES FINALES\MS-Veterinarias\src\test\resources
2025-02-17 16:54:36,660 [Worker-45: Building] INFO  o.a.m.s.f.DefaultMavenResourcesFiltering - Copying 1 resource from src\main\resources to target\classes
2025-02-17 16:54:36,947 [Worker-45: Building] INFO  o.a.m.s.f.DefaultMavenResourcesFiltering - Copying 0 resource from src\main\resources to target\classes
2025-02-17 16:54:36,959 [Worker-45: Building] INFO  o.a.m.s.f.DefaultMavenResourcesFiltering - skip non existing resourceDirectory C:\Users\rafaj\OneDrive\Escritorio\Curso Enucom\12.- EXAMENES FINALES\MS-Veterinarias\src\test\resources
2025-02-17 16:57:19,189 [Worker-49: Building] INFO  o.a.m.s.f.DefaultMavenResourcesFiltering - Copying 1 resource from src\main\resources to target\classes
2025-02-17 16:57:19,545 [Worker-49: Building] INFO  o.a.m.s.f.DefaultMavenResourcesFiltering - Copying 0 resource from src\main\resources to target\classes
2025-02-17 16:57:19,550 [Worker-49: Building] INFO  o.a.m.s.f.DefaultMavenResourcesFiltering - skip non existing resourceDirectory C:\Users\rafaj\OneDrive\Escritorio\Curso Enucom\12.- EXAMENES FINALES\MS-Veterinarias\src\test\resources
2025-02-17 16:58:41,989 [Worker-37: Building] INFO  o.a.m.s.f.DefaultMavenResourcesFiltering - Copying 1 resource from src\main\resources to target\classes
2025-02-17 16:58:42,519 [Worker-37: Building] INFO  o.a.m.s.f.DefaultMavenResourcesFiltering - Copying 0 resource from src\main\resources to target\classes
2025-02-17 16:58:42,526 [Worker-37: Building] INFO  o.a.m.s.f.DefaultMavenResourcesFiltering - skip non existing resourceDirectory C:\Users\rafaj\OneDrive\Escritorio\Curso Enucom\12.- EXAMENES FINALES\MS-Veterinarias\src\test\resources
2025-02-17 17:00:21,821 [Worker-49: Building] INFO  o.a.m.s.f.DefaultMavenResourcesFiltering - Copying 1 resource from src\main\resources to target\classes
2025-02-17 17:00:21,860 [Worker-49: Building] INFO  o.a.m.s.f.DefaultMavenResourcesFiltering - Copying 0 resource from src\main\resources to target\classes
2025-02-17 17:00:21,866 [Worker-49: Building] INFO  o.a.m.s.f.DefaultMavenResourcesFiltering - skip non existing resourceDirectory C:\Users\rafaj\OneDrive\Escritorio\Curso Enucom\12.- EXAMENES FINALES\MS-Veterinarias\src\test\resources
2025-02-17 17:01:14,249 [Worker-57: Building] INFO  o.a.m.s.f.DefaultMavenResourcesFiltering - Copying 1 resource from src\main\resources to target\classes
2025-02-17 17:01:14,495 [Worker-57: Building] INFO  o.a.m.s.f.DefaultMavenResourcesFiltering - Copying 0 resource from src\main\resources to target\classes
2025-02-17 17:01:14,502 [Worker-57: Building] INFO  o.a.m.s.f.DefaultMavenResourcesFiltering - skip non existing resourceDirectory C:\Users\rafaj\OneDrive\Escritorio\Curso Enucom\12.- EXAMENES FINALES\MS-Veterinarias\src\test\resources
2025-02-17 17:01:36,945 [Worker-57: Building] INFO  o.a.m.s.f.DefaultMavenResourcesFiltering - Copying 1 resource from src\main\resources to target\classes
2025-02-17 17:01:37,021 [Worker-57: Building] INFO  o.a.m.s.f.DefaultMavenResourcesFiltering - Copying 0 resource from src\main\resources to target\classes
2025-02-17 17:01:37,024 [Worker-57: Building] INFO  o.a.m.s.f.DefaultMavenResourcesFiltering - skip non existing resourceDirectory C:\Users\rafaj\OneDrive\Escritorio\Curso Enucom\12.- EXAMENES FINALES\MS-Veterinarias\src\test\resources
2025-02-17 17:01:44,578 [Worker-57: Building] INFO  o.a.m.s.f.DefaultMavenResourcesFiltering - Copying 1 resource from src\main\resources to target\classes
2025-02-17 17:01:44,725 [Worker-57: Building] INFO  o.a.m.s.f.DefaultMavenResourcesFiltering - Copying 0 resource from src\main\resources to target\classes
2025-02-17 17:01:44,733 [Worker-57: Building] INFO  o.a.m.s.f.DefaultMavenResourcesFiltering - skip non existing resourceDirectory C:\Users\rafaj\OneDrive\Escritorio\Curso Enucom\12.- EXAMENES FINALES\MS-Veterinarias\src\test\resources
2025-02-17 17:02:28,841 [Worker-68: Building] INFO  o.a.m.s.f.DefaultMavenResourcesFiltering - Copying 1 resource from src\main\resources to target\classes
2025-02-17 17:02:30,507 [Worker-68: Building] INFO  o.a.m.s.f.DefaultMavenResourcesFiltering - Copying 0 resource from src\main\resources to target\classes
2025-02-17 17:02:30,555 [Worker-68: Building] INFO  o.a.m.s.f.DefaultMavenResourcesFiltering - skip non existing resourceDirectory C:\Users\rafaj\OneDrive\Escritorio\Curso Enucom\12.- EXAMENES FINALES\MS-Veterinarias\src\test\resources
2025-02-17 17:02:40,570 [Worker-57: Building] INFO  o.a.m.s.f.DefaultMavenResourcesFiltering - Copying 1 resource from src\main\resources to target\classes
2025-02-17 17:02:40,864 [Worker-57: Building] INFO  o.a.m.s.f.DefaultMavenResourcesFiltering - Copying 0 resource from src\main\resources to target\classes
2025-02-17 17:02:40,883 [Worker-57: Building] INFO  o.a.m.s.f.DefaultMavenResourcesFiltering - skip non existing resourceDirectory C:\Users\rafaj\OneDrive\Escritorio\Curso Enucom\12.- EXAMENES FINALES\MS-Veterinarias\src\test\resources
2025-02-17 17:03:38,406 [Worker-67: Building] INFO  o.a.m.s.f.DefaultMavenResourcesFiltering - Copying 1 resource from src\main\resources to target\classes
2025-02-17 17:03:38,519 [Worker-67: Building] INFO  o.a.m.s.f.DefaultMavenResourcesFiltering - Copying 0 resource from src\main\resources to target\classes
2025-02-17 17:03:38,527 [Worker-67: Building] INFO  o.a.m.s.f.DefaultMavenResourcesFiltering - skip non existing resourceDirectory C:\Users\rafaj\OneDrive\Escritorio\Curso Enucom\12.- EXAMENES FINALES\MS-Veterinarias\src\test\resources
2025-02-17 17:03:55,852 [Worker-49: Building] INFO  o.a.m.s.f.DefaultMavenResourcesFiltering - Copying 1 resource from src\main\resources to target\classes
2025-02-17 17:03:56,144 [Worker-49: Building] INFO  o.a.m.s.f.DefaultMavenResourcesFiltering - Copying 0 resource from src\main\resources to target\classes
2025-02-17 17:03:56,153 [Worker-49: Building] INFO  o.a.m.s.f.DefaultMavenResourcesFiltering - skip non existing resourceDirectory C:\Users\rafaj\OneDrive\Escritorio\Curso Enucom\12.- EXAMENES FINALES\MS-Veterinarias\src\test\resources
2025-02-17 17:04:48,824 [Worker-57: Building] INFO  o.a.m.s.f.DefaultMavenResourcesFiltering - Copying 1 resource from src\main\resources to target\classes
2025-02-17 17:04:48,907 [Worker-57: Building] INFO  o.a.m.s.f.DefaultMavenResourcesFiltering - Copying 0 resource from src\main\resources to target\classes
2025-02-17 17:04:48,916 [Worker-57: Building] INFO  o.a.m.s.f.DefaultMavenResourcesFiltering - skip non existing resourceDirectory C:\Users\rafaj\OneDrive\Escritorio\Curso Enucom\12.- EXAMENES FINALES\MS-Veterinarias\src\test\resources
2025-02-17 17:05:15,309 [Worker-37: Building] INFO  o.a.m.s.f.DefaultMavenResourcesFiltering - Copying 1 resource from src\main\resources to target\classes
2025-02-17 17:05:15,600 [Worker-37: Building] INFO  o.a.m.s.f.DefaultMavenResourcesFiltering - Copying 0 resource from src\main\resources to target\classes
2025-02-17 17:05:15,609 [Worker-37: Building] INFO  o.a.m.s.f.DefaultMavenResourcesFiltering - skip non existing resourceDirectory C:\Users\rafaj\OneDrive\Escritorio\Curso Enucom\12.- EXAMENES FINALES\MS-Veterinarias\src\test\resources
2025-02-17 17:05:31,007 [Worker-67: Building] INFO  o.a.m.s.f.DefaultMavenResourcesFiltering - Copying 1 resource from src\main\resources to target\classes
2025-02-17 17:05:31,085 [Worker-67: Building] INFO  o.a.m.s.f.DefaultMavenResourcesFiltering - Copying 0 resource from src\main\resources to target\classes
2025-02-17 17:05:31,094 [Worker-67: Building] INFO  o.a.m.s.f.DefaultMavenResourcesFiltering - skip non existing resourceDirectory C:\Users\rafaj\OneDrive\Escritorio\Curso Enucom\12.- EXAMENES FINALES\MS-Veterinarias\src\test\resources
2025-02-17 17:08:32,411 [Worker-70: Building] INFO  o.a.m.s.f.DefaultMavenResourcesFiltering - Copying 1 resource from src\main\resources to target\classes
2025-02-17 17:08:32,690 [Worker-70: Building] INFO  o.a.m.s.f.DefaultMavenResourcesFiltering - Copying 0 resource from src\main\resources to target\classes
2025-02-17 17:08:32,697 [Worker-70: Building] INFO  o.a.m.s.f.DefaultMavenResourcesFiltering - skip non existing resourceDirectory C:\Users\rafaj\OneDrive\Escritorio\Curso Enucom\12.- EXAMENES FINALES\MS-Veterinarias\src\test\resources
2025-02-17 17:22:35,403 [Worker-75: Building] INFO  o.a.m.s.f.DefaultMavenResourcesFiltering - Copying 1 resource from src\main\resources to target\classes
2025-02-17 17:22:35,816 [Worker-75: Building] INFO  o.a.m.s.f.DefaultMavenResourcesFiltering - Copying 0 resource from src\main\resources to target\classes
2025-02-17 17:22:35,828 [Worker-75: Building] INFO  o.a.m.s.f.DefaultMavenResourcesFiltering - skip non existing resourceDirectory C:\Users\rafaj\OneDrive\Escritorio\Curso Enucom\12.- EXAMENES FINALES\MS-Veterinarias\src\test\resources
2025-02-17 17:22:47,131 [Worker-73: Building] INFO  o.a.m.s.f.DefaultMavenResourcesFiltering - Copying 1 resource from src\main\resources to target\classes
2025-02-17 17:22:47,165 [Worker-73: Building] INFO  o.a.m.s.f.DefaultMavenResourcesFiltering - Copying 0 resource from src\main\resources to target\classes
2025-02-17 17:22:47,175 [Worker-73: Building] INFO  o.a.m.s.f.DefaultMavenResourcesFiltering - skip non existing resourceDirectory C:\Users\rafaj\OneDrive\Escritorio\Curso Enucom\12.- EXAMENES FINALES\MS-Veterinarias\src\test\resources
2025-02-17 20:47:56,522 [Worker-7: Loading available Gradle versions] INFO  o.e.b.c.i.u.g.PublishedGradleVersions - Gradle version information cache is up-to-date. Trying to read.
2025-02-17 20:48:03,174 [Worker-0: Building] INFO  o.a.m.s.f.DefaultMavenResourcesFiltering - Copying 1 resource from src\main\resources to target\classes
2025-02-17 20:48:03,231 [Worker-0: Building] INFO  o.a.m.s.f.DefaultMavenResourcesFiltering - Copying 0 resource from src\main\resources to target\classes
2025-02-17 20:48:03,242 [Worker-0: Building] INFO  o.a.m.s.f.DefaultMavenResourcesFiltering - skip non existing resourceDirectory C:\Users\rafaj\OneDrive\Escritorio\Curso Enucom\12.- EXAMENES FINALES\MICROSERVICIO VETERINARIA\MS-Clientes\src\test\resources
2025-02-17 20:48:05,815 [Worker-0: Building] INFO  o.a.m.s.f.DefaultMavenResourcesFiltering - Copying 1 resource from src\main\resources to target\classes
2025-02-17 20:48:05,819 [Worker-0: Building] INFO  o.a.m.s.f.DefaultMavenResourcesFiltering - Copying 0 resource from src\main\resources to target\classes
2025-02-17 20:48:05,823 [Worker-0: Building] INFO  o.a.m.s.f.DefaultMavenResourcesFiltering - skip non existing resourceDirectory C:\Users\rafaj\OneDrive\Escritorio\Curso Enucom\12.- EXAMENES FINALES\MICROSERVICIO VETERINARIA\MS-Responsables\src\test\resources
2025-02-17 20:48:07,571 [Worker-0: Building] INFO  o.a.m.s.f.DefaultMavenResourcesFiltering - Copying 1 resource from src\main\resources to target\classes
2025-02-17 20:48:07,575 [Worker-0: Building] INFO  o.a.m.s.f.DefaultMavenResourcesFiltering - Copying 0 resource from src\main\resources to target\classes
2025-02-17 20:48:07,580 [Worker-0: Building] INFO  o.a.m.s.f.DefaultMavenResourcesFiltering - skip non existing resourceDirectory C:\Users\rafaj\OneDrive\Escritorio\Curso Enucom\12.- EXAMENES FINALES\MICROSERVICIO VETERINARIA\MS-Veterinarias\src\test\resources
2025-02-17 20:51:58,922 [Worker-3: Building] INFO  o.a.m.s.f.DefaultMavenResourcesFiltering - Copying 1 resource from src\main\resources to target\classes
2025-02-17 20:51:58,942 [Worker-3: Building] INFO  o.a.m.s.f.DefaultMavenResourcesFiltering - Copying 0 resource from src\main\resources to target\classes
2025-02-17 20:51:58,948 [Worker-3: Building] INFO  o.a.m.s.f.DefaultMavenResourcesFiltering - skip non existing resourceDirectory C:\Users\rafaj\OneDrive\Escritorio\Curso Enucom\12.- EXAMENES FINALES\MICROSERVICIO VETERINARIA\MS-ApiGateway\src\test\resources
2025-02-17 20:56:38,629 [Worker-8: Launching MS-ApiGateway - MsApiGatewayApplication] INFO  o.a.m.s.f.DefaultMavenResourcesFiltering - Copying 1 resource from src\main\resources to target\classes
2025-02-17 20:56:38,639 [Worker-8: Launching MS-ApiGateway - MsApiGatewayApplication] INFO  o.a.m.s.f.DefaultMavenResourcesFiltering - Copying 0 resource from src\main\resources to target\classes
2025-02-17 20:56:38,642 [Worker-8: Launching MS-ApiGateway - MsApiGatewayApplication] INFO  o.a.m.s.f.DefaultMavenResourcesFiltering - skip non existing resourceDirectory C:\Users\rafaj\OneDrive\Escritorio\Curso Enucom\12.- EXAMENES FINALES\MICROSERVICIO VETERINARIA\MS-ApiGateway\src\test\resources
2025-02-17 20:56:54,137 [Worker-11: Building] INFO  o.a.m.s.f.DefaultMavenResourcesFiltering - Copying 1 resource from src\main\resources to target\classes
2025-02-17 20:56:54,144 [Worker-11: Building] INFO  o.a.m.s.f.DefaultMavenResourcesFiltering - Copying 0 resource from src\main\resources to target\classes
2025-02-17 20:56:54,147 [Worker-11: Building] INFO  o.a.m.s.f.DefaultMavenResourcesFiltering - skip non existing resourceDirectory C:\Users\rafaj\OneDrive\Escritorio\Curso Enucom\12.- EXAMENES FINALES\MICROSERVICIO VETERINARIA\MS-ApiGateway\src\test\resources
2025-02-17 20:57:05,529 [Worker-15: Building] INFO  o.a.m.s.f.DefaultMavenResourcesFiltering - Copying 1 resource from src\main\resources to target\classes
2025-02-17 20:57:05,537 [Worker-15: Building] INFO  o.a.m.s.f.DefaultMavenResourcesFiltering - Copying 0 resource from src\main\resources to target\classes
2025-02-17 20:57:05,541 [Worker-15: Building] INFO  o.a.m.s.f.DefaultMavenResourcesFiltering - skip non existing resourceDirectory C:\Users\rafaj\OneDrive\Escritorio\Curso Enucom\12.- EXAMENES FINALES\MICROSERVICIO VETERINARIA\MS-ApiGateway\src\test\resources
2025-02-17 20:58:12,712 [Worker-15: Building] INFO  o.a.m.s.f.DefaultMavenResourcesFiltering - Copying 1 resource from src\main\resources to target\classes
2025-02-17 20:58:12,721 [Worker-15: Building] INFO  o.a.m.s.f.DefaultMavenResourcesFiltering - Copying 0 resource from src\main\resources to target\classes
2025-02-17 20:58:12,724 [Worker-15: Building] INFO  o.a.m.s.f.DefaultMavenResourcesFiltering - skip non existing resourceDirectory C:\Users\rafaj\OneDrive\Escritorio\Curso Enucom\12.- EXAMENES FINALES\MICROSERVICIO VETERINARIA\MS-ApiGateway\src\test\resources
2025-02-17 21:00:06,955 [Worker-16: Building] INFO  o.a.m.s.f.DefaultMavenResourcesFiltering - Copying 1 resource from src\main\resources to target\classes
2025-02-17 21:00:06,970 [Worker-16: Building] INFO  o.a.m.s.f.DefaultMavenResourcesFiltering - Copying 0 resource from src\main\resources to target\classes
2025-02-17 21:00:06,976 [Worker-16: Building] INFO  o.a.m.s.f.DefaultMavenResourcesFiltering - skip non existing resourceDirectory C:\Users\rafaj\OneDrive\Escritorio\Curso Enucom\12.- EXAMENES FINALES\MICROSERVICIO VETERINARIA\MS-ApiGateway\src\test\resources
2025-02-17 21:01:01,373 [Worker-7: Loading available Gradle versions] INFO  o.e.b.c.i.u.g.PublishedGradleVersions - Gradle version information cache is up-to-date. Trying to read.
2025-02-17 21:03:43,697 [Worker-5: Loading available Gradle versions] INFO  o.e.b.c.i.u.g.PublishedGradleVersions - Gradle version information cache is up-to-date. Trying to read.
2025-02-17 21:04:22,561 [Worker-9: Launching MS-ApiGateway - MsApiGatewayApplication] INFO  o.a.m.s.f.DefaultMavenResourcesFiltering - Copying 1 resource from src\main\resources to target\classes
2025-02-17 21:04:22,581 [Worker-9: Launching MS-ApiGateway - MsApiGatewayApplication] INFO  o.a.m.s.f.DefaultMavenResourcesFiltering - Copying 0 resource from src\main\resources to target\classes
2025-02-17 21:04:22,587 [Worker-9: Launching MS-ApiGateway - MsApiGatewayApplication] INFO  o.a.m.s.f.DefaultMavenResourcesFiltering - skip non existing resourceDirectory C:\Users\rafaj\OneDrive\Escritorio\Curso Enucom\12.- EXAMENES FINALES\MICROSERVICIO VETERINARIA\MS-ApiGateway\src\test\resources
2025-02-17 21:04:25,178 [Worker-11: Building] INFO  o.a.m.s.f.DefaultMavenResourcesFiltering - Copying 1 resource from src\main\resources to target\classes
2025-02-17 21:04:25,181 [Worker-11: Building] INFO  o.a.m.s.f.DefaultMavenResourcesFiltering - Copying 0 resource from src\main\resources to target\classes
2025-02-17 21:04:25,185 [Worker-11: Building] INFO  o.a.m.s.f.DefaultMavenResourcesFiltering - skip non existing resourceDirectory C:\Users\rafaj\OneDrive\Escritorio\Curso Enucom\12.- EXAMENES FINALES\MICROSERVICIO VETERINARIA\MS-Clientes\src\test\resources
2025-02-17 21:04:26,757 [Worker-11: Building] INFO  o.a.m.s.f.DefaultMavenResourcesFiltering - Copying 1 resource from src\main\resources to target\classes
2025-02-17 21:04:26,761 [Worker-11: Building] INFO  o.a.m.s.f.DefaultMavenResourcesFiltering - Copying 0 resource from src\main\resources to target\classes
2025-02-17 21:04:26,765 [Worker-11: Building] INFO  o.a.m.s.f.DefaultMavenResourcesFiltering - skip non existing resourceDirectory C:\Users\rafaj\OneDrive\Escritorio\Curso Enucom\12.- EXAMENES FINALES\MICROSERVICIO VETERINARIA\MS-Mascotas\src\test\resources
2025-02-17 21:04:28,005 [Worker-11: Building] INFO  o.a.m.s.f.DefaultMavenResourcesFiltering - Copying 1 resource from src\main\resources to target\classes
2025-02-17 21:04:28,008 [Worker-11: Building] INFO  o.a.m.s.f.DefaultMavenResourcesFiltering - Copying 0 resource from src\main\resources to target\classes
2025-02-17 21:04:28,012 [Worker-11: Building] INFO  o.a.m.s.f.DefaultMavenResourcesFiltering - skip non existing resourceDirectory C:\Users\rafaj\OneDrive\Escritorio\Curso Enucom\12.- EXAMENES FINALES\MICROSERVICIO VETERINARIA\MS-Responsables\src\test\resources
2025-02-17 21:04:29,505 [Worker-11: Building] INFO  o.a.m.s.f.DefaultMavenResourcesFiltering - Copying 1 resource from src\main\resources to target\classes
2025-02-17 21:04:29,508 [Worker-11: Building] INFO  o.a.m.s.f.DefaultMavenResourcesFiltering - Copying 0 resource from src\main\resources to target\classes
2025-02-17 21:04:29,511 [Worker-11: Building] INFO  o.a.m.s.f.DefaultMavenResourcesFiltering - skip non existing resourceDirectory C:\Users\rafaj\OneDrive\Escritorio\Curso Enucom\12.- EXAMENES FINALES\MICROSERVICIO VETERINARIA\MS-Veterinarias\src\test\resources
2025-02-17 21:06:48,176 [Worker-8: Building] INFO  o.a.m.s.f.DefaultMavenResourcesFiltering - Copying 1 resource from src\main\resources to target\classes
2025-02-17 21:06:48,195 [Worker-8: Building] INFO  o.a.m.s.f.DefaultMavenResourcesFiltering - Copying 0 resource from src\main\resources to target\classes
2025-02-17 21:06:48,203 [Worker-8: Building] INFO  o.a.m.s.f.DefaultMavenResourcesFiltering - skip non existing resourceDirectory C:\Users\rafaj\OneDrive\Escritorio\Curso Enucom\12.- EXAMENES FINALES\MICROSERVICIO VETERINARIA\MS-ApiGateway\src\test\resources
2025-02-17 21:25:04,858 [Worker-20: Building] INFO  o.a.m.s.f.DefaultMavenResourcesFiltering - Copying 1 resource from src\main\resources to target\classes
2025-02-17 21:25:04,879 [Worker-20: Building] INFO  o.a.m.s.f.DefaultMavenResourcesFiltering - Copying 0 resource from src\main\resources to target\classes
2025-02-17 21:25:04,889 [Worker-20: Building] INFO  o.a.m.s.f.DefaultMavenResourcesFiltering - skip non existing resourceDirectory C:\Users\rafaj\OneDrive\Escritorio\Curso Enucom\12.- EXAMENES FINALES\MICROSERVICIO VETERINARIA\MS-Veterinarias\src\test\resources
2025-02-17 21:29:03,359 [Worker-24: Building] INFO  o.a.m.s.f.DefaultMavenResourcesFiltering - Copying 1 resource from src\main\resources to target\classes
2025-02-17 21:29:03,376 [Worker-24: Building] INFO  o.a.m.s.f.DefaultMavenResourcesFiltering - Copying 0 resource from src\main\resources to target\classes
2025-02-17 21:29:03,386 [Worker-24: Building] INFO  o.a.m.s.f.DefaultMavenResourcesFiltering - skip non existing resourceDirectory C:\Users\rafaj\OneDrive\Escritorio\Curso Enucom\12.- EXAMENES FINALES\MICROSERVICIO VETERINARIA\MS-Veterinarias\src\test\resources
2025-02-17 21:29:30,439 [Worker-19: Building] INFO  o.a.m.s.f.DefaultMavenResourcesFiltering - Copying 1 resource from src\main\resources to target\classes
2025-02-17 21:29:30,452 [Worker-19: Building] INFO  o.a.m.s.f.DefaultMavenResourcesFiltering - Copying 0 resource from src\main\resources to target\classes
2025-02-17 21:29:30,458 [Worker-19: Building] INFO  o.a.m.s.f.DefaultMavenResourcesFiltering - skip non existing resourceDirectory C:\Users\rafaj\OneDrive\Escritorio\Curso Enucom\12.- EXAMENES FINALES\MICROSERVICIO VETERINARIA\MS-Veterinarias\src\test\resources
2025-02-17 21:30:10,737 [Worker-19: Building] INFO  o.a.m.s.f.DefaultMavenResourcesFiltering - Copying 1 resource from src\main\resources to target\classes
2025-02-17 21:30:10,752 [Worker-19: Building] INFO  o.a.m.s.f.DefaultMavenResourcesFiltering - Copying 0 resource from src\main\resources to target\classes
2025-02-17 21:30:10,758 [Worker-19: Building] INFO  o.a.m.s.f.DefaultMavenResourcesFiltering - skip non existing resourceDirectory C:\Users\rafaj\OneDrive\Escritorio\Curso Enucom\12.- EXAMENES FINALES\MICROSERVICIO VETERINARIA\MS-Veterinarias\src\test\resources
2025-02-17 21:30:50,286 [Worker-21: Building] INFO  o.a.m.s.f.DefaultMavenResourcesFiltering - Copying 1 resource from src\main\resources to target\classes
2025-02-17 21:30:50,299 [Worker-21: Building] INFO  o.a.m.s.f.DefaultMavenResourcesFiltering - Copying 0 resource from src\main\resources to target\classes
2025-02-17 21:30:50,307 [Worker-21: Building] INFO  o.a.m.s.f.DefaultMavenResourcesFiltering - skip non existing resourceDirectory C:\Users\rafaj\OneDrive\Escritorio\Curso Enucom\12.- EXAMENES FINALES\MICROSERVICIO VETERINARIA\MS-Veterinarias\src\test\resources
2025-02-17 21:36:01,993 [Worker-19: Building] INFO  o.a.m.s.f.DefaultMavenResourcesFiltering - Copying 1 resource from src\main\resources to target\classes
2025-02-17 21:36:02,006 [Worker-19: Building] INFO  o.a.m.s.f.DefaultMavenResourcesFiltering - Copying 0 resource from src\main\resources to target\classes
2025-02-17 21:36:02,012 [Worker-19: Building] INFO  o.a.m.s.f.DefaultMavenResourcesFiltering - skip non existing resourceDirectory C:\Users\rafaj\OneDrive\Escritorio\Curso Enucom\12.- EXAMENES FINALES\MICROSERVICIO VETERINARIA\MS-Veterinarias\src\test\resources
2025-02-17 21:37:01,178 [Worker-22: Building] INFO  o.a.m.s.f.DefaultMavenResourcesFiltering - Copying 1 resource from src\main\resources to target\classes
2025-02-17 21:37:01,195 [Worker-22: Building] INFO  o.a.m.s.f.DefaultMavenResourcesFiltering - Copying 0 resource from src\main\resources to target\classes
2025-02-17 21:37:01,202 [Worker-22: Building] INFO  o.a.m.s.f.DefaultMavenResourcesFiltering - skip non existing resourceDirectory C:\Users\rafaj\OneDrive\Escritorio\Curso Enucom\12.- EXAMENES FINALES\MICROSERVICIO VETERINARIA\MS-Veterinarias\src\test\resources
2025-02-17 21:37:20,753 [Worker-21: Building] INFO  o.a.m.s.f.DefaultMavenResourcesFiltering - Copying 1 resource from src\main\resources to target\classes
2025-02-17 21:37:20,760 [Worker-21: Building] INFO  o.a.m.s.f.DefaultMavenResourcesFiltering - Copying 0 resource from src\main\resources to target\classes
2025-02-17 21:37:20,765 [Worker-21: Building] INFO  o.a.m.s.f.DefaultMavenResourcesFiltering - skip non existing resourceDirectory C:\Users\rafaj\OneDrive\Escritorio\Curso Enucom\12.- EXAMENES FINALES\MICROSERVICIO VETERINARIA\MS-Veterinarias\src\test\resources
2025-02-17 22:26:03,271 [Worker-30: Building] INFO  o.a.m.s.f.DefaultMavenResourcesFiltering - Copying 1 resource from src\main\resources to target\classes
2025-02-17 22:26:03,285 [Worker-30: Building] INFO  o.a.m.s.f.DefaultMavenResourcesFiltering - Copying 0 resource from src\main\resources to target\classes
2025-02-17 22:26:03,289 [Worker-30: Building] INFO  o.a.m.s.f.DefaultMavenResourcesFiltering - skip non existing resourceDirectory C:\Users\rafaj\OneDrive\Escritorio\Curso Enucom\12.- EXAMENES FINALES\MICROSERVICIO VETERINARIA\MS-Veterinarias\src\test\resources
2025-02-17 23:35:21,572 [Worker-36: Building] INFO  o.a.m.s.f.DefaultMavenResourcesFiltering - Copying 1 resource from src\main\resources to target\classes
2025-02-17 23:35:21,584 [Worker-36: Building] INFO  o.a.m.s.f.DefaultMavenResourcesFiltering - Copying 0 resource from src\main\resources to target\classes
2025-02-17 23:35:21,588 [Worker-36: Building] INFO  o.a.m.s.f.DefaultMavenResourcesFiltering - skip non existing resourceDirectory C:\Users\rafaj\OneDrive\Escritorio\Curso Enucom\12.- EXAMENES FINALES\MICROSERVICIO VETERINARIA\MS-Veterinarias\src\test\resources
2025-02-17 23:37:20,631 [Worker-29: Building] INFO  o.a.m.s.f.DefaultMavenResourcesFiltering - Copying 1 resource from src\main\resources to target\classes
2025-02-17 23:37:20,638 [Worker-29: Building] INFO  o.a.m.s.f.DefaultMavenResourcesFiltering - Copying 0 resource from src\main\resources to target\classes
2025-02-17 23:37:20,641 [Worker-29: Building] INFO  o.a.m.s.f.DefaultMavenResourcesFiltering - skip non existing resourceDirectory C:\Users\rafaj\OneDrive\Escritorio\Curso Enucom\12.- EXAMENES FINALES\MICROSERVICIO VETERINARIA\MS-Veterinarias\src\test\resources
2025-02-17 23:37:34,093 [Worker-34: Building] INFO  o.a.m.s.f.DefaultMavenResourcesFiltering - Copying 1 resource from src\main\resources to target\classes
2025-02-17 23:37:34,098 [Worker-34: Building] INFO  o.a.m.s.f.DefaultMavenResourcesFiltering - Copying 0 resource from src\main\resources to target\classes
2025-02-17 23:37:34,101 [Worker-34: Building] INFO  o.a.m.s.f.DefaultMavenResourcesFiltering - skip non existing resourceDirectory C:\Users\rafaj\OneDrive\Escritorio\Curso Enucom\12.- EXAMENES FINALES\MICROSERVICIO VETERINARIA\MS-Veterinarias\src\test\resources
2025-02-17 23:38:19,546 [Worker-31: Building] INFO  o.a.m.s.f.DefaultMavenResourcesFiltering - Copying 1 resource from src\main\resources to target\classes
2025-02-17 23:38:19,553 [Worker-31: Building] INFO  o.a.m.s.f.DefaultMavenResourcesFiltering - Copying 0 resource from src\main\resources to target\classes
2025-02-17 23:38:19,557 [Worker-31: Building] INFO  o.a.m.s.f.DefaultMavenResourcesFiltering - skip non existing resourceDirectory C:\Users\rafaj\OneDrive\Escritorio\Curso Enucom\12.- EXAMENES FINALES\MICROSERVICIO VETERINARIA\MS-Veterinarias\src\test\resources
2025-02-17 23:39:26,664 [Worker-36: Building] INFO  o.a.m.s.f.DefaultMavenResourcesFiltering - Copying 1 resource from src\main\resources to target\classes
2025-02-17 23:39:26,670 [Worker-36: Building] INFO  o.a.m.s.f.DefaultMavenResourcesFiltering - Copying 0 resource from src\main\resources to target\classes
2025-02-17 23:39:26,674 [Worker-36: Building] INFO  o.a.m.s.f.DefaultMavenResourcesFiltering - skip non existing resourceDirectory C:\Users\rafaj\OneDrive\Escritorio\Curso Enucom\12.- EXAMENES FINALES\MICROSERVICIO VETERINARIA\MS-Veterinarias\src\test\resources
2025-02-17 23:39:31,335 [Worker-37: Building] INFO  o.a.m.s.f.DefaultMavenResourcesFiltering - Copying 1 resource from src\main\resources to target\classes
2025-02-17 23:39:31,341 [Worker-37: Building] INFO  o.a.m.s.f.DefaultMavenResourcesFiltering - Copying 0 resource from src\main\resources to target\classes
2025-02-17 23:39:31,344 [Worker-37: Building] INFO  o.a.m.s.f.DefaultMavenResourcesFiltering - skip non existing resourceDirectory C:\Users\rafaj\OneDrive\Escritorio\Curso Enucom\12.- EXAMENES FINALES\MICROSERVICIO VETERINARIA\MS-Veterinarias\src\test\resources
2025-02-17 23:39:51,936 [Worker-34: Building] INFO  o.a.m.s.f.DefaultMavenResourcesFiltering - Copying 1 resource from src\main\resources to target\classes
2025-02-17 23:39:51,942 [Worker-34: Building] INFO  o.a.m.s.f.DefaultMavenResourcesFiltering - Copying 0 resource from src\main\resources to target\classes
2025-02-17 23:39:51,946 [Worker-34: Building] INFO  o.a.m.s.f.DefaultMavenResourcesFiltering - skip non existing resourceDirectory C:\Users\rafaj\OneDrive\Escritorio\Curso Enucom\12.- EXAMENES FINALES\MICROSERVICIO VETERINARIA\MS-Veterinarias\src\test\resources
2025-02-17 23:40:00,993 [Worker-31: Building] INFO  o.a.m.s.f.DefaultMavenResourcesFiltering - Copying 1 resource from src\main\resources to target\classes
2025-02-17 23:40:01,000 [Worker-31: Building] INFO  o.a.m.s.f.DefaultMavenResourcesFiltering - Copying 0 resource from src\main\resources to target\classes
2025-02-17 23:40:01,003 [Worker-31: Building] INFO  o.a.m.s.f.DefaultMavenResourcesFiltering - skip non existing resourceDirectory C:\Users\rafaj\OneDrive\Escritorio\Curso Enucom\12.- EXAMENES FINALES\MICROSERVICIO VETERINARIA\MS-Veterinarias\src\test\resources
2025-02-17 23:41:23,609 [Worker-29: Building] INFO  o.a.m.s.f.DefaultMavenResourcesFiltering - Copying 1 resource from src\main\resources to target\classes
2025-02-17 23:41:23,616 [Worker-29: Building] INFO  o.a.m.s.f.DefaultMavenResourcesFiltering - Copying 0 resource from src\main\resources to target\classes
2025-02-17 23:41:23,619 [Worker-29: Building] INFO  o.a.m.s.f.DefaultMavenResourcesFiltering - skip non existing resourceDirectory C:\Users\rafaj\OneDrive\Escritorio\Curso Enucom\12.- EXAMENES FINALES\MICROSERVICIO VETERINARIA\MS-Veterinarias\src\test\resources
2025-02-17 23:41:35,384 [Worker-37: Building] INFO  o.a.m.s.f.DefaultMavenResourcesFiltering - Copying 1 resource from src\main\resources to target\classes
2025-02-17 23:41:35,389 [Worker-37: Building] INFO  o.a.m.s.f.DefaultMavenResourcesFiltering - Copying 0 resource from src\main\resources to target\classes
2025-02-17 23:41:35,393 [Worker-37: Building] INFO  o.a.m.s.f.DefaultMavenResourcesFiltering - skip non existing resourceDirectory C:\Users\rafaj\OneDrive\Escritorio\Curso Enucom\12.- EXAMENES FINALES\MICROSERVICIO VETERINARIA\MS-Veterinarias\src\test\resources
2025-02-17 23:42:08,008 [Worker-38: Building] INFO  o.a.m.s.f.DefaultMavenResourcesFiltering - Copying 1 resource from src\main\resources to target\classes
2025-02-17 23:42:08,014 [Worker-38: Building] INFO  o.a.m.s.f.DefaultMavenResourcesFiltering - Copying 0 resource from src\main\resources to target\classes
2025-02-17 23:42:08,017 [Worker-38: Building] INFO  o.a.m.s.f.DefaultMavenResourcesFiltering - skip non existing resourceDirectory C:\Users\rafaj\OneDrive\Escritorio\Curso Enucom\12.- EXAMENES FINALES\MICROSERVICIO VETERINARIA\MS-Veterinarias\src\test\resources
2025-02-17 23:43:10,955 [Worker-37: Building] INFO  o.a.m.s.f.DefaultMavenResourcesFiltering - Copying 1 resource from src\main\resources to target\classes
2025-02-17 23:43:10,963 [Worker-37: Building] INFO  o.a.m.s.f.DefaultMavenResourcesFiltering - Copying 0 resource from src\main\resources to target\classes
2025-02-17 23:43:10,966 [Worker-37: Building] INFO  o.a.m.s.f.DefaultMavenResourcesFiltering - skip non existing resourceDirectory C:\Users\rafaj\OneDrive\Escritorio\Curso Enucom\12.- EXAMENES FINALES\MICROSERVICIO VETERINARIA\MS-Veterinarias\src\test\resources
2025-02-17 23:43:18,372 [Worker-37: Building] INFO  o.a.m.s.f.DefaultMavenResourcesFiltering - Copying 1 resource from src\main\resources to target\classes
2025-02-17 23:43:18,378 [Worker-37: Building] INFO  o.a.m.s.f.DefaultMavenResourcesFiltering - Copying 0 resource from src\main\resources to target\classes
2025-02-17 23:43:18,381 [Worker-37: Building] INFO  o.a.m.s.f.DefaultMavenResourcesFiltering - skip non existing resourceDirectory C:\Users\rafaj\OneDrive\Escritorio\Curso Enucom\12.- EXAMENES FINALES\MICROSERVICIO VETERINARIA\MS-Veterinarias\src\test\resources
2025-02-17 23:43:51,112 [Worker-29: Building] INFO  o.a.m.s.f.DefaultMavenResourcesFiltering - Copying 1 resource from src\main\resources to target\classes
2025-02-17 23:43:51,118 [Worker-29: Building] INFO  o.a.m.s.f.DefaultMavenResourcesFiltering - Copying 0 resource from src\main\resources to target\classes
2025-02-17 23:43:51,122 [Worker-29: Building] INFO  o.a.m.s.f.DefaultMavenResourcesFiltering - skip non existing resourceDirectory C:\Users\rafaj\OneDrive\Escritorio\Curso Enucom\12.- EXAMENES FINALES\MICROSERVICIO VETERINARIA\MS-Veterinarias\src\test\resources
2025-02-17 23:50:42,894 [Worker-40: Building] INFO  o.a.m.s.f.DefaultMavenResourcesFiltering - Copying 1 resource from src\main\resources to target\classes
2025-02-17 23:50:42,912 [Worker-40: Building] INFO  o.a.m.s.f.DefaultMavenResourcesFiltering - Copying 0 resource from src\main\resources to target\classes
2025-02-17 23:50:42,917 [Worker-40: Building] INFO  o.a.m.s.f.DefaultMavenResourcesFiltering - skip non existing resourceDirectory C:\Users\rafaj\OneDrive\Escritorio\Curso Enucom\12.- EXAMENES FINALES\MICROSERVICIO VETERINARIA\MS-Veterinarias\src\test\resources
2025-02-17 23:51:01,518 [Worker-29: Building] INFO  o.a.m.s.f.DefaultMavenResourcesFiltering - Copying 1 resource from src\main\resources to target\classes
2025-02-17 23:51:01,537 [Worker-29: Building] INFO  o.a.m.s.f.DefaultMavenResourcesFiltering - Copying 0 resource from src\main\resources to target\classes
2025-02-17 23:51:01,542 [Worker-29: Building] INFO  o.a.m.s.f.DefaultMavenResourcesFiltering - skip non existing resourceDirectory C:\Users\rafaj\OneDrive\Escritorio\Curso Enucom\12.- EXAMENES FINALES\MICROSERVICIO VETERINARIA\MS-Veterinarias\src\test\resources
2025-02-17 23:51:39,372 [Worker-40: Building] INFO  o.a.m.s.f.DefaultMavenResourcesFiltering - Copying 1 resource from src\main\resources to target\classes
2025-02-17 23:51:39,387 [Worker-40: Building] INFO  o.a.m.s.f.DefaultMavenResourcesFiltering - Copying 0 resource from src\main\resources to target\classes
2025-02-17 23:51:39,393 [Worker-40: Building] INFO  o.a.m.s.f.DefaultMavenResourcesFiltering - skip non existing resourceDirectory C:\Users\rafaj\OneDrive\Escritorio\Curso Enucom\12.- EXAMENES FINALES\MICROSERVICIO VETERINARIA\MS-Veterinarias\src\test\resources
2025-02-17 23:52:06,050 [Worker-36: Building] INFO  o.a.m.s.f.DefaultMavenResourcesFiltering - Copying 1 resource from src\main\resources to target\classes
2025-02-17 23:52:06,059 [Worker-36: Building] INFO  o.a.m.s.f.DefaultMavenResourcesFiltering - Copying 0 resource from src\main\resources to target\classes
2025-02-17 23:52:06,064 [Worker-36: Building] INFO  o.a.m.s.f.DefaultMavenResourcesFiltering - skip non existing resourceDirectory C:\Users\rafaj\OneDrive\Escritorio\Curso Enucom\12.- EXAMENES FINALES\MICROSERVICIO VETERINARIA\MS-Veterinarias\src\test\resources
2025-02-17 23:52:21,343 [Worker-40: Building] INFO  o.a.m.s.f.DefaultMavenResourcesFiltering - Copying 1 resource from src\main\resources to target\classes
2025-02-17 23:52:21,355 [Worker-40: Building] INFO  o.a.m.s.f.DefaultMavenResourcesFiltering - Copying 0 resource from src\main\resources to target\classes
2025-02-17 23:52:21,361 [Worker-40: Building] INFO  o.a.m.s.f.DefaultMavenResourcesFiltering - skip non existing resourceDirectory C:\Users\rafaj\OneDrive\Escritorio\Curso Enucom\12.- EXAMENES FINALES\MICROSERVICIO VETERINARIA\MS-Veterinarias\src\test\resources
2025-02-17 23:52:35,073 [Worker-42: Building] INFO  o.a.m.s.f.DefaultMavenResourcesFiltering - Copying 1 resource from src\main\resources to target\classes
2025-02-17 23:52:35,087 [Worker-42: Building] INFO  o.a.m.s.f.DefaultMavenResourcesFiltering - Copying 0 resource from src\main\resources to target\classes
2025-02-17 23:52:35,092 [Worker-42: Building] INFO  o.a.m.s.f.DefaultMavenResourcesFiltering - skip non existing resourceDirectory C:\Users\rafaj\OneDrive\Escritorio\Curso Enucom\12.- EXAMENES FINALES\MICROSERVICIO VETERINARIA\MS-Veterinarias\src\test\resources
2025-02-17 23:54:11,806 [Worker-43: Building] INFO  o.a.m.s.f.DefaultMavenResourcesFiltering - Copying 1 resource from src\main\resources to target\classes
2025-02-17 23:54:11,817 [Worker-43: Building] INFO  o.a.m.s.f.DefaultMavenResourcesFiltering - Copying 0 resource from src\main\resources to target\classes
2025-02-17 23:54:11,822 [Worker-43: Building] INFO  o.a.m.s.f.DefaultMavenResourcesFiltering - skip non existing resourceDirectory C:\Users\rafaj\OneDrive\Escritorio\Curso Enucom\12.- EXAMENES FINALES\MICROSERVICIO VETERINARIA\MS-Veterinarias\src\test\resources
2025-02-17 23:54:21,258 [Worker-42: Building] INFO  o.a.m.s.f.DefaultMavenResourcesFiltering - Copying 1 resource from src\main\resources to target\classes
2025-02-17 23:54:21,268 [Worker-42: Building] INFO  o.a.m.s.f.DefaultMavenResourcesFiltering - Copying 0 resource from src\main\resources to target\classes
2025-02-17 23:54:21,274 [Worker-42: Building] INFO  o.a.m.s.f.DefaultMavenResourcesFiltering - skip non existing resourceDirectory C:\Users\rafaj\OneDrive\Escritorio\Curso Enucom\12.- EXAMENES FINALES\MICROSERVICIO VETERINARIA\MS-Veterinarias\src\test\resources
2025-02-17 23:54:36,621 [Worker-43: Building] INFO  o.a.m.s.f.DefaultMavenResourcesFiltering - Copying 1 resource from src\main\resources to target\classes
2025-02-17 23:54:36,634 [Worker-43: Building] INFO  o.a.m.s.f.DefaultMavenResourcesFiltering - Copying 0 resource from src\main\resources to target\classes
2025-02-17 23:54:36,639 [Worker-43: Building] INFO  o.a.m.s.f.DefaultMavenResourcesFiltering - skip non existing resourceDirectory C:\Users\rafaj\OneDrive\Escritorio\Curso Enucom\12.- EXAMENES FINALES\MICROSERVICIO VETERINARIA\MS-Veterinarias\src\test\resources
2025-02-17 23:54:47,738 [Worker-42: Building] INFO  o.a.m.s.f.DefaultMavenResourcesFiltering - Copying 1 resource from src\main\resources to target\classes
2025-02-17 23:54:47,749 [Worker-42: Building] INFO  o.a.m.s.f.DefaultMavenResourcesFiltering - Copying 0 resource from src\main\resources to target\classes
2025-02-17 23:54:47,754 [Worker-42: Building] INFO  o.a.m.s.f.DefaultMavenResourcesFiltering - skip non existing resourceDirectory C:\Users\rafaj\OneDrive\Escritorio\Curso Enucom\12.- EXAMENES FINALES\MICROSERVICIO VETERINARIA\MS-Veterinarias\src\test\resources
2025-02-17 23:54:55,952 [Worker-40: Building] INFO  o.a.m.s.f.DefaultMavenResourcesFiltering - Copying 1 resource from src\main\resources to target\classes
2025-02-17 23:54:55,963 [Worker-40: Building] INFO  o.a.m.s.f.DefaultMavenResourcesFiltering - Copying 0 resource from src\main\resources to target\classes
2025-02-17 23:54:55,968 [Worker-40: Building] INFO  o.a.m.s.f.DefaultMavenResourcesFiltering - skip non existing resourceDirectory C:\Users\rafaj\OneDrive\Escritorio\Curso Enucom\12.- EXAMENES FINALES\MICROSERVICIO VETERINARIA\MS-Veterinarias\src\test\resources
2025-02-17 23:55:15,909 [Worker-40: Building] INFO  o.a.m.s.f.DefaultMavenResourcesFiltering - Copying 1 resource from src\main\resources to target\classes
2025-02-17 23:55:15,918 [Worker-40: Building] INFO  o.a.m.s.f.DefaultMavenResourcesFiltering - Copying 0 resource from src\main\resources to target\classes
2025-02-17 23:55:15,923 [Worker-40: Building] INFO  o.a.m.s.f.DefaultMavenResourcesFiltering - skip non existing resourceDirectory C:\Users\rafaj\OneDrive\Escritorio\Curso Enucom\12.- EXAMENES FINALES\MICROSERVICIO VETERINARIA\MS-Veterinarias\src\test\resources
2025-02-17 23:55:43,513 [Worker-36: Building] INFO  o.a.m.s.f.DefaultMavenResourcesFiltering - Copying 1 resource from src\main\resources to target\classes
2025-02-17 23:55:43,520 [Worker-36: Building] INFO  o.a.m.s.f.DefaultMavenResourcesFiltering - Copying 0 resource from src\main\resources to target\classes
2025-02-17 23:55:43,523 [Worker-36: Building] INFO  o.a.m.s.f.DefaultMavenResourcesFiltering - skip non existing resourceDirectory C:\Users\rafaj\OneDrive\Escritorio\Curso Enucom\12.- EXAMENES FINALES\MICROSERVICIO VETERINARIA\MS-Veterinarias\src\test\resources
2025-02-17 23:55:48,904 [Worker-43: Building] INFO  o.a.m.s.f.DefaultMavenResourcesFiltering - Copying 1 resource from src\main\resources to target\classes
2025-02-17 23:55:48,914 [Worker-43: Building] INFO  o.a.m.s.f.DefaultMavenResourcesFiltering - Copying 0 resource from src\main\resources to target\classes
2025-02-17 23:55:48,920 [Worker-43: Building] INFO  o.a.m.s.f.DefaultMavenResourcesFiltering - skip non existing resourceDirectory C:\Users\rafaj\OneDrive\Escritorio\Curso Enucom\12.- EXAMENES FINALES\MICROSERVICIO VETERINARIA\MS-Veterinarias\src\test\resources
2025-02-17 23:56:11,484 [Worker-40: Building] INFO  o.a.m.s.f.DefaultMavenResourcesFiltering - Copying 1 resource from src\main\resources to target\classes
2025-02-17 23:56:11,496 [Worker-40: Building] INFO  o.a.m.s.f.DefaultMavenResourcesFiltering - Copying 0 resource from src\main\resources to target\classes
2025-02-17 23:56:11,501 [Worker-40: Building] INFO  o.a.m.s.f.DefaultMavenResourcesFiltering - skip non existing resourceDirectory C:\Users\rafaj\OneDrive\Escritorio\Curso Enucom\12.- EXAMENES FINALES\MICROSERVICIO VETERINARIA\MS-Veterinarias\src\test\resources
2025-02-17 23:59:08,293 [Worker-40: Building] INFO  o.a.m.s.f.DefaultMavenResourcesFiltering - Copying 1 resource from src\main\resources to target\classes
2025-02-17 23:59:08,312 [Worker-40: Building] INFO  o.a.m.s.f.DefaultMavenResourcesFiltering - Copying 0 resource from src\main\resources to target\classes
2025-02-17 23:59:08,318 [Worker-40: Building] INFO  o.a.m.s.f.DefaultMavenResourcesFiltering - skip non existing resourceDirectory C:\Users\rafaj\OneDrive\Escritorio\Curso Enucom\12.- EXAMENES FINALES\MICROSERVICIO VETERINARIA\MS-Veterinarias\src\test\resources
2025-02-17 23:59:36,580 [Worker-43: Launching MS-Veterinarias - MsVeterinariasApplication] INFO  o.a.m.s.f.DefaultMavenResourcesFiltering - Copying 1 resource from src\main\resources to target\classes
2025-02-17 23:59:36,601 [Worker-43: Launching MS-Veterinarias - MsVeterinariasApplication] INFO  o.a.m.s.f.DefaultMavenResourcesFiltering - Copying 0 resource from src\main\resources to target\classes
2025-02-17 23:59:36,606 [Worker-43: Launching MS-Veterinarias - MsVeterinariasApplication] INFO  o.a.m.s.f.DefaultMavenResourcesFiltering - skip non existing resourceDirectory C:\Users\rafaj\OneDrive\Escritorio\Curso Enucom\12.- EXAMENES FINALES\MICROSERVICIO VETERINARIA\MS-Veterinarias\src\test\resources
2025-02-18 00:02:26,571 [Worker-46: Building] INFO  o.a.m.s.f.DefaultMavenResourcesFiltering - Copying 1 resource from src\main\resources to target\classes
2025-02-18 00:02:26,581 [Worker-46: Building] INFO  o.a.m.s.f.DefaultMavenResourcesFiltering - Copying 0 resource from src\main\resources to target\classes
2025-02-18 00:02:26,586 [Worker-46: Building] INFO  o.a.m.s.f.DefaultMavenResourcesFiltering - skip non existing resourceDirectory C:\Users\rafaj\OneDrive\Escritorio\Curso Enucom\12.- EXAMENES FINALES\MICROSERVICIO VETERINARIA\MS-Mascotas\src\test\resources
2025-02-18 00:02:44,834 [Worker-47: Building] INFO  o.a.m.s.f.DefaultMavenResourcesFiltering - Copying 1 resource from src\main\resources to target\classes
2025-02-18 00:02:44,857 [Worker-47: Building] INFO  o.a.m.s.f.DefaultMavenResourcesFiltering - Copying 0 resource from src\main\resources to target\classes
2025-02-18 00:02:44,865 [Worker-47: Building] INFO  o.a.m.s.f.DefaultMavenResourcesFiltering - skip non existing resourceDirectory C:\Users\rafaj\OneDrive\Escritorio\Curso Enucom\12.- EXAMENES FINALES\MICROSERVICIO VETERINARIA\MS-Mascotas\src\test\resources
2025-02-18 00:08:57,139 [Worker-47: Building] INFO  o.a.m.s.f.DefaultMavenResourcesFiltering - Copying 1 resource from src\main\resources to target\classes
2025-02-18 00:08:57,198 [Worker-47: Building] INFO  o.a.m.s.f.DefaultMavenResourcesFiltering - Copying 0 resource from src\main\resources to target\classes
2025-02-18 00:08:57,203 [Worker-47: Building] INFO  o.a.m.s.f.DefaultMavenResourcesFiltering - skip non existing resourceDirectory C:\Users\rafaj\OneDrive\Escritorio\Curso Enucom\12.- EXAMENES FINALES\MICROSERVICIO VETERINARIA\MS-Clientes\src\test\resources
2025-02-18 00:09:19,573 [Worker-41: Building] INFO  o.a.m.s.f.DefaultMavenResourcesFiltering - Copying 1 resource from src\main\resources to target\classes
2025-02-18 00:09:19,584 [Worker-41: Building] INFO  o.a.m.s.f.DefaultMavenResourcesFiltering - Copying 0 resource from src\main\resources to target\classes
2025-02-18 00:09:19,589 [Worker-41: Building] INFO  o.a.m.s.f.DefaultMavenResourcesFiltering - skip non existing resourceDirectory C:\Users\rafaj\OneDrive\Escritorio\Curso Enucom\12.- EXAMENES FINALES\MICROSERVICIO VETERINARIA\MS-Clientes\src\test\resources
2025-02-18 00:13:02,144 [Worker-40: Building] INFO  o.a.m.s.f.DefaultMavenResourcesFiltering - Copying 1 resource from src\main\resources to target\classes
2025-02-18 00:13:02,162 [Worker-40: Building] INFO  o.a.m.s.f.DefaultMavenResourcesFiltering - Copying 0 resource from src\main\resources to target\classes
2025-02-18 00:13:02,165 [Worker-40: Building] INFO  o.a.m.s.f.DefaultMavenResourcesFiltering - skip non existing resourceDirectory C:\Users\rafaj\OneDrive\Escritorio\Curso Enucom\12.- EXAMENES FINALES\MICROSERVICIO VETERINARIA\MS-Clientes\src\test\resources
2025-02-18 00:13:12,779 [Worker-41: Building] INFO  o.a.m.s.f.DefaultMavenResourcesFiltering - Copying 1 resource from src\main\resources to target\classes
2025-02-18 00:13:12,792 [Worker-41: Building] INFO  o.a.m.s.f.DefaultMavenResourcesFiltering - Copying 0 resource from src\main\resources to target\classes
2025-02-18 00:13:12,798 [Worker-41: Building] INFO  o.a.m.s.f.DefaultMavenResourcesFiltering - skip non existing resourceDirectory C:\Users\rafaj\OneDrive\Escritorio\Curso Enucom\12.- EXAMENES FINALES\MICROSERVICIO VETERINARIA\MS-Clientes\src\test\resources
2025-02-18 00:13:26,017 [Worker-48: Building] INFO  o.a.m.s.f.DefaultMavenResourcesFiltering - Copying 1 resource from src\main\resources to target\classes
2025-02-18 00:13:26,028 [Worker-48: Building] INFO  o.a.m.s.f.DefaultMavenResourcesFiltering - Copying 0 resource from src\main\resources to target\classes
2025-02-18 00:13:26,031 [Worker-48: Building] INFO  o.a.m.s.f.DefaultMavenResourcesFiltering - skip non existing resourceDirectory C:\Users\rafaj\OneDrive\Escritorio\Curso Enucom\12.- EXAMENES FINALES\MICROSERVICIO VETERINARIA\MS-Clientes\src\test\resources
2025-02-18 00:14:06,965 [Worker-29: Building] INFO  o.a.m.s.f.DefaultMavenResourcesFiltering - Copying 1 resource from src\main\resources to target\classes
2025-02-18 00:14:06,981 [Worker-29: Building] INFO  o.a.m.s.f.DefaultMavenResourcesFiltering - Copying 0 resource from src\main\resources to target\classes
2025-02-18 00:14:06,987 [Worker-29: Building] INFO  o.a.m.s.f.DefaultMavenResourcesFiltering - skip non existing resourceDirectory C:\Users\rafaj\OneDrive\Escritorio\Curso Enucom\12.- EXAMENES FINALES\MICROSERVICIO VETERINARIA\MS-Veterinarias\src\test\resources
2025-02-18 00:14:17,703 [Worker-47: Building] INFO  o.a.m.s.f.DefaultMavenResourcesFiltering - Copying 1 resource from src\main\resources to target\classes
2025-02-18 00:14:17,717 [Worker-47: Building] INFO  o.a.m.s.f.DefaultMavenResourcesFiltering - Copying 0 resource from src\main\resources to target\classes
2025-02-18 00:14:17,723 [Worker-47: Building] INFO  o.a.m.s.f.DefaultMavenResourcesFiltering - skip non existing resourceDirectory C:\Users\rafaj\OneDrive\Escritorio\Curso Enucom\12.- EXAMENES FINALES\MICROSERVICIO VETERINARIA\MS-Veterinarias\src\test\resources
2025-02-18 00:14:25,392 [Worker-41: Building] INFO  o.a.m.s.f.DefaultMavenResourcesFiltering - Copying 1 resource from src\main\resources to target\classes
2025-02-18 00:14:25,403 [Worker-41: Building] INFO  o.a.m.s.f.DefaultMavenResourcesFiltering - Copying 0 resource from src\main\resources to target\classes
2025-02-18 00:14:25,407 [Worker-41: Building] INFO  o.a.m.s.f.DefaultMavenResourcesFiltering - skip non existing resourceDirectory C:\Users\rafaj\OneDrive\Escritorio\Curso Enucom\12.- EXAMENES FINALES\MICROSERVICIO VETERINARIA\MS-Veterinarias\src\test\resources
2025-02-18 00:26:05,688 [Worker-29: Building] INFO  o.a.m.s.f.DefaultMavenResourcesFiltering - Copying 1 resource from src\main\resources to target\classes
2025-02-18 00:26:05,771 [Worker-29: Building] INFO  o.a.m.s.f.DefaultMavenResourcesFiltering - Copying 0 resource from src\main\resources to target\classes
2025-02-18 00:26:05,777 [Worker-29: Building] INFO  o.a.m.s.f.DefaultMavenResourcesFiltering - skip non existing resourceDirectory C:\Users\rafaj\OneDrive\Escritorio\Curso Enucom\12.- EXAMENES FINALES\MICROSERVICIO VETERINARIA\MS-Veterinarias\src\test\resources
2025-02-18 00:26:55,069 [Worker-52: Building] INFO  o.a.m.s.f.DefaultMavenResourcesFiltering - Copying 1 resource from src\main\resources to target\classes
2025-02-18 00:26:55,103 [Worker-52: Building] INFO  o.a.m.s.f.DefaultMavenResourcesFiltering - Copying 0 resource from src\main\resources to target\classes
2025-02-18 00:26:55,108 [Worker-52: Building] INFO  o.a.m.s.f.DefaultMavenResourcesFiltering - skip non existing resourceDirectory C:\Users\rafaj\OneDrive\Escritorio\Curso Enucom\12.- EXAMENES FINALES\MICROSERVICIO VETERINARIA\MS-Veterinarias\src\test\resources
2025-02-18 00:27:01,717 [Worker-47: Building] INFO  o.a.m.s.f.DefaultMavenResourcesFiltering - Copying 1 resource from src\main\resources to target\classes
2025-02-18 00:27:01,777 [Worker-47: Building] INFO  o.a.m.s.f.DefaultMavenResourcesFiltering - Copying 0 resource from src\main\resources to target\classes
2025-02-18 00:27:01,780 [Worker-47: Building] INFO  o.a.m.s.f.DefaultMavenResourcesFiltering - skip non existing resourceDirectory C:\Users\rafaj\OneDrive\Escritorio\Curso Enucom\12.- EXAMENES FINALES\MICROSERVICIO VETERINARIA\MS-Veterinarias\src\test\resources
2025-02-18 00:27:42,086 [Worker-46: Building] INFO  o.a.m.s.f.DefaultMavenResourcesFiltering - Copying 1 resource from src\main\resources to target\classes
2025-02-18 00:27:42,102 [Worker-46: Building] INFO  o.a.m.s.f.DefaultMavenResourcesFiltering - Copying 0 resource from src\main\resources to target\classes
2025-02-18 00:27:42,107 [Worker-46: Building] INFO  o.a.m.s.f.DefaultMavenResourcesFiltering - skip non existing resourceDirectory C:\Users\rafaj\OneDrive\Escritorio\Curso Enucom\12.- EXAMENES FINALES\MICROSERVICIO VETERINARIA\MS-Mascotas\src\test\resources
2025-02-18 00:28:48,036 [Worker-49: Building] INFO  o.a.m.s.f.DefaultMavenResourcesFiltering - Copying 1 resource from src\main\resources to target\classes
2025-02-18 00:28:48,053 [Worker-49: Building] INFO  o.a.m.s.f.DefaultMavenResourcesFiltering - Copying 0 resource from src\main\resources to target\classes
2025-02-18 00:28:48,058 [Worker-49: Building] INFO  o.a.m.s.f.DefaultMavenResourcesFiltering - skip non existing resourceDirectory C:\Users\rafaj\OneDrive\Escritorio\Curso Enucom\12.- EXAMENES FINALES\MICROSERVICIO VETERINARIA\MS-Mascotas\src\test\resources
2025-02-18 00:32:09,060 [Worker-40: Building] INFO  o.a.m.s.f.DefaultMavenResourcesFiltering - Copying 1 resource from src\main\resources to target\classes
2025-02-18 00:32:09,068 [Worker-40: Building] INFO  o.a.m.s.f.DefaultMavenResourcesFiltering - Copying 0 resource from src\main\resources to target\classes
2025-02-18 00:32:09,072 [Worker-40: Building] INFO  o.a.m.s.f.DefaultMavenResourcesFiltering - skip non existing resourceDirectory C:\Users\rafaj\OneDrive\Escritorio\Curso Enucom\12.- EXAMENES FINALES\MICROSERVICIO VETERINARIA\MS-Veterinarias\src\test\resources
2025-02-18 00:32:16,274 [Worker-52: Building] INFO  o.a.m.s.f.DefaultMavenResourcesFiltering - Copying 1 resource from src\main\resources to target\classes
2025-02-18 00:32:16,300 [Worker-52: Building] INFO  o.a.m.s.f.DefaultMavenResourcesFiltering - Copying 0 resource from src\main\resources to target\classes
2025-02-18 00:32:16,304 [Worker-52: Building] INFO  o.a.m.s.f.DefaultMavenResourcesFiltering - skip non existing resourceDirectory C:\Users\rafaj\OneDrive\Escritorio\Curso Enucom\12.- EXAMENES FINALES\MICROSERVICIO VETERINARIA\MS-Veterinarias\src\test\resources
2025-02-18 00:32:17,421 [Worker-46: Building] INFO  o.a.m.s.f.DefaultMavenResourcesFiltering - Copying 1 resource from src\main\resources to target\classes
2025-02-18 00:32:17,429 [Worker-46: Building] INFO  o.a.m.s.f.DefaultMavenResourcesFiltering - Copying 0 resource from src\main\resources to target\classes
2025-02-18 00:32:17,434 [Worker-46: Building] INFO  o.a.m.s.f.DefaultMavenResourcesFiltering - skip non existing resourceDirectory C:\Users\rafaj\OneDrive\Escritorio\Curso Enucom\12.- EXAMENES FINALES\MICROSERVICIO VETERINARIA\MS-Veterinarias\src\test\resources
2025-02-18 00:43:13,061 [Worker-52: Building] INFO  o.a.m.s.f.DefaultMavenResourcesFiltering - Copying 1 resource from src\main\resources to target\classes
2025-02-18 00:43:13,120 [Worker-52: Building] INFO  o.a.m.s.f.DefaultMavenResourcesFiltering - Copying 0 resource from src\main\resources to target\classes
2025-02-18 00:43:13,125 [Worker-52: Building] INFO  o.a.m.s.f.DefaultMavenResourcesFiltering - skip non existing resourceDirectory C:\Users\rafaj\OneDrive\Escritorio\Curso Enucom\12.- EXAMENES FINALES\MICROSERVICIO VETERINARIA\MS-Clientes\src\test\resources
2025-02-18 00:43:36,711 [Worker-47: Building] INFO  o.a.m.s.f.DefaultMavenResourcesFiltering - Copying 1 resource from src\main\resources to target\classes
2025-02-18 00:43:36,759 [Worker-47: Building] INFO  o.a.m.s.f.DefaultMavenResourcesFiltering - Copying 0 resource from src\main\resources to target\classes
2025-02-18 00:43:36,766 [Worker-47: Building] INFO  o.a.m.s.f.DefaultMavenResourcesFiltering - skip non existing resourceDirectory C:\Users\rafaj\OneDrive\Escritorio\Curso Enucom\12.- EXAMENES FINALES\MICROSERVICIO VETERINARIA\MS-Clientes\src\test\resources
2025-02-18 00:43:50,376 [Worker-40: Building] INFO  o.a.m.s.f.DefaultMavenResourcesFiltering - Copying 1 resource from src\main\resources to target\classes
2025-02-18 00:43:50,389 [Worker-40: Building] INFO  o.a.m.s.f.DefaultMavenResourcesFiltering - Copying 0 resource from src\main\resources to target\classes
2025-02-18 00:43:50,395 [Worker-40: Building] INFO  o.a.m.s.f.DefaultMavenResourcesFiltering - skip non existing resourceDirectory C:\Users\rafaj\OneDrive\Escritorio\Curso Enucom\12.- EXAMENES FINALES\MICROSERVICIO VETERINARIA\MS-Clientes\src\test\resources
2025-02-18 00:50:49,271 [Worker-49: Building] INFO  o.a.m.s.f.DefaultMavenResourcesFiltering - Copying 1 resource from src\main\resources to target\classes
2025-02-18 00:50:49,323 [Worker-49: Building] INFO  o.a.m.s.f.DefaultMavenResourcesFiltering - Copying 0 resource from src\main\resources to target\classes
2025-02-18 00:50:49,327 [Worker-49: Building] INFO  o.a.m.s.f.DefaultMavenResourcesFiltering - skip non existing resourceDirectory C:\Users\rafaj\OneDrive\Escritorio\Curso Enucom\12.- EXAMENES FINALES\MICROSERVICIO VETERINARIA\MS-Veterinarias\src\test\resources
2025-02-18 00:52:36,652 [Worker-41: Building] INFO  o.a.m.s.f.DefaultMavenResourcesFiltering - Copying 1 resource from src\main\resources to target\classes
2025-02-18 00:52:36,687 [Worker-41: Building] INFO  o.a.m.s.f.DefaultMavenResourcesFiltering - Copying 0 resource from src\main\resources to target\classes
2025-02-18 00:52:36,693 [Worker-41: Building] INFO  o.a.m.s.f.DefaultMavenResourcesFiltering - skip non existing resourceDirectory C:\Users\rafaj\OneDrive\Escritorio\Curso Enucom\12.- EXAMENES FINALES\MICROSERVICIO VETERINARIA\MS-Veterinarias\src\test\resources
2025-02-18 01:00:18,510 [Worker-47: Building] INFO  o.a.m.s.f.DefaultMavenResourcesFiltering - Copying 1 resource from src\main\resources to target\classes
2025-02-18 01:00:18,532 [Worker-47: Building] INFO  o.a.m.s.f.DefaultMavenResourcesFiltering - Copying 0 resource from src\main\resources to target\classes
2025-02-18 01:00:18,536 [Worker-47: Building] INFO  o.a.m.s.f.DefaultMavenResourcesFiltering - skip non existing resourceDirectory C:\Users\rafaj\OneDrive\Escritorio\Curso Enucom\12.- EXAMENES FINALES\MICROSERVICIO VETERINARIA\MS-Veterinarias\src\test\resources
2025-02-18 01:11:03,006 [Worker-50: Building] INFO  o.a.m.s.f.DefaultMavenResourcesFiltering - Copying 1 resource from src\main\resources to target\classes
2025-02-18 01:11:03,133 [Worker-50: Building] INFO  o.a.m.s.f.DefaultMavenResourcesFiltering - Copying 0 resource from src\main\resources to target\classes
2025-02-18 01:11:03,139 [Worker-50: Building] INFO  o.a.m.s.f.DefaultMavenResourcesFiltering - skip non existing resourceDirectory C:\Users\rafaj\OneDrive\Escritorio\Curso Enucom\12.- EXAMENES FINALES\MICROSERVICIO VETERINARIA\MS-Veterinarias\src\test\resources
2025-02-18 01:11:12,626 [Worker-49: Building] INFO  o.a.m.s.f.DefaultMavenResourcesFiltering - Copying 1 resource from src\main\resources to target\classes
2025-02-18 01:11:12,682 [Worker-49: Building] INFO  o.a.m.s.f.DefaultMavenResourcesFiltering - Copying 0 resource from src\main\resources to target\classes
2025-02-18 01:11:12,688 [Worker-49: Building] INFO  o.a.m.s.f.DefaultMavenResourcesFiltering - skip non existing resourceDirectory C:\Users\rafaj\OneDrive\Escritorio\Curso Enucom\12.- EXAMENES FINALES\MICROSERVICIO VETERINARIA\MS-Veterinarias\src\test\resources
2025-02-18 01:12:16,064 [Worker-47: Building] INFO  o.a.m.s.f.DefaultMavenResourcesFiltering - Copying 1 resource from src\main\resources to target\classes
2025-02-18 01:12:16,073 [Worker-47: Building] INFO  o.a.m.s.f.DefaultMavenResourcesFiltering - Copying 0 resource from src\main\resources to target\classes
2025-02-18 01:12:16,078 [Worker-47: Building] INFO  o.a.m.s.f.DefaultMavenResourcesFiltering - skip non existing resourceDirectory C:\Users\rafaj\OneDrive\Escritorio\Curso Enucom\12.- EXAMENES FINALES\MICROSERVICIO VETERINARIA\MS-Responsables\src\test\resources
2025-02-18 01:12:48,437 [Worker-52: Building] INFO  o.a.m.s.f.DefaultMavenResourcesFiltering - Copying 1 resource from src\main\resources to target\classes
2025-02-18 01:12:48,455 [Worker-52: Building] INFO  o.a.m.s.f.DefaultMavenResourcesFiltering - Copying 0 resource from src\main\resources to target\classes
2025-02-18 01:12:48,460 [Worker-52: Building] INFO  o.a.m.s.f.DefaultMavenResourcesFiltering - skip non existing resourceDirectory C:\Users\rafaj\OneDrive\Escritorio\Curso Enucom\12.- EXAMENES FINALES\MICROSERVICIO VETERINARIA\MS-Mascotas\src\test\resources
2025-02-18 01:13:07,051 [Worker-52: Building] INFO  o.a.m.s.f.DefaultMavenResourcesFiltering - Copying 1 resource from src\main\resources to target\classes
2025-02-18 01:13:07,070 [Worker-52: Building] INFO  o.a.m.s.f.DefaultMavenResourcesFiltering - Copying 0 resource from src\main\resources to target\classes
2025-02-18 01:13:07,075 [Worker-52: Building] INFO  o.a.m.s.f.DefaultMavenResourcesFiltering - skip non existing resourceDirectory C:\Users\rafaj\OneDrive\Escritorio\Curso Enucom\12.- EXAMENES FINALES\MICROSERVICIO VETERINARIA\MS-Veterinarias\src\test\resources
2025-02-18 01:14:02,040 [Worker-50: Building] INFO  o.a.m.s.f.DefaultMavenResourcesFiltering - Copying 1 resource from src\main\resources to target\classes
2025-02-18 01:14:02,069 [Worker-50: Building] INFO  o.a.m.s.f.DefaultMavenResourcesFiltering - Copying 0 resource from src\main\resources to target\classes
2025-02-18 01:14:02,073 [Worker-50: Building] INFO  o.a.m.s.f.DefaultMavenResourcesFiltering - skip non existing resourceDirectory C:\Users\rafaj\OneDrive\Escritorio\Curso Enucom\12.- EXAMENES FINALES\MICROSERVICIO VETERINARIA\MS-Veterinarias\src\test\resources
2025-02-18 01:15:53,716 [Worker-29: Building] INFO  o.a.m.s.f.DefaultMavenResourcesFiltering - Copying 1 resource from src\main\resources to target\classes
2025-02-18 01:15:53,731 [Worker-29: Building] INFO  o.a.m.s.f.DefaultMavenResourcesFiltering - Copying 0 resource from src\main\resources to target\classes
2025-02-18 01:15:53,734 [Worker-29: Building] INFO  o.a.m.s.f.DefaultMavenResourcesFiltering - skip non existing resourceDirectory C:\Users\rafaj\OneDrive\Escritorio\Curso Enucom\12.- EXAMENES FINALES\MICROSERVICIO VETERINARIA\MS-Veterinarias\src\test\resources
2025-02-18 01:16:31,125 [Worker-46: Building] INFO  o.a.m.s.f.DefaultMavenResourcesFiltering - Copying 1 resource from src\main\resources to target\classes
2025-02-18 01:16:31,131 [Worker-46: Building] INFO  o.a.m.s.f.DefaultMavenResourcesFiltering - Copying 0 resource from src\main\resources to target\classes
2025-02-18 01:16:31,134 [Worker-46: Building] INFO  o.a.m.s.f.DefaultMavenResourcesFiltering - skip non existing resourceDirectory C:\Users\rafaj\OneDrive\Escritorio\Curso Enucom\12.- EXAMENES FINALES\MICROSERVICIO VETERINARIA\MS-Veterinarias\src\test\resources
2025-02-18 01:21:58,931 [Worker-46: Building] INFO  o.a.m.s.f.DefaultMavenResourcesFiltering - Copying 1 resource from src\main\resources to target\classes
2025-02-18 01:21:59,034 [Worker-46: Building] INFO  o.a.m.s.f.DefaultMavenResourcesFiltering - Copying 0 resource from src\main\resources to target\classes
2025-02-18 01:21:59,040 [Worker-46: Building] INFO  o.a.m.s.f.DefaultMavenResourcesFiltering - skip non existing resourceDirectory C:\Users\rafaj\OneDrive\Escritorio\Curso Enucom\12.- EXAMENES FINALES\MICROSERVICIO VETERINARIA\MS-Mascotas\src\test\resources
2025-02-18 12:35:39,171 [Worker-4: Loading available Gradle versions] INFO  o.e.b.c.i.u.g.PublishedGradleVersions - Gradle version information cache is out-of-date. Trying to update.
2025-02-18 15:47:42,538 [Worker-51: Building] INFO  o.a.m.s.f.DefaultMavenResourcesFiltering - Copying 1 resource from src\main\resources to target\classes
2025-02-18 15:47:42,581 [Worker-51: Building] INFO  o.a.m.s.f.DefaultMavenResourcesFiltering - Copying 0 resource from src\main\resources to target\classes
2025-02-18 15:47:42,587 [Worker-51: Building] INFO  o.a.m.s.f.DefaultMavenResourcesFiltering - skip non existing resourceDirectory C:\Users\rafaj\OneDrive\Escritorio\Curso Enucom\12.- EXAMENES FINALES\MICROSERVICIO VETERINARIA\MS-Mascotas\src\test\resources
2025-02-18 15:47:43,253 [Worker-51: Building] INFO  o.a.m.s.f.DefaultMavenResourcesFiltering - Copying 1 resource from src\main\resources to target\classes
2025-02-18 15:47:43,262 [Worker-51: Building] INFO  o.a.m.s.f.DefaultMavenResourcesFiltering - Copying 0 resource from src\main\resources to target\classes
2025-02-18 15:47:43,265 [Worker-51: Building] INFO  o.a.m.s.f.DefaultMavenResourcesFiltering - skip non existing resourceDirectory C:\Users\rafaj\OneDrive\Escritorio\Curso Enucom\12.- EXAMENES FINALES\MICROSERVICIO VETERINARIA\MS-Veterinarias\src\test\resources
2025-02-18 15:58:36,662 [Worker-51: Building] INFO  o.a.m.s.f.DefaultMavenResourcesFiltering - Copying 1 resource from src\main\resources to target\classes
2025-02-18 15:58:36,704 [Worker-51: Building] INFO  o.a.m.s.f.DefaultMavenResourcesFiltering - Copying 0 resource from src\main\resources to target\classes
2025-02-18 15:58:36,710 [Worker-51: Building] INFO  o.a.m.s.f.DefaultMavenResourcesFiltering - skip non existing resourceDirectory C:\Users\rafaj\OneDrive\Escritorio\Curso Enucom\12.- EXAMENES FINALES\MICROSERVICIO VETERINARIA\MS-Veterinarias\src\test\resources
2025-02-18 16:00:44,784 [Worker-45: Building] INFO  o.a.m.s.f.DefaultMavenResourcesFiltering - Copying 1 resource from src\main\resources to target\classes
2025-02-18 16:00:44,819 [Worker-45: Building] INFO  o.a.m.s.f.DefaultMavenResourcesFiltering - Copying 0 resource from src\main\resources to target\classes
2025-02-18 16:00:44,828 [Worker-45: Building] INFO  o.a.m.s.f.DefaultMavenResourcesFiltering - skip non existing resourceDirectory C:\Users\rafaj\OneDrive\Escritorio\Curso Enucom\12.- EXAMENES FINALES\MICROSERVICIO VETERINARIA\MS-Veterinarias\src\test\resources
2025-02-25 19:21:30,546 [Worker-5: Loading available Gradle versions] INFO  o.e.b.c.i.u.g.PublishedGradleVersions - Gradle version information cache is out-of-date. Trying to update.
2025-02-25 19:30:36,842 [Worker-22: Building] INFO  o.a.m.s.f.DefaultMavenResourcesFiltering - Copying 1 resource from src\main\resources to target\classes
2025-02-25 19:30:36,990 [Worker-22: Building] INFO  o.a.m.s.f.DefaultMavenResourcesFiltering - Copying 0 resource from src\main\resources to target\classes
2025-02-25 19:30:37,002 [Worker-22: Building] INFO  o.a.m.s.f.DefaultMavenResourcesFiltering - skip non existing resourceDirectory C:\Users\rafaj\OneDrive\Escritorio\Curso Enucom\12.- EXAMEN FINAL\MICROSERVICIO_VETERINARIA\MS-ApiGateway\src\test\resources
2025-02-25 19:34:38,902 [Worker-23: Building] INFO  o.a.m.s.f.DefaultMavenResourcesFiltering - Copying 1 resource from src\main\resources to target\classes
2025-02-25 19:34:38,929 [Worker-23: Building] INFO  o.a.m.s.f.DefaultMavenResourcesFiltering - Copying 0 resource from src\main\resources to target\classes
2025-02-25 19:34:38,942 [Worker-23: Building] INFO  o.a.m.s.f.DefaultMavenResourcesFiltering - skip non existing resourceDirectory C:\Users\rafaj\OneDrive\Escritorio\Curso Enucom\12.- EXAMEN FINAL\MICROSERVICIO_VETERINARIA\MS-ApiGateway\src\test\resources
2025-02-25 19:39:10,921 [Worker-20: Building] INFO  o.a.m.s.f.DefaultMavenResourcesFiltering - Copying 1 resource from src\main\resources to target\classes
2025-02-25 19:39:10,989 [Worker-20: Building] INFO  o.a.m.s.f.DefaultMavenResourcesFiltering - Copying 0 resource from src\main\resources to target\classes
2025-02-25 19:39:10,997 [Worker-20: Building] INFO  o.a.m.s.f.DefaultMavenResourcesFiltering - skip non existing resourceDirectory C:\Users\rafaj\OneDrive\Escritorio\Curso Enucom\12.- EXAMEN FINAL\MICROSERVICIO_VETERINARIA\MS-ApiGateway\src\test\resources
2025-02-25 19:40:09,685 [Worker-24: Building] INFO  o.a.m.s.f.DefaultMavenResourcesFiltering - Copying 1 resource from src\main\resources to target\classes
2025-02-25 19:40:09,762 [Worker-24: Building] INFO  o.a.m.s.f.DefaultMavenResourcesFiltering - Copying 0 resource from src\main\resources to target\classes
2025-02-25 19:40:09,771 [Worker-24: Building] INFO  o.a.m.s.f.DefaultMavenResourcesFiltering - skip non existing resourceDirectory C:\Users\rafaj\OneDrive\Escritorio\Curso Enucom\12.- EXAMEN FINAL\MICROSERVICIO_VETERINARIA\MS-ApiGateway\src\test\resources
2025-02-25 19:44:32,440 [Worker-28: Building] INFO  o.a.m.s.f.DefaultMavenResourcesFiltering - Copying 1 resource from src\main\resources to target\classes
2025-02-25 19:44:32,555 [Worker-28: Building] INFO  o.a.m.s.f.DefaultMavenResourcesFiltering - Copying 0 resource from src\main\resources to target\classes
2025-02-25 19:44:32,569 [Worker-28: Building] INFO  o.a.m.s.f.DefaultMavenResourcesFiltering - skip non existing resourceDirectory C:\Users\rafaj\OneDrive\Escritorio\Curso Enucom\12.- EXAMEN FINAL\MICROSERVICIO_VETERINARIA\MS-Veterinarias\src\test\resources
2025-03-24 15:24:22,811 [Worker-5: Loading available Gradle versions] INFO  o.e.b.c.i.u.g.PublishedGradleVersions - Gradle version information cache is out-of-date. Trying to update.
2025-03-25 00:28:28,357 [Worker-6: Loading available Gradle versions] INFO  o.e.b.c.i.u.g.PublishedGradleVersions - Gradle version information cache is up-to-date. Trying to read.
2025-03-25 15:32:43,554 [Worker-6: Loading available Gradle versions] INFO  o.e.b.c.i.u.g.PublishedGradleVersions - Gradle version information cache is out-of-date. Trying to update.
2025-03-26 11:24:08,329 [Worker-2: Loading available Gradle versions] INFO  o.e.b.c.i.u.g.PublishedGradleVersions - Gradle version information cache is up-to-date. Trying to read.
2025-03-26 11:29:11,059 [Worker-14: Launching MS-EurekaServer - MsEurekaServerApplication] INFO  o.a.m.s.f.DefaultMavenResourcesFiltering - Copying 1 resource from src\main\resources to target\classes
2025-03-26 11:29:11,085 [Worker-14: Launching MS-EurekaServer - MsEurekaServerApplication] INFO  o.a.m.s.f.DefaultMavenResourcesFiltering - Copying 0 resource from src\main\resources to target\classes
2025-03-26 11:29:11,091 [Worker-14: Launching MS-EurekaServer - MsEurekaServerApplication] INFO  o.a.m.s.f.DefaultMavenResourcesFiltering - skip non existing resourceDirectory C:\Users\rafaj\OneDrive\Escritorio\Curso Enucom\12.- EXAMEN FINAL\MICROSERVICIO_VETERINARIA\MS-EurekaServer\src\test\resources
2025-03-26 11:29:12,815 [Worker-20: Building] INFO  o.a.m.s.f.DefaultMavenResourcesFiltering - Copying 1 resource from src\main\resources to target\classes
2025-03-26 11:29:12,819 [Worker-20: Building] INFO  o.a.m.s.f.DefaultMavenResourcesFiltering - Copying 0 resource from src\main\resources to target\classes
2025-03-26 11:29:12,822 [Worker-20: Building] INFO  o.a.m.s.f.DefaultMavenResourcesFiltering - skip non existing resourceDirectory C:\Users\rafaj\OneDrive\Escritorio\Curso Enucom\12.- EXAMEN FINAL\MICROSERVICIO_VETERINARIA\MS-ApiGateway\src\test\resources
2025-03-26 11:29:14,347 [Worker-20: Building] INFO  o.a.m.s.f.DefaultMavenResourcesFiltering - Copying 1 resource from src\main\resources to target\classes
2025-03-26 11:29:14,349 [Worker-20: Building] INFO  o.a.m.s.f.DefaultMavenResourcesFiltering - Copying 0 resource from src\main\resources to target\classes
2025-03-26 11:29:14,354 [Worker-20: Building] INFO  o.a.m.s.f.DefaultMavenResourcesFiltering - skip non existing resourceDirectory C:\Users\rafaj\OneDrive\Escritorio\Curso Enucom\12.- EXAMEN FINAL\MICROSERVICIO_VETERINARIA\MS-Clientes\src\test\resources
2025-03-26 11:29:15,581 [Worker-20: Building] INFO  o.a.m.s.f.DefaultMavenResourcesFiltering - Copying 1 resource from src\main\resources to target\classes
2025-03-26 11:29:15,583 [Worker-20: Building] INFO  o.a.m.s.f.DefaultMavenResourcesFiltering - Copying 0 resource from src\main\resources to target\classes
2025-03-26 11:29:15,586 [Worker-20: Building] INFO  o.a.m.s.f.DefaultMavenResourcesFiltering - skip non existing resourceDirectory C:\Users\rafaj\OneDrive\Escritorio\Curso Enucom\12.- EXAMEN FINAL\MICROSERVICIO_VETERINARIA\MS-Mascotas\src\test\resources
2025-03-26 11:29:16,570 [Worker-20: Building] INFO  o.a.m.s.f.DefaultMavenResourcesFiltering - Copying 1 resource from src\main\resources to target\classes
2025-03-26 11:29:16,572 [Worker-20: Building] INFO  o.a.m.s.f.DefaultMavenResourcesFiltering - Copying 0 resource from src\main\resources to target\classes
2025-03-26 11:29:16,575 [Worker-20: Building] INFO  o.a.m.s.f.DefaultMavenResourcesFiltering - skip non existing resourceDirectory C:\Users\rafaj\OneDrive\Escritorio\Curso Enucom\12.- EXAMEN FINAL\MICROSERVICIO_VETERINARIA\MS-Responsables\src\test\resources
2025-03-26 11:29:17,856 [Worker-20: Building] INFO  o.a.m.s.f.DefaultMavenResourcesFiltering - Copying 1 resource from src\main\resources to target\classes
2025-03-26 11:29:17,859 [Worker-20: Building] INFO  o.a.m.s.f.DefaultMavenResourcesFiltering - Copying 0 resource from src\main\resources to target\classes
2025-03-26 11:29:17,863 [Worker-20: Building] INFO  o.a.m.s.f.DefaultMavenResourcesFiltering - skip non existing resourceDirectory C:\Users\rafaj\OneDrive\Escritorio\Curso Enucom\12.- EXAMEN FINAL\MICROSERVICIO_VETERINARIA\MS-Veterinarias\src\test\resources
2025-03-26 11:49:01,856 [Worker-5: Loading available Gradle versions] INFO  o.e.b.c.i.u.g.PublishedGradleVersions - Gradle version information cache is up-to-date. Trying to read.
2025-03-26 12:03:37,516 [Worker-21: Building] INFO  o.a.m.s.f.DefaultMavenResourcesFiltering - Copying 1 resource from src\main\resources to target\classes
2025-03-26 12:03:37,569 [Worker-21: Building] INFO  o.a.m.s.f.DefaultMavenResourcesFiltering - Copying 0 resource from src\main\resources to target\classes
2025-03-26 12:03:37,578 [Worker-21: Building] INFO  o.a.m.s.f.DefaultMavenResourcesFiltering - skip non existing resourceDirectory C:\Users\rafaj\OneDrive\Escritorio\Curso Enucom\12.- EXAMEN FINAL\MICROSERVICIO_VETERINARIA\MS-ApiGateway\src\test\resources
2025-03-26 12:04:24,001 [Worker-22: Building] INFO  o.a.m.s.f.DefaultMavenResourcesFiltering - Copying 1 resource from src\main\resources to target\classes
2025-03-26 12:04:24,018 [Worker-22: Building] INFO  o.a.m.s.f.DefaultMavenResourcesFiltering - Copying 0 resource from src\main\resources to target\classes
2025-03-26 12:04:24,024 [Worker-22: Building] INFO  o.a.m.s.f.DefaultMavenResourcesFiltering - skip non existing resourceDirectory C:\Users\rafaj\OneDrive\Escritorio\Curso Enucom\12.- EXAMEN FINAL\MICROSERVICIO_VETERINARIA\MS-ApiGateway\src\test\resources
2025-03-26 12:04:28,021 [Worker-23: Building] INFO  o.a.m.s.f.DefaultMavenResourcesFiltering - Copying 1 resource from src\main\resources to target\classes
2025-03-26 12:04:28,033 [Worker-23: Building] INFO  o.a.m.s.f.DefaultMavenResourcesFiltering - Copying 0 resource from src\main\resources to target\classes
2025-03-26 12:04:28,038 [Worker-23: Building] INFO  o.a.m.s.f.DefaultMavenResourcesFiltering - skip non existing resourceDirectory C:\Users\rafaj\OneDrive\Escritorio\Curso Enucom\12.- EXAMEN FINAL\MICROSERVICIO_VETERINARIA\MS-ApiGateway\src\test\resources
2025-03-26 12:04:59,824 [Worker-27: Building] INFO  o.a.m.s.f.DefaultMavenResourcesFiltering - Copying 1 resource from src\main\resources to target\classes
2025-03-26 12:04:59,836 [Worker-27: Building] INFO  o.a.m.s.f.DefaultMavenResourcesFiltering - Copying 0 resource from src\main\resources to target\classes
2025-03-26 12:04:59,839 [Worker-27: Building] INFO  o.a.m.s.f.DefaultMavenResourcesFiltering - skip non existing resourceDirectory C:\Users\rafaj\OneDrive\Escritorio\Curso Enucom\12.- EXAMEN FINAL\MICROSERVICIO_VETERINARIA\MS-ApiGateway\src\test\resources
2025-03-26 12:12:22,343 [Worker-26: Building] INFO  o.a.m.s.f.DefaultMavenResourcesFiltering - Copying 1 resource from src\main\resources to target\classes
2025-03-26 12:12:22,370 [Worker-26: Building] INFO  o.a.m.s.f.DefaultMavenResourcesFiltering - Copying 0 resource from src\main\resources to target\classes
2025-03-26 12:12:22,374 [Worker-26: Building] INFO  o.a.m.s.f.DefaultMavenResourcesFiltering - skip non existing resourceDirectory C:\Users\rafaj\OneDrive\Escritorio\Curso Enucom\12.- EXAMEN FINAL\MICROSERVICIO_VETERINARIA\MS-ApiGateway\src\test\resources
2025-03-26 12:15:58,211 [Worker-21: Building] INFO  o.a.m.s.f.DefaultMavenResourcesFiltering - Copying 1 resource from src\main\resources to target\classes
2025-03-26 12:15:58,239 [Worker-21: Building] INFO  o.a.m.s.f.DefaultMavenResourcesFiltering - Copying 0 resource from src\main\resources to target\classes
2025-03-26 12:15:58,244 [Worker-21: Building] INFO  o.a.m.s.f.DefaultMavenResourcesFiltering - skip non existing resourceDirectory C:\Users\rafaj\OneDrive\Escritorio\Curso Enucom\12.- EXAMEN FINAL\MICROSERVICIO_VETERINARIA\MS-Veterinarias\src\test\resources
2025-03-26 12:17:59,213 [Worker-15: Building] INFO  o.a.m.s.f.DefaultMavenResourcesFiltering - Copying 1 resource from src\main\resources to target\classes
2025-03-26 12:17:59,297 [Worker-15: Building] INFO  o.a.m.s.f.DefaultMavenResourcesFiltering - Copying 0 resource from src\main\resources to target\classes
2025-03-26 12:17:59,303 [Worker-15: Building] INFO  o.a.m.s.f.DefaultMavenResourcesFiltering - skip non existing resourceDirectory C:\Users\rafaj\OneDrive\Escritorio\Curso Enucom\12.- EXAMEN FINAL\MICROSERVICIO_VETERINARIA\MS-ApiGateway\src\test\resources
2025-03-26 12:19:14,236 [Worker-27: Building] INFO  o.a.m.s.f.DefaultMavenResourcesFiltering - Copying 1 resource from src\main\resources to target\classes
2025-03-26 12:19:14,256 [Worker-27: Building] INFO  o.a.m.s.f.DefaultMavenResourcesFiltering - Copying 0 resource from src\main\resources to target\classes
2025-03-26 12:19:14,261 [Worker-27: Building] INFO  o.a.m.s.f.DefaultMavenResourcesFiltering - skip non existing resourceDirectory C:\Users\rafaj\OneDrive\Escritorio\Curso Enucom\12.- EXAMEN FINAL\MICROSERVICIO_VETERINARIA\MS-Veterinarias\src\test\resources
2025-03-26 12:19:31,153 [Worker-22: Launching MS-Veterinarias - MsVeterinariasApplication] INFO  o.a.m.s.f.DefaultMavenResourcesFiltering - Copying 1 resource from src\main\resources to target\classes
2025-03-26 12:19:31,169 [Worker-22: Launching MS-Veterinarias - MsVeterinariasApplication] INFO  o.a.m.s.f.DefaultMavenResourcesFiltering - Copying 0 resource from src\main\resources to target\classes
2025-03-26 12:19:31,172 [Worker-22: Launching MS-Veterinarias - MsVeterinariasApplication] INFO  o.a.m.s.f.DefaultMavenResourcesFiltering - skip non existing resourceDirectory C:\Users\rafaj\OneDrive\Escritorio\Curso Enucom\12.- EXAMEN FINAL\MICROSERVICIO_VETERINARIA\MS-Veterinarias\src\test\resources
2025-03-26 12:23:13,845 [Worker-26: Building] INFO  o.a.m.s.f.DefaultMavenResourcesFiltering - Copying 1 resource from src\main\resources to target\classes
2025-03-26 12:23:13,934 [Worker-26: Building] INFO  o.a.m.s.f.DefaultMavenResourcesFiltering - Copying 0 resource from src\main\resources to target\classes
2025-03-26 12:23:13,950 [Worker-26: Building] INFO  o.a.m.s.f.DefaultMavenResourcesFiltering - skip non existing resourceDirectory C:\Users\rafaj\OneDrive\Escritorio\Curso Enucom\12.- EXAMEN FINAL\MICROSERVICIO_VETERINARIA\MS-Responsables\src\test\resources
2025-03-26 12:23:21,993 [Worker-21: Building] INFO  o.a.m.s.f.DefaultMavenResourcesFiltering - Copying 1 resource from src\main\resources to target\classes
2025-03-26 12:23:22,018 [Worker-21: Building] INFO  o.a.m.s.f.DefaultMavenResourcesFiltering - Copying 0 resource from src\main\resources to target\classes
2025-03-26 12:23:22,022 [Worker-21: Building] INFO  o.a.m.s.f.DefaultMavenResourcesFiltering - skip non existing resourceDirectory C:\Users\rafaj\OneDrive\Escritorio\Curso Enucom\12.- EXAMEN FINAL\MICROSERVICIO_VETERINARIA\MS-Mascotas\src\test\resources
2025-03-26 12:23:30,777 [Worker-25: Building] INFO  o.a.m.s.f.DefaultMavenResourcesFiltering - Copying 1 resource from src\main\resources to target\classes
2025-03-26 12:23:30,786 [Worker-25: Building] INFO  o.a.m.s.f.DefaultMavenResourcesFiltering - Copying 0 resource from src\main\resources to target\classes
2025-03-26 12:23:30,791 [Worker-25: Building] INFO  o.a.m.s.f.DefaultMavenResourcesFiltering - skip non existing resourceDirectory C:\Users\rafaj\OneDrive\Escritorio\Curso Enucom\12.- EXAMEN FINAL\MICROSERVICIO_VETERINARIA\MS-Clientes\src\test\resources
2025-03-26 12:47:42,217 [Worker-29: Building] INFO  o.a.m.s.f.DefaultMavenResourcesFiltering - Copying 1 resource from src\main\resources to target\classes
2025-03-26 12:47:42,422 [Worker-29: Building] INFO  o.a.m.s.f.DefaultMavenResourcesFiltering - Copying 0 resource from src\main\resources to target\classes
2025-03-26 12:47:42,427 [Worker-29: Building] INFO  o.a.m.s.f.DefaultMavenResourcesFiltering - skip non existing resourceDirectory C:\Users\rafaj\OneDrive\Escritorio\Curso Enucom\12.- EXAMEN FINAL\MICROSERVICIO_VETERINARIA\MS-Responsables\src\test\resources
2025-03-26 12:59:55,536 [Worker-24: Building] INFO  o.a.m.s.f.DefaultMavenResourcesFiltering - Copying 1 resource from src\main\resources to target\classes
2025-03-26 12:59:55,558 [Worker-24: Building] INFO  o.a.m.s.f.DefaultMavenResourcesFiltering - Copying 0 resource from src\main\resources to target\classes
2025-03-26 12:59:55,560 [Worker-24: Building] INFO  o.a.m.s.f.DefaultMavenResourcesFiltering - skip non existing resourceDirectory C:\Users\rafaj\OneDrive\Escritorio\Curso Enucom\12.- EXAMEN FINAL\MICROSERVICIO_VETERINARIA\MS-Veterinarias\src\test\resources
2025-03-26 13:05:04,381 [Worker-23: Building] INFO  o.a.m.s.f.DefaultMavenResourcesFiltering - Copying 1 resource from src\main\resources to target\classes
2025-03-26 13:05:04,426 [Worker-23: Building] INFO  o.a.m.s.f.DefaultMavenResourcesFiltering - Copying 0 resource from src\main\resources to target\classes
2025-03-26 13:05:04,430 [Worker-23: Building] INFO  o.a.m.s.f.DefaultMavenResourcesFiltering - skip non existing resourceDirectory C:\Users\rafaj\OneDrive\Escritorio\Curso Enucom\12.- EXAMEN FINAL\MICROSERVICIO_VETERINARIA\MS-Veterinarias\src\test\resources
2025-03-26 13:05:16,339 [Worker-20: Building] INFO  o.a.m.s.f.DefaultMavenResourcesFiltering - Copying 1 resource from src\main\resources to target\classes
2025-03-26 13:05:16,376 [Worker-20: Building] INFO  o.a.m.s.f.DefaultMavenResourcesFiltering - Copying 0 resource from src\main\resources to target\classes
2025-03-26 13:05:16,381 [Worker-20: Building] INFO  o.a.m.s.f.DefaultMavenResourcesFiltering - skip non existing resourceDirectory C:\Users\rafaj\OneDrive\Escritorio\Curso Enucom\12.- EXAMEN FINAL\MICROSERVICIO_VETERINARIA\MS-Veterinarias\src\test\resources
2025-03-26 13:17:24,626 [Worker-27: Building] INFO  o.a.m.s.f.DefaultMavenResourcesFiltering - Copying 1 resource from src\main\resources to target\classes
2025-03-26 13:17:24,663 [Worker-27: Building] INFO  o.a.m.s.f.DefaultMavenResourcesFiltering - Copying 0 resource from src\main\resources to target\classes
2025-03-26 13:17:24,666 [Worker-27: Building] INFO  o.a.m.s.f.DefaultMavenResourcesFiltering - skip non existing resourceDirectory C:\Users\rafaj\OneDrive\Escritorio\Curso Enucom\12.- EXAMEN FINAL\MICROSERVICIO_VETERINARIA\MS-Clientes\src\test\resources
2025-03-26 13:59:47,697 [Worker-22: Building] INFO  o.a.m.s.f.DefaultMavenResourcesFiltering - Copying 1 resource from src\main\resources to target\classes
2025-03-26 13:59:47,718 [Worker-22: Building] INFO  o.a.m.s.f.DefaultMavenResourcesFiltering - Copying 0 resource from src\main\resources to target\classes
2025-03-26 13:59:47,724 [Worker-22: Building] INFO  o.a.m.s.f.DefaultMavenResourcesFiltering - skip non existing resourceDirectory C:\Users\rafaj\OneDrive\Escritorio\Curso Enucom\12.- EXAMEN FINAL\MICROSERVICIO_VETERINARIA\MS-Clientes\src\test\resources
2025-03-26 14:00:06,893 [Worker-26: Building] INFO  o.a.m.s.f.DefaultMavenResourcesFiltering - Copying 1 resource from src\main\resources to target\classes
2025-03-26 14:00:06,934 [Worker-26: Building] INFO  o.a.m.s.f.DefaultMavenResourcesFiltering - Copying 0 resource from src\main\resources to target\classes
2025-03-26 14:00:06,938 [Worker-26: Building] INFO  o.a.m.s.f.DefaultMavenResourcesFiltering - skip non existing resourceDirectory C:\Users\rafaj\OneDrive\Escritorio\Curso Enucom\12.- EXAMEN FINAL\MICROSERVICIO_VETERINARIA\MS-Clientes\src\test\resources
2025-03-26 14:02:09,080 [Worker-22: Launching MS-Veterinarias - MsVeterinariasApplication] INFO  o.a.m.s.f.DefaultMavenResourcesFiltering - Copying 1 resource from src\main\resources to target\classes
2025-03-26 14:02:09,146 [Worker-22: Launching MS-Veterinarias - MsVeterinariasApplication] INFO  o.a.m.s.f.DefaultMavenResourcesFiltering - Copying 0 resource from src\main\resources to target\classes
2025-03-26 14:02:09,150 [Worker-22: Launching MS-Veterinarias - MsVeterinariasApplication] INFO  o.a.m.s.f.DefaultMavenResourcesFiltering - skip non existing resourceDirectory C:\Users\rafaj\OneDrive\Escritorio\Curso Enucom\12.- EXAMEN FINAL\MICROSERVICIO_VETERINARIA\MS-Veterinarias\src\test\resources
2025-03-26 14:02:30,150 [Worker-16: Building] INFO  o.a.m.s.f.DefaultMavenResourcesFiltering - Copying 1 resource from src\main\resources to target\classes
2025-03-26 14:02:30,177 [Worker-16: Building] INFO  o.a.m.s.f.DefaultMavenResourcesFiltering - Copying 0 resource from src\main\resources to target\classes
2025-03-26 14:02:30,186 [Worker-16: Building] INFO  o.a.m.s.f.DefaultMavenResourcesFiltering - skip non existing resourceDirectory C:\Users\rafaj\OneDrive\Escritorio\Curso Enucom\12.- EXAMEN FINAL\MICROSERVICIO_VETERINARIA\MS-Clientes\src\test\resources
2025-03-26 14:02:33,965 [Worker-30: Building] INFO  o.a.m.s.f.DefaultMavenResourcesFiltering - Copying 1 resource from src\main\resources to target\classes
2025-03-26 14:02:33,974 [Worker-30: Building] INFO  o.a.m.s.f.DefaultMavenResourcesFiltering - Copying 0 resource from src\main\resources to target\classes
2025-03-26 14:02:33,979 [Worker-30: Building] INFO  o.a.m.s.f.DefaultMavenResourcesFiltering - skip non existing resourceDirectory C:\Users\rafaj\OneDrive\Escritorio\Curso Enucom\12.- EXAMEN FINAL\MICROSERVICIO_VETERINARIA\MS-Veterinarias\src\test\resources
2025-03-26 14:10:27,206 [Worker-30: Building] INFO  o.a.m.s.f.DefaultMavenResourcesFiltering - Copying 1 resource from src\main\resources to target\classes
2025-03-26 14:10:27,252 [Worker-30: Building] INFO  o.a.m.s.f.DefaultMavenResourcesFiltering - Copying 0 resource from src\main\resources to target\classes
2025-03-26 14:10:27,264 [Worker-30: Building] INFO  o.a.m.s.f.DefaultMavenResourcesFiltering - skip non existing resourceDirectory C:\Users\rafaj\OneDrive\Escritorio\Curso Enucom\12.- EXAMEN FINAL\MICROSERVICIO_VETERINARIA\MS-Veterinarias\src\test\resources
2025-03-26 14:10:58,026 [Worker-22: Building] INFO  o.a.m.s.f.DefaultMavenResourcesFiltering - Copying 1 resource from src\main\resources to target\classes
2025-03-26 14:10:58,050 [Worker-22: Building] INFO  o.a.m.s.f.DefaultMavenResourcesFiltering - Copying 0 resource from src\main\resources to target\classes
2025-03-26 14:10:58,055 [Worker-22: Building] INFO  o.a.m.s.f.DefaultMavenResourcesFiltering - skip non existing resourceDirectory C:\Users\rafaj\OneDrive\Escritorio\Curso Enucom\12.- EXAMEN FINAL\MICROSERVICIO_VETERINARIA\MS-Veterinarias\src\test\resources
2025-03-26 14:11:25,423 [Worker-16: Building] INFO  o.a.m.s.f.DefaultMavenResourcesFiltering - Copying 1 resource from src\main\resources to target\classes
2025-03-26 14:11:25,454 [Worker-16: Building] INFO  o.a.m.s.f.DefaultMavenResourcesFiltering - Copying 0 resource from src\main\resources to target\classes
2025-03-26 14:11:25,458 [Worker-16: Building] INFO  o.a.m.s.f.DefaultMavenResourcesFiltering - skip non existing resourceDirectory C:\Users\rafaj\OneDrive\Escritorio\Curso Enucom\12.- EXAMEN FINAL\MICROSERVICIO_VETERINARIA\MS-Clientes\src\test\resources
2025-03-26 15:07:55,502 [Worker-34: Building] INFO  o.a.m.s.f.DefaultMavenResourcesFiltering - Copying 1 resource from src\main\resources to target\classes
2025-03-26 15:07:55,576 [Worker-34: Building] INFO  o.a.m.s.f.DefaultMavenResourcesFiltering - Copying 0 resource from src\main\resources to target\classes
2025-03-26 15:07:55,584 [Worker-34: Building] INFO  o.a.m.s.f.DefaultMavenResourcesFiltering - skip non existing resourceDirectory C:\Users\rafaj\OneDrive\Escritorio\Curso Enucom\12.- EXAMEN FINAL\MICROSERVICIO_VETERINARIA\MS-Responsables\src\test\resources
2025-03-26 15:09:36,670 [Worker-33: Building] INFO  o.a.m.s.f.DefaultMavenResourcesFiltering - Copying 1 resource from src\main\resources to target\classes
2025-03-26 15:09:36,680 [Worker-33: Building] INFO  o.a.m.s.f.DefaultMavenResourcesFiltering - Copying 0 resource from src\main\resources to target\classes
2025-03-26 15:09:36,683 [Worker-33: Building] INFO  o.a.m.s.f.DefaultMavenResourcesFiltering - skip non existing resourceDirectory C:\Users\rafaj\OneDrive\Escritorio\Curso Enucom\12.- EXAMEN FINAL\MICROSERVICIO_VETERINARIA\MS-Responsables\src\test\resources
2025-03-26 15:09:41,303 [Worker-33: Building] INFO  o.a.m.s.f.DefaultMavenResourcesFiltering - Copying 1 resource from src\main\resources to target\classes
2025-03-26 15:09:41,309 [Worker-33: Building] INFO  o.a.m.s.f.DefaultMavenResourcesFiltering - Copying 0 resource from src\main\resources to target\classes
2025-03-26 15:09:41,313 [Worker-33: Building] INFO  o.a.m.s.f.DefaultMavenResourcesFiltering - skip non existing resourceDirectory C:\Users\rafaj\OneDrive\Escritorio\Curso Enucom\12.- EXAMEN FINAL\MICROSERVICIO_VETERINARIA\MS-Responsables\src\test\resources
2025-03-26 15:10:11,695 [Worker-33: Building] INFO  o.a.m.s.f.DefaultMavenResourcesFiltering - Copying 1 resource from src\main\resources to target\classes
2025-03-26 15:10:11,707 [Worker-33: Building] INFO  o.a.m.s.f.DefaultMavenResourcesFiltering - Copying 0 resource from src\main\resources to target\classes
2025-03-26 15:10:11,711 [Worker-33: Building] INFO  o.a.m.s.f.DefaultMavenResourcesFiltering - skip non existing resourceDirectory C:\Users\rafaj\OneDrive\Escritorio\Curso Enucom\12.- EXAMEN FINAL\MICROSERVICIO_VETERINARIA\MS-Mascotas\src\test\resources
2025-03-26 15:10:45,298 [Worker-34: Building] INFO  o.a.m.s.f.DefaultMavenResourcesFiltering - Copying 1 resource from src\main\resources to target\classes
2025-03-26 15:10:45,323 [Worker-34: Building] INFO  o.a.m.s.f.DefaultMavenResourcesFiltering - Copying 0 resource from src\main\resources to target\classes
2025-03-26 15:10:45,330 [Worker-34: Building] INFO  o.a.m.s.f.DefaultMavenResourcesFiltering - skip non existing resourceDirectory C:\Users\rafaj\OneDrive\Escritorio\Curso Enucom\12.- EXAMEN FINAL\MICROSERVICIO_VETERINARIA\MS-Mascotas\src\test\resources
2025-03-26 15:44:29,995 [Worker-39: Building] INFO  o.a.m.s.f.DefaultMavenResourcesFiltering - Copying 1 resource from src\main\resources to target\classes
2025-03-26 15:44:30,054 [Worker-39: Building] INFO  o.a.m.s.f.DefaultMavenResourcesFiltering - Copying 0 resource from src\main\resources to target\classes
2025-03-26 15:44:30,058 [Worker-39: Building] INFO  o.a.m.s.f.DefaultMavenResourcesFiltering - skip non existing resourceDirectory C:\Users\rafaj\OneDrive\Escritorio\Curso Enucom\12.- EXAMEN FINAL\MICROSERVICIO_VETERINARIA\MS-Mascotas\src\test\resources
2025-03-26 15:46:20,114 [Worker-43: Building Workspace] INFO  o.a.m.s.f.DefaultMavenResourcesFiltering - Copying 1 resource from src\main\resources to target\classes
2025-03-26 15:46:20,146 [Worker-43: Building Workspace] INFO  o.a.m.s.f.DefaultMavenResourcesFiltering - Copying 0 resource from src\main\resources to target\classes
2025-03-26 15:46:20,150 [Worker-43: Building Workspace] INFO  o.a.m.s.f.DefaultMavenResourcesFiltering - skip non existing resourceDirectory C:\Users\rafaj\OneDrive\Escritorio\Curso Enucom\12.- EXAMEN FINAL\MICROSERVICIO_VETERINARIA\MS-Mascotas\src\test\resources
2025-03-26 15:47:09,086 [Worker-43: Building] INFO  o.a.m.s.f.DefaultMavenResourcesFiltering - Copying 1 resource from src\main\resources to target\classes
2025-03-26 15:47:09,103 [Worker-43: Building] INFO  o.a.m.s.f.DefaultMavenResourcesFiltering - Copying 0 resource from src\main\resources to target\classes
2025-03-26 15:47:09,107 [Worker-43: Building] INFO  o.a.m.s.f.DefaultMavenResourcesFiltering - skip non existing resourceDirectory C:\Users\rafaj\OneDrive\Escritorio\Curso Enucom\12.- EXAMEN FINAL\MICROSERVICIO_VETERINARIA\MS-Mascotas\src\test\resources
2025-03-26 15:47:55,553 [Worker-39: Building Workspace] INFO  o.a.m.s.f.DefaultMavenResourcesFiltering - Copying 1 resource from src\main\resources to target\classes
2025-03-26 15:47:55,568 [Worker-39: Building Workspace] INFO  o.a.m.s.f.DefaultMavenResourcesFiltering - Copying 0 resource from src\main\resources to target\classes
2025-03-26 15:47:55,572 [Worker-39: Building Workspace] INFO  o.a.m.s.f.DefaultMavenResourcesFiltering - skip non existing resourceDirectory C:\Users\rafaj\OneDrive\Escritorio\Curso Enucom\12.- EXAMEN FINAL\MICROSERVICIO_VETERINARIA\MS-Mascotas\src\test\resources
2025-03-26 15:48:23,198 [Worker-44: Building] INFO  o.a.m.s.f.DefaultMavenResourcesFiltering - Copying 1 resource from src\main\resources to target\classes
2025-03-26 15:48:23,209 [Worker-44: Building] INFO  o.a.m.s.f.DefaultMavenResourcesFiltering - Copying 0 resource from src\main\resources to target\classes
2025-03-26 15:48:23,214 [Worker-44: Building] INFO  o.a.m.s.f.DefaultMavenResourcesFiltering - skip non existing resourceDirectory C:\Users\rafaj\OneDrive\Escritorio\Curso Enucom\12.- EXAMEN FINAL\MICROSERVICIO_VETERINARIA\MS-Veterinarias\src\test\resources
2025-03-26 15:49:40,472 [Worker-40: Building] INFO  o.a.m.s.f.DefaultMavenResourcesFiltering - Copying 1 resource from src\main\resources to target\classes
2025-03-26 15:49:40,490 [Worker-40: Building] INFO  o.a.m.s.f.DefaultMavenResourcesFiltering - Copying 0 resource from src\main\resources to target\classes
2025-03-26 15:49:40,493 [Worker-40: Building] INFO  o.a.m.s.f.DefaultMavenResourcesFiltering - skip non existing resourceDirectory C:\Users\rafaj\OneDrive\Escritorio\Curso Enucom\12.- EXAMEN FINAL\MICROSERVICIO_VETERINARIA\MS-Mascotas\src\test\resources
2025-03-26 15:50:42,620 [Worker-40: Building] INFO  o.a.m.s.f.DefaultMavenResourcesFiltering - Copying 1 resource from src\main\resources to target\classes
2025-03-26 15:50:42,630 [Worker-40: Building] INFO  o.a.m.s.f.DefaultMavenResourcesFiltering - Copying 0 resource from src\main\resources to target\classes
2025-03-26 15:50:42,633 [Worker-40: Building] INFO  o.a.m.s.f.DefaultMavenResourcesFiltering - skip non existing resourceDirectory C:\Users\rafaj\OneDrive\Escritorio\Curso Enucom\12.- EXAMEN FINAL\MICROSERVICIO_VETERINARIA\MS-Mascotas\src\test\resources
2025-03-26 15:51:23,753 [Worker-44: Building] INFO  o.a.m.s.f.DefaultMavenResourcesFiltering - Copying 1 resource from src\main\resources to target\classes
2025-03-26 15:51:23,776 [Worker-44: Building] INFO  o.a.m.s.f.DefaultMavenResourcesFiltering - Copying 0 resource from src\main\resources to target\classes
2025-03-26 15:51:23,779 [Worker-44: Building] INFO  o.a.m.s.f.DefaultMavenResourcesFiltering - skip non existing resourceDirectory C:\Users\rafaj\OneDrive\Escritorio\Curso Enucom\12.- EXAMEN FINAL\MICROSERVICIO_VETERINARIA\MS-Mascotas\src\test\resources
2025-03-26 15:55:35,800 [Worker-41: Building] INFO  o.a.m.s.f.DefaultMavenResourcesFiltering - Copying 1 resource from src\main\resources to target\classes
2025-03-26 15:55:35,822 [Worker-41: Building] INFO  o.a.m.s.f.DefaultMavenResourcesFiltering - Copying 0 resource from src\main\resources to target\classes
2025-03-26 15:55:35,825 [Worker-41: Building] INFO  o.a.m.s.f.DefaultMavenResourcesFiltering - skip non existing resourceDirectory C:\Users\rafaj\OneDrive\Escritorio\Curso Enucom\12.- EXAMEN FINAL\MICROSERVICIO_VETERINARIA\MS-Mascotas\src\test\resources
2025-03-26 16:06:49,767 [Worker-44: Building] INFO  o.a.m.s.f.DefaultMavenResourcesFiltering - Copying 1 resource from src\main\resources to target\classes
2025-03-26 16:06:49,855 [Worker-44: Building] INFO  o.a.m.s.f.DefaultMavenResourcesFiltering - Copying 0 resource from src\main\resources to target\classes
2025-03-26 16:06:49,859 [Worker-44: Building] INFO  o.a.m.s.f.DefaultMavenResourcesFiltering - skip non existing resourceDirectory C:\Users\rafaj\OneDrive\Escritorio\Curso Enucom\12.- EXAMEN FINAL\MICROSERVICIO_VETERINARIA\MS-Mascotas\src\test\resources
2025-03-26 16:06:57,008 [Worker-50: Building] INFO  o.a.m.s.f.DefaultMavenResourcesFiltering - Copying 1 resource from src\main\resources to target\classes
2025-03-26 16:06:57,130 [Worker-50: Building] INFO  o.a.m.s.f.DefaultMavenResourcesFiltering - Copying 0 resource from src\main\resources to target\classes
2025-03-26 16:06:57,136 [Worker-50: Building] INFO  o.a.m.s.f.DefaultMavenResourcesFiltering - skip non existing resourceDirectory C:\Users\rafaj\OneDrive\Escritorio\Curso Enucom\12.- EXAMEN FINAL\MICROSERVICIO_VETERINARIA\MS-Mascotas\src\test\resources
2025-03-26 16:07:54,611 [Worker-48: Building] INFO  o.a.m.s.f.DefaultMavenResourcesFiltering - Copying 1 resource from src\main\resources to target\classes
2025-03-26 16:07:54,671 [Worker-48: Building] INFO  o.a.m.s.f.DefaultMavenResourcesFiltering - Copying 0 resource from src\main\resources to target\classes
2025-03-26 16:07:54,675 [Worker-48: Building] INFO  o.a.m.s.f.DefaultMavenResourcesFiltering - skip non existing resourceDirectory C:\Users\rafaj\OneDrive\Escritorio\Curso Enucom\12.- EXAMEN FINAL\MICROSERVICIO_VETERINARIA\MS-Mascotas\src\test\resources
2025-03-26 16:11:14,272 [Worker-55: Building] INFO  o.a.m.s.f.DefaultMavenResourcesFiltering - Copying 1 resource from src\main\resources to target\classes
2025-03-26 16:11:14,379 [Worker-55: Building] INFO  o.a.m.s.f.DefaultMavenResourcesFiltering - Copying 0 resource from src\main\resources to target\classes
2025-03-26 16:11:14,383 [Worker-55: Building] INFO  o.a.m.s.f.DefaultMavenResourcesFiltering - skip non existing resourceDirectory C:\Users\rafaj\OneDrive\Escritorio\Curso Enucom\12.- EXAMEN FINAL\MICROSERVICIO_VETERINARIA\MS-Mascotas\src\test\resources
2025-03-26 16:13:00,941 [Worker-40: Building] INFO  o.a.m.s.f.DefaultMavenResourcesFiltering - Copying 1 resource from src\main\resources to target\classes
2025-03-26 16:13:01,089 [Worker-40: Building] INFO  o.a.m.s.f.DefaultMavenResourcesFiltering - Copying 0 resource from src\main\resources to target\classes
2025-03-26 16:13:01,095 [Worker-40: Building] INFO  o.a.m.s.f.DefaultMavenResourcesFiltering - skip non existing resourceDirectory C:\Users\rafaj\OneDrive\Escritorio\Curso Enucom\12.- EXAMEN FINAL\MICROSERVICIO_VETERINARIA\MS-Mascotas\src\test\resources
2025-03-26 16:14:45,487 [Worker-55: Building] INFO  o.a.m.s.f.DefaultMavenResourcesFiltering - Copying 1 resource from src\main\resources to target\classes
2025-03-26 16:14:45,544 [Worker-55: Building] INFO  o.a.m.s.f.DefaultMavenResourcesFiltering - Copying 0 resource from src\main\resources to target\classes
2025-03-26 16:14:45,551 [Worker-55: Building] INFO  o.a.m.s.f.DefaultMavenResourcesFiltering - skip non existing resourceDirectory C:\Users\rafaj\OneDrive\Escritorio\Curso Enucom\12.- EXAMEN FINAL\MICROSERVICIO_VETERINARIA\MS-Mascotas\src\test\resources
2025-03-26 16:27:22,297 [Worker-48: Building] INFO  o.a.m.s.f.DefaultMavenResourcesFiltering - Copying 1 resource from src\main\resources to target\classes
2025-03-26 16:27:22,408 [Worker-48: Building] INFO  o.a.m.s.f.DefaultMavenResourcesFiltering - Copying 0 resource from src\main\resources to target\classes
2025-03-26 16:27:22,426 [Worker-48: Building] INFO  o.a.m.s.f.DefaultMavenResourcesFiltering - skip non existing resourceDirectory C:\Users\rafaj\OneDrive\Escritorio\Curso Enucom\12.- EXAMEN FINAL\MICROSERVICIO_VETERINARIA\MS-Mascotas\src\test\resources
2025-03-26 16:27:38,861 [Worker-40: Building] INFO  o.a.m.s.f.DefaultMavenResourcesFiltering - Copying 1 resource from src\main\resources to target\classes
2025-03-26 16:27:38,903 [Worker-40: Building] INFO  o.a.m.s.f.DefaultMavenResourcesFiltering - Copying 0 resource from src\main\resources to target\classes
2025-03-26 16:27:38,907 [Worker-40: Building] INFO  o.a.m.s.f.DefaultMavenResourcesFiltering - skip non existing resourceDirectory C:\Users\rafaj\OneDrive\Escritorio\Curso Enucom\12.- EXAMEN FINAL\MICROSERVICIO_VETERINARIA\MS-Mascotas\src\test\resources
2025-03-26 16:36:20,236 [Worker-60: Building] INFO  o.a.m.s.f.DefaultMavenResourcesFiltering - Copying 1 resource from src\main\resources to target\classes
2025-03-26 16:36:20,361 [Worker-60: Building] INFO  o.a.m.s.f.DefaultMavenResourcesFiltering - Copying 0 resource from src\main\resources to target\classes
2025-03-26 16:36:20,365 [Worker-60: Building] INFO  o.a.m.s.f.DefaultMavenResourcesFiltering - skip non existing resourceDirectory C:\Users\rafaj\OneDrive\Escritorio\Curso Enucom\12.- EXAMEN FINAL\MICROSERVICIO_VETERINARIA\MS-Mascotas\src\test\resources
2025-03-26 16:36:57,576 [Worker-60: Building] INFO  o.a.m.s.f.DefaultMavenResourcesFiltering - Copying 1 resource from src\main\resources to target\classes
2025-03-26 16:36:57,619 [Worker-60: Building] INFO  o.a.m.s.f.DefaultMavenResourcesFiltering - Copying 0 resource from src\main\resources to target\classes
2025-03-26 16:36:57,624 [Worker-60: Building] INFO  o.a.m.s.f.DefaultMavenResourcesFiltering - skip non existing resourceDirectory C:\Users\rafaj\OneDrive\Escritorio\Curso Enucom\12.- EXAMEN FINAL\MICROSERVICIO_VETERINARIA\MS-Mascotas\src\test\resources
2025-03-26 16:37:21,044 [Worker-55: Building] INFO  o.a.m.s.f.DefaultMavenResourcesFiltering - Copying 1 resource from src\main\resources to target\classes
2025-03-26 16:37:21,198 [Worker-55: Building] INFO  o.a.m.s.f.DefaultMavenResourcesFiltering - Copying 0 resource from src\main\resources to target\classes
2025-03-26 16:37:21,204 [Worker-55: Building] INFO  o.a.m.s.f.DefaultMavenResourcesFiltering - skip non existing resourceDirectory C:\Users\rafaj\OneDrive\Escritorio\Curso Enucom\12.- EXAMEN FINAL\MICROSERVICIO_VETERINARIA\MS-Mascotas\src\test\resources
2025-03-26 16:38:35,724 [Worker-55: Building] INFO  o.a.m.s.f.DefaultMavenResourcesFiltering - Copying 1 resource from src\main\resources to target\classes
2025-03-26 16:38:36,573 [Worker-55: Building] INFO  o.a.m.s.f.DefaultMavenResourcesFiltering - Copying 0 resource from src\main\resources to target\classes
2025-03-26 16:38:36,592 [Worker-55: Building] INFO  o.a.m.s.f.DefaultMavenResourcesFiltering - skip non existing resourceDirectory C:\Users\rafaj\OneDrive\Escritorio\Curso Enucom\12.- EXAMEN FINAL\MICROSERVICIO_VETERINARIA\MS-Mascotas\src\test\resources
2025-03-26 16:39:15,644 [Worker-55: Building Workspace] INFO  o.a.m.s.f.DefaultMavenResourcesFiltering - Copying 1 resource from src\main\resources to target\classes
2025-03-26 16:39:15,742 [Worker-55: Building Workspace] INFO  o.a.m.s.f.DefaultMavenResourcesFiltering - Copying 0 resource from src\main\resources to target\classes
2025-03-26 16:39:15,747 [Worker-55: Building Workspace] INFO  o.a.m.s.f.DefaultMavenResourcesFiltering - skip non existing resourceDirectory C:\Users\rafaj\OneDrive\Escritorio\Curso Enucom\12.- EXAMEN FINAL\MICROSERVICIO_VETERINARIA\MS-Mascotas\src\test\resources
2025-03-26 16:39:31,654 [Worker-61: Building] INFO  o.a.m.s.f.DefaultMavenResourcesFiltering - Copying 1 resource from src\main\resources to target\classes
2025-03-26 16:39:31,678 [Worker-61: Building] INFO  o.a.m.s.f.DefaultMavenResourcesFiltering - Copying 0 resource from src\main\resources to target\classes
2025-03-26 16:39:31,681 [Worker-61: Building] INFO  o.a.m.s.f.DefaultMavenResourcesFiltering - skip non existing resourceDirectory C:\Users\rafaj\OneDrive\Escritorio\Curso Enucom\12.- EXAMEN FINAL\MICROSERVICIO_VETERINARIA\MS-Mascotas\src\test\resources
2025-03-26 16:39:35,765 [Worker-61: Building] INFO  o.a.m.s.f.DefaultMavenResourcesFiltering - Copying 1 resource from src\main\resources to target\classes
2025-03-26 16:39:35,778 [Worker-61: Building] INFO  o.a.m.s.f.DefaultMavenResourcesFiltering - Copying 0 resource from src\main\resources to target\classes
2025-03-26 16:39:35,781 [Worker-61: Building] INFO  o.a.m.s.f.DefaultMavenResourcesFiltering - skip non existing resourceDirectory C:\Users\rafaj\OneDrive\Escritorio\Curso Enucom\12.- EXAMEN FINAL\MICROSERVICIO_VETERINARIA\MS-Mascotas\src\test\resources
2025-03-26 16:39:44,283 [Worker-55: Building] INFO  o.a.m.s.f.DefaultMavenResourcesFiltering - Copying 1 resource from src\main\resources to target\classes
2025-03-26 16:39:44,371 [Worker-55: Building] INFO  o.a.m.s.f.DefaultMavenResourcesFiltering - Copying 0 resource from src\main\resources to target\classes
2025-03-26 16:39:44,374 [Worker-55: Building] INFO  o.a.m.s.f.DefaultMavenResourcesFiltering - skip non existing resourceDirectory C:\Users\rafaj\OneDrive\Escritorio\Curso Enucom\12.- EXAMEN FINAL\MICROSERVICIO_VETERINARIA\MS-Mascotas\src\test\resources
2025-03-26 16:40:17,070 [Worker-59: Building] INFO  o.a.m.s.f.DefaultMavenResourcesFiltering - Copying 1 resource from src\main\resources to target\classes
2025-03-26 16:40:17,088 [Worker-59: Building] INFO  o.a.m.s.f.DefaultMavenResourcesFiltering - Copying 0 resource from src\main\resources to target\classes
2025-03-26 16:40:17,091 [Worker-59: Building] INFO  o.a.m.s.f.DefaultMavenResourcesFiltering - skip non existing resourceDirectory C:\Users\rafaj\OneDrive\Escritorio\Curso Enucom\12.- EXAMEN FINAL\MICROSERVICIO_VETERINARIA\MS-Mascotas\src\test\resources
2025-03-26 16:40:57,805 [Worker-60: Building] INFO  o.a.m.s.f.DefaultMavenResourcesFiltering - Copying 1 resource from src\main\resources to target\classes
2025-03-26 16:40:57,928 [Worker-60: Building] INFO  o.a.m.s.f.DefaultMavenResourcesFiltering - Copying 0 resource from src\main\resources to target\classes
2025-03-26 16:40:57,933 [Worker-60: Building] INFO  o.a.m.s.f.DefaultMavenResourcesFiltering - skip non existing resourceDirectory C:\Users\rafaj\OneDrive\Escritorio\Curso Enucom\12.- EXAMEN FINAL\MICROSERVICIO_VETERINARIA\MS-Mascotas\src\test\resources
2025-03-26 16:45:02,962 [Worker-45: Building] INFO  o.a.m.s.f.DefaultMavenResourcesFiltering - Copying 1 resource from src\main\resources to target\classes
2025-03-26 16:45:03,018 [Worker-45: Building] INFO  o.a.m.s.f.DefaultMavenResourcesFiltering - Copying 0 resource from src\main\resources to target\classes
2025-03-26 16:45:03,028 [Worker-45: Building] INFO  o.a.m.s.f.DefaultMavenResourcesFiltering - skip non existing resourceDirectory C:\Users\rafaj\OneDrive\Escritorio\Curso Enucom\12.- EXAMEN FINAL\MICROSERVICIO_VETERINARIA\MS-Mascotas\src\test\resources
2025-03-26 16:45:10,854 [Worker-60: Building] INFO  o.a.m.s.f.DefaultMavenResourcesFiltering - Copying 1 resource from src\main\resources to target\classes
2025-03-26 16:45:10,999 [Worker-60: Building] INFO  o.a.m.s.f.DefaultMavenResourcesFiltering - Copying 0 resource from src\main\resources to target\classes
2025-03-26 16:45:11,005 [Worker-60: Building] INFO  o.a.m.s.f.DefaultMavenResourcesFiltering - skip non existing resourceDirectory C:\Users\rafaj\OneDrive\Escritorio\Curso Enucom\12.- EXAMEN FINAL\MICROSERVICIO_VETERINARIA\MS-Mascotas\src\test\resources
2025-03-26 16:46:13,703 [Worker-60: Building] INFO  o.a.m.s.f.DefaultMavenResourcesFiltering - Copying 1 resource from src\main\resources to target\classes
2025-03-26 16:46:13,987 [Worker-60: Building] INFO  o.a.m.s.f.DefaultMavenResourcesFiltering - Copying 0 resource from src\main\resources to target\classes
2025-03-26 16:46:14,004 [Worker-60: Building] INFO  o.a.m.s.f.DefaultMavenResourcesFiltering - skip non existing resourceDirectory C:\Users\rafaj\OneDrive\Escritorio\Curso Enucom\12.- EXAMEN FINAL\MICROSERVICIO_VETERINARIA\MS-Mascotas\src\test\resources
2025-03-26 16:47:15,576 [Worker-59: Building] INFO  o.a.m.s.f.DefaultMavenResourcesFiltering - Copying 1 resource from src\main\resources to target\classes
2025-03-26 16:47:15,864 [Worker-59: Building] INFO  o.a.m.s.f.DefaultMavenResourcesFiltering - Copying 0 resource from src\main\resources to target\classes
2025-03-26 16:47:15,870 [Worker-59: Building] INFO  o.a.m.s.f.DefaultMavenResourcesFiltering - skip non existing resourceDirectory C:\Users\rafaj\OneDrive\Escritorio\Curso Enucom\12.- EXAMEN FINAL\MICROSERVICIO_VETERINARIA\MS-Mascotas\src\test\resources
2025-03-26 16:47:33,243 [Worker-45: Building] INFO  o.a.m.s.f.DefaultMavenResourcesFiltering - Copying 1 resource from src\main\resources to target\classes
2025-03-26 16:47:33,332 [Worker-45: Building] INFO  o.a.m.s.f.DefaultMavenResourcesFiltering - Copying 0 resource from src\main\resources to target\classes
2025-03-26 16:47:33,337 [Worker-45: Building] INFO  o.a.m.s.f.DefaultMavenResourcesFiltering - skip non existing resourceDirectory C:\Users\rafaj\OneDrive\Escritorio\Curso Enucom\12.- EXAMEN FINAL\MICROSERVICIO_VETERINARIA\MS-Mascotas\src\test\resources
2025-03-26 16:48:23,759 [Worker-59: Building] INFO  o.a.m.s.f.DefaultMavenResourcesFiltering - Copying 1 resource from src\main\resources to target\classes
2025-03-26 16:48:23,776 [Worker-59: Building] INFO  o.a.m.s.f.DefaultMavenResourcesFiltering - Copying 0 resource from src\main\resources to target\classes
2025-03-26 16:48:23,780 [Worker-59: Building] INFO  o.a.m.s.f.DefaultMavenResourcesFiltering - skip non existing resourceDirectory C:\Users\rafaj\OneDrive\Escritorio\Curso Enucom\12.- EXAMEN FINAL\MICROSERVICIO_VETERINARIA\MS-Mascotas\src\test\resources
2025-03-26 16:48:48,835 [Worker-62: Building] INFO  o.a.m.s.f.DefaultMavenResourcesFiltering - Copying 1 resource from src\main\resources to target\classes
2025-03-26 16:48:48,878 [Worker-62: Building] INFO  o.a.m.s.f.DefaultMavenResourcesFiltering - Copying 0 resource from src\main\resources to target\classes
2025-03-26 16:48:48,898 [Worker-62: Building] INFO  o.a.m.s.f.DefaultMavenResourcesFiltering - skip non existing resourceDirectory C:\Users\rafaj\OneDrive\Escritorio\Curso Enucom\12.- EXAMEN FINAL\MICROSERVICIO_VETERINARIA\MS-Mascotas\src\test\resources
2025-03-26 16:50:34,982 [Worker-58: Building] INFO  o.a.m.s.f.DefaultMavenResourcesFiltering - Copying 1 resource from src\main\resources to target\classes
2025-03-26 16:50:35,045 [Worker-58: Building] INFO  o.a.m.s.f.DefaultMavenResourcesFiltering - Copying 0 resource from src\main\resources to target\classes
2025-03-26 16:50:35,054 [Worker-58: Building] INFO  o.a.m.s.f.DefaultMavenResourcesFiltering - skip non existing resourceDirectory C:\Users\rafaj\OneDrive\Escritorio\Curso Enucom\12.- EXAMEN FINAL\MICROSERVICIO_VETERINARIA\MS-Mascotas\src\test\resources
2025-03-26 16:50:50,528 [Worker-60: Building] INFO  o.a.m.s.f.DefaultMavenResourcesFiltering - Copying 1 resource from src\main\resources to target\classes
2025-03-26 16:50:50,544 [Worker-60: Building] INFO  o.a.m.s.f.DefaultMavenResourcesFiltering - Copying 0 resource from src\main\resources to target\classes
2025-03-26 16:50:50,549 [Worker-60: Building] INFO  o.a.m.s.f.DefaultMavenResourcesFiltering - skip non existing resourceDirectory C:\Users\rafaj\OneDrive\Escritorio\Curso Enucom\12.- EXAMEN FINAL\MICROSERVICIO_VETERINARIA\MS-Mascotas\src\test\resources
2025-03-26 16:51:03,107 [Worker-60: Building] INFO  o.a.m.s.f.DefaultMavenResourcesFiltering - Copying 1 resource from src\main\resources to target\classes
2025-03-26 16:51:03,188 [Worker-60: Building] INFO  o.a.m.s.f.DefaultMavenResourcesFiltering - Copying 0 resource from src\main\resources to target\classes
2025-03-26 16:51:03,191 [Worker-60: Building] INFO  o.a.m.s.f.DefaultMavenResourcesFiltering - skip non existing resourceDirectory C:\Users\rafaj\OneDrive\Escritorio\Curso Enucom\12.- EXAMEN FINAL\MICROSERVICIO_VETERINARIA\MS-Mascotas\src\test\resources
2025-03-26 16:51:28,097 [Worker-65: Building] INFO  o.a.m.s.f.DefaultMavenResourcesFiltering - Copying 1 resource from src\main\resources to target\classes
2025-03-26 16:51:28,127 [Worker-65: Building] INFO  o.a.m.s.f.DefaultMavenResourcesFiltering - Copying 0 resource from src\main\resources to target\classes
2025-03-26 16:51:28,130 [Worker-65: Building] INFO  o.a.m.s.f.DefaultMavenResourcesFiltering - skip non existing resourceDirectory C:\Users\rafaj\OneDrive\Escritorio\Curso Enucom\12.- EXAMEN FINAL\MICROSERVICIO_VETERINARIA\MS-Mascotas\src\test\resources
2025-03-26 16:51:47,001 [Worker-59: Building] INFO  o.a.m.s.f.DefaultMavenResourcesFiltering - Copying 1 resource from src\main\resources to target\classes
2025-03-26 16:51:47,020 [Worker-59: Building] INFO  o.a.m.s.f.DefaultMavenResourcesFiltering - Copying 0 resource from src\main\resources to target\classes
2025-03-26 16:51:47,023 [Worker-59: Building] INFO  o.a.m.s.f.DefaultMavenResourcesFiltering - skip non existing resourceDirectory C:\Users\rafaj\OneDrive\Escritorio\Curso Enucom\12.- EXAMEN FINAL\MICROSERVICIO_VETERINARIA\MS-Mascotas\src\test\resources
2025-03-26 16:52:12,786 [Worker-65: Building] INFO  o.a.m.s.f.DefaultMavenResourcesFiltering - Copying 1 resource from src\main\resources to target\classes
2025-03-26 16:52:12,822 [Worker-65: Building] INFO  o.a.m.s.f.DefaultMavenResourcesFiltering - Copying 0 resource from src\main\resources to target\classes
2025-03-26 16:52:12,825 [Worker-65: Building] INFO  o.a.m.s.f.DefaultMavenResourcesFiltering - skip non existing resourceDirectory C:\Users\rafaj\OneDrive\Escritorio\Curso Enucom\12.- EXAMEN FINAL\MICROSERVICIO_VETERINARIA\MS-Mascotas\src\test\resources
2025-03-26 16:52:56,215 [Worker-65: Building] INFO  o.a.m.s.f.DefaultMavenResourcesFiltering - Copying 1 resource from src\main\resources to target\classes
2025-03-26 16:52:56,304 [Worker-65: Building] INFO  o.a.m.s.f.DefaultMavenResourcesFiltering - Copying 0 resource from src\main\resources to target\classes
2025-03-26 16:52:56,309 [Worker-65: Building] INFO  o.a.m.s.f.DefaultMavenResourcesFiltering - skip non existing resourceDirectory C:\Users\rafaj\OneDrive\Escritorio\Curso Enucom\12.- EXAMEN FINAL\MICROSERVICIO_VETERINARIA\MS-Mascotas\src\test\resources
2025-03-26 16:53:29,458 [Worker-62: Building] INFO  o.a.m.s.f.DefaultMavenResourcesFiltering - Copying 1 resource from src\main\resources to target\classes
2025-03-26 16:53:29,484 [Worker-62: Building] INFO  o.a.m.s.f.DefaultMavenResourcesFiltering - Copying 0 resource from src\main\resources to target\classes
2025-03-26 16:53:29,488 [Worker-62: Building] INFO  o.a.m.s.f.DefaultMavenResourcesFiltering - skip non existing resourceDirectory C:\Users\rafaj\OneDrive\Escritorio\Curso Enucom\12.- EXAMEN FINAL\MICROSERVICIO_VETERINARIA\MS-Mascotas\src\test\resources
2025-03-26 16:53:45,516 [Worker-65: Building] INFO  o.a.m.s.f.DefaultMavenResourcesFiltering - Copying 1 resource from src\main\resources to target\classes
2025-03-26 16:53:45,638 [Worker-65: Building] INFO  o.a.m.s.f.DefaultMavenResourcesFiltering - Copying 0 resource from src\main\resources to target\classes
2025-03-26 16:53:45,641 [Worker-65: Building] INFO  o.a.m.s.f.DefaultMavenResourcesFiltering - skip non existing resourceDirectory C:\Users\rafaj\OneDrive\Escritorio\Curso Enucom\12.- EXAMEN FINAL\MICROSERVICIO_VETERINARIA\MS-Mascotas\src\test\resources
2025-03-26 16:54:16,897 [Worker-61: Building] INFO  o.a.m.s.f.DefaultMavenResourcesFiltering - Copying 1 resource from src\main\resources to target\classes
2025-03-26 16:54:16,926 [Worker-61: Building] INFO  o.a.m.s.f.DefaultMavenResourcesFiltering - Copying 0 resource from src\main\resources to target\classes
2025-03-26 16:54:16,929 [Worker-61: Building] INFO  o.a.m.s.f.DefaultMavenResourcesFiltering - skip non existing resourceDirectory C:\Users\rafaj\OneDrive\Escritorio\Curso Enucom\12.- EXAMEN FINAL\MICROSERVICIO_VETERINARIA\MS-Mascotas\src\test\resources
2025-03-26 16:54:29,537 [Worker-62: Building] INFO  o.a.m.s.f.DefaultMavenResourcesFiltering - Copying 1 resource from src\main\resources to target\classes
2025-03-26 16:54:29,634 [Worker-62: Building] INFO  o.a.m.s.f.DefaultMavenResourcesFiltering - Copying 0 resource from src\main\resources to target\classes
2025-03-26 16:54:29,637 [Worker-62: Building] INFO  o.a.m.s.f.DefaultMavenResourcesFiltering - skip non existing resourceDirectory C:\Users\rafaj\OneDrive\Escritorio\Curso Enucom\12.- EXAMEN FINAL\MICROSERVICIO_VETERINARIA\MS-Mascotas\src\test\resources
2025-03-26 16:55:12,685 [Worker-59: Building] INFO  o.a.m.s.f.DefaultMavenResourcesFiltering - Copying 1 resource from src\main\resources to target\classes
2025-03-26 16:55:12,698 [Worker-59: Building] INFO  o.a.m.s.f.DefaultMavenResourcesFiltering - Copying 0 resource from src\main\resources to target\classes
2025-03-26 16:55:12,702 [Worker-59: Building] INFO  o.a.m.s.f.DefaultMavenResourcesFiltering - skip non existing resourceDirectory C:\Users\rafaj\OneDrive\Escritorio\Curso Enucom\12.- EXAMEN FINAL\MICROSERVICIO_VETERINARIA\MS-Mascotas\src\test\resources
2025-03-26 16:55:14,953 [Worker-64: Building] INFO  o.a.m.s.f.DefaultMavenResourcesFiltering - Copying 1 resource from src\main\resources to target\classes
2025-03-26 16:55:14,981 [Worker-64: Building] INFO  o.a.m.s.f.DefaultMavenResourcesFiltering - Copying 0 resource from src\main\resources to target\classes
2025-03-26 16:55:14,987 [Worker-64: Building] INFO  o.a.m.s.f.DefaultMavenResourcesFiltering - skip non existing resourceDirectory C:\Users\rafaj\OneDrive\Escritorio\Curso Enucom\12.- EXAMEN FINAL\MICROSERVICIO_VETERINARIA\MS-Mascotas\src\test\resources
2025-03-26 16:56:47,723 [Worker-63: Building] INFO  o.a.m.s.f.DefaultMavenResourcesFiltering - Copying 1 resource from src\main\resources to target\classes
2025-03-26 16:56:47,739 [Worker-63: Building] INFO  o.a.m.s.f.DefaultMavenResourcesFiltering - Copying 0 resource from src\main\resources to target\classes
2025-03-26 16:56:47,743 [Worker-63: Building] INFO  o.a.m.s.f.DefaultMavenResourcesFiltering - skip non existing resourceDirectory C:\Users\rafaj\OneDrive\Escritorio\Curso Enucom\12.- EXAMEN FINAL\MICROSERVICIO_VETERINARIA\MS-Mascotas\src\test\resources
2025-03-26 16:57:26,185 [Worker-64: Building] INFO  o.a.m.s.f.DefaultMavenResourcesFiltering - Copying 1 resource from src\main\resources to target\classes
2025-03-26 16:57:26,361 [Worker-64: Building] INFO  o.a.m.s.f.DefaultMavenResourcesFiltering - Copying 0 resource from src\main\resources to target\classes
2025-03-26 16:57:26,364 [Worker-64: Building] INFO  o.a.m.s.f.DefaultMavenResourcesFiltering - skip non existing resourceDirectory C:\Users\rafaj\OneDrive\Escritorio\Curso Enucom\12.- EXAMEN FINAL\MICROSERVICIO_VETERINARIA\MS-Mascotas\src\test\resources
2025-03-26 22:47:56,362 [Worker-67: Building] INFO  o.a.m.s.f.DefaultMavenResourcesFiltering - Copying 1 resource from src\main\resources to target\classes
2025-03-26 22:47:56,390 [Worker-67: Building] INFO  o.a.m.s.f.DefaultMavenResourcesFiltering - Copying 0 resource from src\main\resources to target\classes
2025-03-26 22:47:56,395 [Worker-67: Building] INFO  o.a.m.s.f.DefaultMavenResourcesFiltering - skip non existing resourceDirectory C:\Users\rafaj\OneDrive\Escritorio\Curso Enucom\12.- EXAMEN FINAL\MICROSERVICIO_VETERINARIA\MS-Responsables\src\test\resources
2025-03-26 22:51:42,729 [Worker-62: Building] INFO  o.a.m.s.f.DefaultMavenResourcesFiltering - Copying 1 resource from src\main\resources to target\classes
2025-03-26 22:51:42,863 [Worker-62: Building] INFO  o.a.m.s.f.DefaultMavenResourcesFiltering - Copying 0 resource from src\main\resources to target\classes
2025-03-26 22:51:42,877 [Worker-62: Building] INFO  o.a.m.s.f.DefaultMavenResourcesFiltering - skip non existing resourceDirectory C:\Users\rafaj\OneDrive\Escritorio\Curso Enucom\12.- EXAMEN FINAL\MICROSERVICIO_VETERINARIA\MS-Veterinarias\src\test\resources
2025-03-26 22:51:47,459 [Worker-68: Building] INFO  o.a.m.s.f.DefaultMavenResourcesFiltering - Copying 1 resource from src\main\resources to target\classes
2025-03-26 22:51:47,565 [Worker-68: Building] INFO  o.a.m.s.f.DefaultMavenResourcesFiltering - Copying 0 resource from src\main\resources to target\classes
2025-03-26 22:51:47,569 [Worker-68: Building] INFO  o.a.m.s.f.DefaultMavenResourcesFiltering - skip non existing resourceDirectory C:\Users\rafaj\OneDrive\Escritorio\Curso Enucom\12.- EXAMEN FINAL\MICROSERVICIO_VETERINARIA\MS-Veterinarias\src\test\resources
2025-03-26 22:52:33,213 [Worker-58: Building] INFO  o.a.m.s.f.DefaultMavenResourcesFiltering - Copying 1 resource from src\main\resources to target\classes
2025-03-26 22:52:33,327 [Worker-58: Building] INFO  o.a.m.s.f.DefaultMavenResourcesFiltering - Copying 0 resource from src\main\resources to target\classes
2025-03-26 22:52:33,331 [Worker-58: Building] INFO  o.a.m.s.f.DefaultMavenResourcesFiltering - skip non existing resourceDirectory C:\Users\rafaj\OneDrive\Escritorio\Curso Enucom\12.- EXAMEN FINAL\MICROSERVICIO_VETERINARIA\MS-Responsables\src\test\resources
2025-03-26 22:52:45,975 [Worker-67: Building] INFO  o.a.m.s.f.DefaultMavenResourcesFiltering - Copying 1 resource from src\main\resources to target\classes
2025-03-26 22:52:46,152 [Worker-67: Building] INFO  o.a.m.s.f.DefaultMavenResourcesFiltering - Copying 0 resource from src\main\resources to target\classes
2025-03-26 22:52:46,157 [Worker-67: Building] INFO  o.a.m.s.f.DefaultMavenResourcesFiltering - skip non existing resourceDirectory C:\Users\rafaj\OneDrive\Escritorio\Curso Enucom\12.- EXAMEN FINAL\MICROSERVICIO_VETERINARIA\MS-Responsables\src\test\resources
2025-03-26 22:54:29,856 [Worker-68: Building] INFO  o.a.m.s.f.DefaultMavenResourcesFiltering - Copying 1 resource from src\main\resources to target\classes
2025-03-26 22:54:29,938 [Worker-68: Building] INFO  o.a.m.s.f.DefaultMavenResourcesFiltering - Copying 0 resource from src\main\resources to target\classes
2025-03-26 22:54:29,951 [Worker-68: Building] INFO  o.a.m.s.f.DefaultMavenResourcesFiltering - skip non existing resourceDirectory C:\Users\rafaj\OneDrive\Escritorio\Curso Enucom\12.- EXAMEN FINAL\MICROSERVICIO_VETERINARIA\MS-Responsables\src\test\resources
2025-03-26 22:55:01,852 [Worker-68: Building] INFO  o.a.m.s.f.DefaultMavenResourcesFiltering - Copying 1 resource from src\main\resources to target\classes
2025-03-26 22:55:01,956 [Worker-68: Building] INFO  o.a.m.s.f.DefaultMavenResourcesFiltering - Copying 0 resource from src\main\resources to target\classes
2025-03-26 22:55:01,961 [Worker-68: Building] INFO  o.a.m.s.f.DefaultMavenResourcesFiltering - skip non existing resourceDirectory C:\Users\rafaj\OneDrive\Escritorio\Curso Enucom\12.- EXAMEN FINAL\MICROSERVICIO_VETERINARIA\MS-Responsables\src\test\resources
2025-03-26 22:55:52,425 [Worker-62: Building] INFO  o.a.m.s.f.DefaultMavenResourcesFiltering - Copying 1 resource from src\main\resources to target\classes
2025-03-26 22:55:52,480 [Worker-62: Building] INFO  o.a.m.s.f.DefaultMavenResourcesFiltering - Copying 0 resource from src\main\resources to target\classes
2025-03-26 22:55:52,484 [Worker-62: Building] INFO  o.a.m.s.f.DefaultMavenResourcesFiltering - skip non existing resourceDirectory C:\Users\rafaj\OneDrive\Escritorio\Curso Enucom\12.- EXAMEN FINAL\MICROSERVICIO_VETERINARIA\MS-Responsables\src\test\resources
2025-03-26 22:56:05,780 [Worker-68: Building] INFO  o.a.m.s.f.DefaultMavenResourcesFiltering - Copying 1 resource from src\main\resources to target\classes
2025-03-26 22:56:05,826 [Worker-68: Building] INFO  o.a.m.s.f.DefaultMavenResourcesFiltering - Copying 0 resource from src\main\resources to target\classes
2025-03-26 22:56:05,830 [Worker-68: Building] INFO  o.a.m.s.f.DefaultMavenResourcesFiltering - skip non existing resourceDirectory C:\Users\rafaj\OneDrive\Escritorio\Curso Enucom\12.- EXAMEN FINAL\MICROSERVICIO_VETERINARIA\MS-Responsables\src\test\resources
2025-03-26 22:56:47,293 [Worker-68: Building] INFO  o.a.m.s.f.DefaultMavenResourcesFiltering - Copying 1 resource from src\main\resources to target\classes
2025-03-26 22:56:47,450 [Worker-68: Building] INFO  o.a.m.s.f.DefaultMavenResourcesFiltering - Copying 0 resource from src\main\resources to target\classes
2025-03-26 22:56:47,477 [Worker-68: Building] INFO  o.a.m.s.f.DefaultMavenResourcesFiltering - skip non existing resourceDirectory C:\Users\rafaj\OneDrive\Escritorio\Curso Enucom\12.- EXAMEN FINAL\MICROSERVICIO_VETERINARIA\MS-Veterinarias\src\test\resources
2025-03-26 22:57:14,253 [Worker-61: Building] INFO  o.a.m.s.f.DefaultMavenResourcesFiltering - Copying 1 resource from src\main\resources to target\classes
2025-03-26 22:57:14,412 [Worker-61: Building] INFO  o.a.m.s.f.DefaultMavenResourcesFiltering - Copying 0 resource from src\main\resources to target\classes
2025-03-26 22:57:14,417 [Worker-61: Building] INFO  o.a.m.s.f.DefaultMavenResourcesFiltering - skip non existing resourceDirectory C:\Users\rafaj\OneDrive\Escritorio\Curso Enucom\12.- EXAMEN FINAL\MICROSERVICIO_VETERINARIA\MS-Responsables\src\test\resources
2025-03-26 22:59:07,532 [Worker-68: Building] INFO  o.a.m.s.f.DefaultMavenResourcesFiltering - Copying 1 resource from src\main\resources to target\classes
2025-03-26 22:59:07,644 [Worker-68: Building] INFO  o.a.m.s.f.DefaultMavenResourcesFiltering - Copying 0 resource from src\main\resources to target\classes
2025-03-26 22:59:07,662 [Worker-68: Building] INFO  o.a.m.s.f.DefaultMavenResourcesFiltering - skip non existing resourceDirectory C:\Users\rafaj\OneDrive\Escritorio\Curso Enucom\12.- EXAMEN FINAL\MICROSERVICIO_VETERINARIA\MS-Veterinarias\src\test\resources
2025-03-26 22:59:54,888 [Worker-65: Building] INFO  o.a.m.s.f.DefaultMavenResourcesFiltering - Copying 1 resource from src\main\resources to target\classes
2025-03-26 22:59:55,066 [Worker-65: Building] INFO  o.a.m.s.f.DefaultMavenResourcesFiltering - Copying 0 resource from src\main\resources to target\classes
2025-03-26 22:59:55,069 [Worker-65: Building] INFO  o.a.m.s.f.DefaultMavenResourcesFiltering - skip non existing resourceDirectory C:\Users\rafaj\OneDrive\Escritorio\Curso Enucom\12.- EXAMEN FINAL\MICROSERVICIO_VETERINARIA\MS-Veterinarias\src\test\resources
2025-03-26 23:00:30,570 [Worker-62: Building] INFO  o.a.m.s.f.DefaultMavenResourcesFiltering - Copying 1 resource from src\main\resources to target\classes
2025-03-26 23:00:30,664 [Worker-62: Building] INFO  o.a.m.s.f.DefaultMavenResourcesFiltering - Copying 0 resource from src\main\resources to target\classes
2025-03-26 23:00:30,673 [Worker-62: Building] INFO  o.a.m.s.f.DefaultMavenResourcesFiltering - skip non existing resourceDirectory C:\Users\rafaj\OneDrive\Escritorio\Curso Enucom\12.- EXAMEN FINAL\MICROSERVICIO_VETERINARIA\MS-Veterinarias\src\test\resources
2025-03-26 23:00:40,962 [Worker-68: Building] INFO  o.a.m.s.f.DefaultMavenResourcesFiltering - Copying 1 resource from src\main\resources to target\classes
2025-03-26 23:00:41,014 [Worker-68: Building] INFO  o.a.m.s.f.DefaultMavenResourcesFiltering - Copying 0 resource from src\main\resources to target\classes
2025-03-26 23:00:41,017 [Worker-68: Building] INFO  o.a.m.s.f.DefaultMavenResourcesFiltering - skip non existing resourceDirectory C:\Users\rafaj\OneDrive\Escritorio\Curso Enucom\12.- EXAMEN FINAL\MICROSERVICIO_VETERINARIA\MS-Veterinarias\src\test\resources
2025-03-26 23:00:56,877 [Worker-65: Building] INFO  o.a.m.s.f.DefaultMavenResourcesFiltering - Copying 1 resource from src\main\resources to target\classes
2025-03-26 23:00:56,915 [Worker-65: Building] INFO  o.a.m.s.f.DefaultMavenResourcesFiltering - Copying 0 resource from src\main\resources to target\classes
2025-03-26 23:00:56,919 [Worker-65: Building] INFO  o.a.m.s.f.DefaultMavenResourcesFiltering - skip non existing resourceDirectory C:\Users\rafaj\OneDrive\Escritorio\Curso Enucom\12.- EXAMEN FINAL\MICROSERVICIO_VETERINARIA\MS-Veterinarias\src\test\resources
2025-03-26 23:01:32,622 [Worker-68: Building] INFO  o.a.m.s.f.DefaultMavenResourcesFiltering - Copying 1 resource from src\main\resources to target\classes
2025-03-26 23:01:32,635 [Worker-68: Building] INFO  o.a.m.s.f.DefaultMavenResourcesFiltering - Copying 0 resource from src\main\resources to target\classes
2025-03-26 23:01:32,638 [Worker-68: Building] INFO  o.a.m.s.f.DefaultMavenResourcesFiltering - skip non existing resourceDirectory C:\Users\rafaj\OneDrive\Escritorio\Curso Enucom\12.- EXAMEN FINAL\MICROSERVICIO_VETERINARIA\MS-Veterinarias\src\test\resources
2025-03-26 23:03:50,332 [Worker-65: Building] INFO  o.a.m.s.f.DefaultMavenResourcesFiltering - Copying 1 resource from src\main\resources to target\classes
2025-03-26 23:03:50,381 [Worker-65: Building] INFO  o.a.m.s.f.DefaultMavenResourcesFiltering - Copying 0 resource from src\main\resources to target\classes
2025-03-26 23:03:50,396 [Worker-65: Building] INFO  o.a.m.s.f.DefaultMavenResourcesFiltering - skip non existing resourceDirectory C:\Users\rafaj\OneDrive\Escritorio\Curso Enucom\12.- EXAMEN FINAL\MICROSERVICIO_VETERINARIA\MS-Veterinarias\src\test\resources
2025-03-26 23:04:39,207 [Worker-70: Building] INFO  o.a.m.s.f.DefaultMavenResourcesFiltering - Copying 1 resource from src\main\resources to target\classes
2025-03-26 23:04:39,277 [Worker-70: Building] INFO  o.a.m.s.f.DefaultMavenResourcesFiltering - Copying 0 resource from src\main\resources to target\classes
2025-03-26 23:04:39,283 [Worker-70: Building] INFO  o.a.m.s.f.DefaultMavenResourcesFiltering - skip non existing resourceDirectory C:\Users\rafaj\OneDrive\Escritorio\Curso Enucom\12.- EXAMEN FINAL\MICROSERVICIO_VETERINARIA\MS-Veterinarias\src\test\resources
2025-03-26 23:06:21,217 [Worker-71: Building] INFO  o.a.m.s.f.DefaultMavenResourcesFiltering - Copying 1 resource from src\main\resources to target\classes
2025-03-26 23:06:21,405 [Worker-71: Building] INFO  o.a.m.s.f.DefaultMavenResourcesFiltering - Copying 0 resource from src\main\resources to target\classes
2025-03-26 23:06:21,409 [Worker-71: Building] INFO  o.a.m.s.f.DefaultMavenResourcesFiltering - skip non existing resourceDirectory C:\Users\rafaj\OneDrive\Escritorio\Curso Enucom\12.- EXAMEN FINAL\MICROSERVICIO_VETERINARIA\MS-Responsables\src\test\resources
2025-03-26 23:12:40,589 [Worker-69: Building] INFO  o.a.m.s.f.DefaultMavenResourcesFiltering - Copying 1 resource from src\main\resources to target\classes
2025-03-26 23:12:40,671 [Worker-69: Building] INFO  o.a.m.s.f.DefaultMavenResourcesFiltering - Copying 0 resource from src\main\resources to target\classes
2025-03-26 23:12:40,680 [Worker-69: Building] INFO  o.a.m.s.f.DefaultMavenResourcesFiltering - skip non existing resourceDirectory C:\Users\rafaj\OneDrive\Escritorio\Curso Enucom\12.- EXAMEN FINAL\MICROSERVICIO_VETERINARIA\MS-Responsables\src\test\resources
2025-03-26 23:13:09,916 [Worker-70: Building] INFO  o.a.m.s.f.DefaultMavenResourcesFiltering - Copying 1 resource from src\main\resources to target\classes
2025-03-26 23:13:10,305 [Worker-70: Building] INFO  o.a.m.s.f.DefaultMavenResourcesFiltering - Copying 0 resource from src\main\resources to target\classes
2025-03-26 23:13:10,321 [Worker-70: Building] INFO  o.a.m.s.f.DefaultMavenResourcesFiltering - skip non existing resourceDirectory C:\Users\rafaj\OneDrive\Escritorio\Curso Enucom\12.- EXAMEN FINAL\MICROSERVICIO_VETERINARIA\MS-Veterinarias\src\test\resources
2025-03-26 23:19:10,277 [Worker-58: Building] INFO  o.a.m.s.f.DefaultMavenResourcesFiltering - Copying 1 resource from src\main\resources to target\classes
2025-03-26 23:19:10,300 [Worker-58: Building] INFO  o.a.m.s.f.DefaultMavenResourcesFiltering - Copying 0 resource from src\main\resources to target\classes
2025-03-26 23:19:10,304 [Worker-58: Building] INFO  o.a.m.s.f.DefaultMavenResourcesFiltering - skip non existing resourceDirectory C:\Users\rafaj\OneDrive\Escritorio\Curso Enucom\12.- EXAMEN FINAL\MICROSERVICIO_VETERINARIA\MS-Responsables\src\test\resources
2025-03-26 23:19:51,996 [Worker-58: Building] INFO  o.a.m.s.f.DefaultMavenResourcesFiltering - Copying 1 resource from src\main\resources to target\classes
2025-03-26 23:19:52,018 [Worker-58: Building] INFO  o.a.m.s.f.DefaultMavenResourcesFiltering - Copying 0 resource from src\main\resources to target\classes
2025-03-26 23:19:52,022 [Worker-58: Building] INFO  o.a.m.s.f.DefaultMavenResourcesFiltering - skip non existing resourceDirectory C:\Users\rafaj\OneDrive\Escritorio\Curso Enucom\12.- EXAMEN FINAL\MICROSERVICIO_VETERINARIA\MS-Responsables\src\test\resources
2025-03-26 23:21:39,466 [Worker-55: Building] INFO  o.a.m.s.f.DefaultMavenResourcesFiltering - Copying 1 resource from src\main\resources to target\classes
2025-03-26 23:21:39,501 [Worker-55: Building] INFO  o.a.m.s.f.DefaultMavenResourcesFiltering - Copying 0 resource from src\main\resources to target\classes
2025-03-26 23:21:39,504 [Worker-55: Building] INFO  o.a.m.s.f.DefaultMavenResourcesFiltering - skip non existing resourceDirectory C:\Users\rafaj\OneDrive\Escritorio\Curso Enucom\12.- EXAMEN FINAL\MICROSERVICIO_VETERINARIA\MS-Responsables\src\test\resources
2025-03-26 23:29:57,537 [Worker-71: Building] INFO  o.a.m.s.f.DefaultMavenResourcesFiltering - Copying 1 resource from src\main\resources to target\classes
2025-03-26 23:29:57,652 [Worker-71: Building] INFO  o.a.m.s.f.DefaultMavenResourcesFiltering - Copying 0 resource from src\main\resources to target\classes
2025-03-26 23:29:57,656 [Worker-71: Building] INFO  o.a.m.s.f.DefaultMavenResourcesFiltering - skip non existing resourceDirectory C:\Users\rafaj\OneDrive\Escritorio\Curso Enucom\12.- EXAMEN FINAL\MICROSERVICIO_VETERINARIA\MS-Mascotas\src\test\resources
2025-03-26 23:30:08,893 [Worker-65: Building] INFO  o.a.m.s.f.DefaultMavenResourcesFiltering - Copying 1 resource from src\main\resources to target\classes
2025-03-26 23:30:08,903 [Worker-65: Building] INFO  o.a.m.s.f.DefaultMavenResourcesFiltering - Copying 0 resource from src\main\resources to target\classes
2025-03-26 23:30:08,908 [Worker-65: Building] INFO  o.a.m.s.f.DefaultMavenResourcesFiltering - skip non existing resourceDirectory C:\Users\rafaj\OneDrive\Escritorio\Curso Enucom\12.- EXAMEN FINAL\MICROSERVICIO_VETERINARIA\MS-Mascotas\src\test\resources
2025-03-26 23:31:50,835 [Worker-61: Building] INFO  o.a.m.s.f.DefaultMavenResourcesFiltering - Copying 1 resource from src\main\resources to target\classes
2025-03-26 23:31:51,267 [Worker-61: Building] INFO  o.a.m.s.f.DefaultMavenResourcesFiltering - Copying 0 resource from src\main\resources to target\classes
2025-03-26 23:31:51,272 [Worker-61: Building] INFO  o.a.m.s.f.DefaultMavenResourcesFiltering - skip non existing resourceDirectory C:\Users\rafaj\OneDrive\Escritorio\Curso Enucom\12.- EXAMEN FINAL\MICROSERVICIO_VETERINARIA\MS-Mascotas\src\test\resources
2025-03-26 23:32:15,448 [Worker-65: Building] INFO  o.a.m.s.f.DefaultMavenResourcesFiltering - Copying 1 resource from src\main\resources to target\classes
2025-03-26 23:32:15,500 [Worker-65: Building] INFO  o.a.m.s.f.DefaultMavenResourcesFiltering - Copying 0 resource from src\main\resources to target\classes
2025-03-26 23:32:15,504 [Worker-65: Building] INFO  o.a.m.s.f.DefaultMavenResourcesFiltering - skip non existing resourceDirectory C:\Users\rafaj\OneDrive\Escritorio\Curso Enucom\12.- EXAMEN FINAL\MICROSERVICIO_VETERINARIA\MS-Mascotas\src\test\resources
2025-03-26 23:34:28,937 [Worker-61: Building] INFO  o.a.m.s.f.DefaultMavenResourcesFiltering - Copying 1 resource from src\main\resources to target\classes
2025-03-26 23:34:29,055 [Worker-61: Building] INFO  o.a.m.s.f.DefaultMavenResourcesFiltering - Copying 0 resource from src\main\resources to target\classes
2025-03-26 23:34:29,058 [Worker-61: Building] INFO  o.a.m.s.f.DefaultMavenResourcesFiltering - skip non existing resourceDirectory C:\Users\rafaj\OneDrive\Escritorio\Curso Enucom\12.- EXAMEN FINAL\MICROSERVICIO_VETERINARIA\MS-Responsables\src\test\resources
2025-03-26 23:34:50,870 [Worker-55: Building] INFO  o.a.m.s.f.DefaultMavenResourcesFiltering - Copying 1 resource from src\main\resources to target\classes
2025-03-26 23:34:51,016 [Worker-55: Building] INFO  o.a.m.s.f.DefaultMavenResourcesFiltering - Copying 0 resource from src\main\resources to target\classes
2025-03-26 23:34:51,020 [Worker-55: Building] INFO  o.a.m.s.f.DefaultMavenResourcesFiltering - skip non existing resourceDirectory C:\Users\rafaj\OneDrive\Escritorio\Curso Enucom\12.- EXAMEN FINAL\MICROSERVICIO_VETERINARIA\MS-Responsables\src\test\resources
2025-03-26 23:35:21,336 [Worker-61: Building] INFO  o.a.m.s.f.DefaultMavenResourcesFiltering - Copying 1 resource from src\main\resources to target\classes
2025-03-26 23:35:21,351 [Worker-61: Building] INFO  o.a.m.s.f.DefaultMavenResourcesFiltering - Copying 0 resource from src\main\resources to target\classes
2025-03-26 23:35:21,354 [Worker-61: Building] INFO  o.a.m.s.f.DefaultMavenResourcesFiltering - skip non existing resourceDirectory C:\Users\rafaj\OneDrive\Escritorio\Curso Enucom\12.- EXAMEN FINAL\MICROSERVICIO_VETERINARIA\MS-Mascotas\src\test\resources
2025-03-26 23:35:35,807 [Worker-71: Building] INFO  o.a.m.s.f.DefaultMavenResourcesFiltering - Copying 1 resource from src\main\resources to target\classes
2025-03-26 23:35:35,829 [Worker-71: Building] INFO  o.a.m.s.f.DefaultMavenResourcesFiltering - Copying 0 resource from src\main\resources to target\classes
2025-03-26 23:35:35,833 [Worker-71: Building] INFO  o.a.m.s.f.DefaultMavenResourcesFiltering - skip non existing resourceDirectory C:\Users\rafaj\OneDrive\Escritorio\Curso Enucom\12.- EXAMEN FINAL\MICROSERVICIO_VETERINARIA\MS-Mascotas\src\test\resources
2025-03-26 23:35:41,817 [Worker-72: Building] INFO  o.a.m.s.f.DefaultMavenResourcesFiltering - Copying 1 resource from src\main\resources to target\classes
2025-03-26 23:35:41,827 [Worker-72: Building] INFO  o.a.m.s.f.DefaultMavenResourcesFiltering - Copying 0 resource from src\main\resources to target\classes
2025-03-26 23:35:41,830 [Worker-72: Building] INFO  o.a.m.s.f.DefaultMavenResourcesFiltering - skip non existing resourceDirectory C:\Users\rafaj\OneDrive\Escritorio\Curso Enucom\12.- EXAMEN FINAL\MICROSERVICIO_VETERINARIA\MS-Mascotas\src\test\resources
2025-03-26 23:36:46,228 [Worker-67: Building] INFO  o.a.m.s.f.DefaultMavenResourcesFiltering - Copying 1 resource from src\main\resources to target\classes
2025-03-26 23:36:46,282 [Worker-67: Building] INFO  o.a.m.s.f.DefaultMavenResourcesFiltering - Copying 0 resource from src\main\resources to target\classes
2025-03-26 23:36:46,286 [Worker-67: Building] INFO  o.a.m.s.f.DefaultMavenResourcesFiltering - skip non existing resourceDirectory C:\Users\rafaj\OneDrive\Escritorio\Curso Enucom\12.- EXAMEN FINAL\MICROSERVICIO_VETERINARIA\MS-Responsables\src\test\resources
2025-03-26 23:37:23,687 [Worker-69: Building] INFO  o.a.m.s.f.DefaultMavenResourcesFiltering - Copying 1 resource from src\main\resources to target\classes
2025-03-26 23:37:23,713 [Worker-69: Building] INFO  o.a.m.s.f.DefaultMavenResourcesFiltering - Copying 0 resource from src\main\resources to target\classes
2025-03-26 23:37:23,716 [Worker-69: Building] INFO  o.a.m.s.f.DefaultMavenResourcesFiltering - skip non existing resourceDirectory C:\Users\rafaj\OneDrive\Escritorio\Curso Enucom\12.- EXAMEN FINAL\MICROSERVICIO_VETERINARIA\MS-Responsables\src\test\resources
2025-03-26 23:44:09,679 [Worker-67: Building] INFO  o.a.m.s.f.DefaultMavenResourcesFiltering - Copying 1 resource from src\main\resources to target\classes
2025-03-26 23:44:09,746 [Worker-67: Building] INFO  o.a.m.s.f.DefaultMavenResourcesFiltering - Copying 0 resource from src\main\resources to target\classes
2025-03-26 23:44:09,750 [Worker-67: Building] INFO  o.a.m.s.f.DefaultMavenResourcesFiltering - skip non existing resourceDirectory C:\Users\rafaj\OneDrive\Escritorio\Curso Enucom\12.- EXAMEN FINAL\MICROSERVICIO_VETERINARIA\MS-Mascotas\src\test\resources
2025-03-26 23:47:16,982 [Worker-70: Building] INFO  o.a.m.s.f.DefaultMavenResourcesFiltering - Copying 1 resource from src\main\resources to target\classes
2025-03-26 23:47:17,004 [Worker-70: Building] INFO  o.a.m.s.f.DefaultMavenResourcesFiltering - Copying 0 resource from src\main\resources to target\classes
2025-03-26 23:47:17,008 [Worker-70: Building] INFO  o.a.m.s.f.DefaultMavenResourcesFiltering - skip non existing resourceDirectory C:\Users\rafaj\OneDrive\Escritorio\Curso Enucom\12.- EXAMEN FINAL\MICROSERVICIO_VETERINARIA\MS-Mascotas\src\test\resources
2025-03-26 23:50:02,590 [Worker-55: Building] INFO  o.a.m.s.f.DefaultMavenResourcesFiltering - Copying 1 resource from src\main\resources to target\classes
2025-03-26 23:50:02,955 [Worker-55: Building] INFO  o.a.m.s.f.DefaultMavenResourcesFiltering - Copying 0 resource from src\main\resources to target\classes
2025-03-26 23:50:02,973 [Worker-55: Building] INFO  o.a.m.s.f.DefaultMavenResourcesFiltering - skip non existing resourceDirectory C:\Users\rafaj\OneDrive\Escritorio\Curso Enucom\12.- EXAMEN FINAL\MICROSERVICIO_VETERINARIA\MS-Responsables\src\test\resources
2025-03-26 23:54:50,455 [Worker-58: Building] INFO  o.a.m.s.f.DefaultMavenResourcesFiltering - Copying 1 resource from src\main\resources to target\classes
2025-03-26 23:54:50,659 [Worker-58: Building] INFO  o.a.m.s.f.DefaultMavenResourcesFiltering - Copying 0 resource from src\main\resources to target\classes
2025-03-26 23:54:50,668 [Worker-58: Building] INFO  o.a.m.s.f.DefaultMavenResourcesFiltering - skip non existing resourceDirectory C:\Users\rafaj\OneDrive\Escritorio\Curso Enucom\12.- EXAMEN FINAL\MICROSERVICIO_VETERINARIA\MS-ApiGateway\src\test\resources
2025-03-26 23:55:57,512 [Worker-69: Building] INFO  o.a.m.s.f.DefaultMavenResourcesFiltering - Copying 1 resource from src\main\resources to target\classes
2025-03-26 23:55:57,806 [Worker-69: Building] INFO  o.a.m.s.f.DefaultMavenResourcesFiltering - Copying 0 resource from src\main\resources to target\classes
2025-03-26 23:55:57,811 [Worker-69: Building] INFO  o.a.m.s.f.DefaultMavenResourcesFiltering - skip non existing resourceDirectory C:\Users\rafaj\OneDrive\Escritorio\Curso Enucom\12.- EXAMEN FINAL\MICROSERVICIO_VETERINARIA\MS-Mascotas\src\test\resources
2025-03-26 23:58:13,192 [Worker-62: Building] INFO  o.a.m.s.f.DefaultMavenResourcesFiltering - Copying 1 resource from src\main\resources to target\classes
2025-03-26 23:58:13,260 [Worker-62: Building] INFO  o.a.m.s.f.DefaultMavenResourcesFiltering - Copying 0 resource from src\main\resources to target\classes
2025-03-26 23:58:13,270 [Worker-62: Building] INFO  o.a.m.s.f.DefaultMavenResourcesFiltering - skip non existing resourceDirectory C:\Users\rafaj\OneDrive\Escritorio\Curso Enucom\12.- EXAMEN FINAL\MICROSERVICIO_VETERINARIA\MS-Responsables\src\test\resources
2025-03-26 23:59:16,724 [Worker-65: Building] INFO  o.a.m.s.f.DefaultMavenResourcesFiltering - Copying 1 resource from src\main\resources to target\classes
2025-03-26 23:59:16,765 [Worker-65: Building] INFO  o.a.m.s.f.DefaultMavenResourcesFiltering - Copying 0 resource from src\main\resources to target\classes
2025-03-26 23:59:16,773 [Worker-65: Building] INFO  o.a.m.s.f.DefaultMavenResourcesFiltering - skip non existing resourceDirectory C:\Users\rafaj\OneDrive\Escritorio\Curso Enucom\12.- EXAMEN FINAL\MICROSERVICIO_VETERINARIA\MS-Responsables\src\test\resources
2025-03-26 23:59:45,240 [Worker-65: Building] INFO  o.a.m.s.f.DefaultMavenResourcesFiltering - Copying 1 resource from src\main\resources to target\classes
2025-03-26 23:59:45,285 [Worker-65: Building] INFO  o.a.m.s.f.DefaultMavenResourcesFiltering - Copying 0 resource from src\main\resources to target\classes
2025-03-26 23:59:45,291 [Worker-65: Building] INFO  o.a.m.s.f.DefaultMavenResourcesFiltering - skip non existing resourceDirectory C:\Users\rafaj\OneDrive\Escritorio\Curso Enucom\12.- EXAMEN FINAL\MICROSERVICIO_VETERINARIA\MS-Responsables\src\test\resources
2025-03-27 00:00:50,618 [Worker-72: Building] INFO  o.a.m.s.f.DefaultMavenResourcesFiltering - Copying 1 resource from src\main\resources to target\classes
2025-03-27 00:00:50,641 [Worker-72: Building] INFO  o.a.m.s.f.DefaultMavenResourcesFiltering - Copying 0 resource from src\main\resources to target\classes
2025-03-27 00:00:50,653 [Worker-72: Building] INFO  o.a.m.s.f.DefaultMavenResourcesFiltering - skip non existing resourceDirectory C:\Users\rafaj\OneDrive\Escritorio\Curso Enucom\12.- EXAMEN FINAL\MICROSERVICIO_VETERINARIA\MS-Mascotas\src\test\resources
2025-03-27 00:01:11,023 [Worker-62: Building] INFO  o.a.m.s.f.DefaultMavenResourcesFiltering - Copying 1 resource from src\main\resources to target\classes
2025-03-27 00:01:11,102 [Worker-62: Building] INFO  o.a.m.s.f.DefaultMavenResourcesFiltering - Copying 0 resource from src\main\resources to target\classes
2025-03-27 00:01:11,117 [Worker-62: Building] INFO  o.a.m.s.f.DefaultMavenResourcesFiltering - skip non existing resourceDirectory C:\Users\rafaj\OneDrive\Escritorio\Curso Enucom\12.- EXAMEN FINAL\MICROSERVICIO_VETERINARIA\MS-Mascotas\src\test\resources
2025-03-27 00:09:52,410 [Worker-69: Building] INFO  o.a.m.s.f.DefaultMavenResourcesFiltering - Copying 1 resource from src\main\resources to target\classes
2025-03-27 00:09:53,182 [Worker-69: Building] INFO  o.a.m.s.f.DefaultMavenResourcesFiltering - Copying 0 resource from src\main\resources to target\classes
2025-03-27 00:09:53,195 [Worker-69: Building] INFO  o.a.m.s.f.DefaultMavenResourcesFiltering - skip non existing resourceDirectory C:\Users\rafaj\OneDrive\Escritorio\Curso Enucom\12.- EXAMEN FINAL\MICROSERVICIO_VETERINARIA\MS-Responsables\src\test\resources
2025-03-27 00:10:47,689 [Worker-68: Building] INFO  o.a.m.s.f.DefaultMavenResourcesFiltering - Copying 1 resource from src\main\resources to target\classes
2025-03-27 00:10:47,750 [Worker-68: Building] INFO  o.a.m.s.f.DefaultMavenResourcesFiltering - Copying 0 resource from src\main\resources to target\classes
2025-03-27 00:10:47,753 [Worker-68: Building] INFO  o.a.m.s.f.DefaultMavenResourcesFiltering - skip non existing resourceDirectory C:\Users\rafaj\OneDrive\Escritorio\Curso Enucom\12.- EXAMEN FINAL\MICROSERVICIO_VETERINARIA\MS-Mascotas\src\test\resources
2025-03-27 00:11:37,215 [Worker-70: Building] INFO  o.a.m.s.f.DefaultMavenResourcesFiltering - Copying 1 resource from src\main\resources to target\classes
2025-03-27 00:11:37,311 [Worker-70: Building] INFO  o.a.m.s.f.DefaultMavenResourcesFiltering - Copying 0 resource from src\main\resources to target\classes
2025-03-27 00:11:37,315 [Worker-70: Building] INFO  o.a.m.s.f.DefaultMavenResourcesFiltering - skip non existing resourceDirectory C:\Users\rafaj\OneDrive\Escritorio\Curso Enucom\12.- EXAMEN FINAL\MICROSERVICIO_VETERINARIA\MS-Mascotas\src\test\resources
2025-03-27 00:12:03,352 [Worker-70: Building] INFO  o.a.m.s.f.DefaultMavenResourcesFiltering - Copying 1 resource from src\main\resources to target\classes
2025-03-27 00:12:03,437 [Worker-70: Building] INFO  o.a.m.s.f.DefaultMavenResourcesFiltering - Copying 0 resource from src\main\resources to target\classes
2025-03-27 00:12:03,440 [Worker-70: Building] INFO  o.a.m.s.f.DefaultMavenResourcesFiltering - skip non existing resourceDirectory C:\Users\rafaj\OneDrive\Escritorio\Curso Enucom\12.- EXAMEN FINAL\MICROSERVICIO_VETERINARIA\MS-Mascotas\src\test\resources
2025-03-27 00:12:10,411 [Worker-73: Building] INFO  o.a.m.s.f.DefaultMavenResourcesFiltering - Copying 1 resource from src\main\resources to target\classes
2025-03-27 00:12:10,713 [Worker-73: Building] INFO  o.a.m.s.f.DefaultMavenResourcesFiltering - Copying 0 resource from src\main\resources to target\classes
2025-03-27 00:12:10,722 [Worker-73: Building] INFO  o.a.m.s.f.DefaultMavenResourcesFiltering - skip non existing resourceDirectory C:\Users\rafaj\OneDrive\Escritorio\Curso Enucom\12.- EXAMEN FINAL\MICROSERVICIO_VETERINARIA\MS-Mascotas\src\test\resources
2025-03-27 00:12:37,277 [Worker-46: Building] INFO  o.a.m.s.f.DefaultMavenResourcesFiltering - Copying 1 resource from src\main\resources to target\classes
2025-03-27 00:12:37,366 [Worker-46: Building] INFO  o.a.m.s.f.DefaultMavenResourcesFiltering - Copying 0 resource from src\main\resources to target\classes
2025-03-27 00:12:37,370 [Worker-46: Building] INFO  o.a.m.s.f.DefaultMavenResourcesFiltering - skip non existing resourceDirectory C:\Users\rafaj\OneDrive\Escritorio\Curso Enucom\12.- EXAMEN FINAL\MICROSERVICIO_VETERINARIA\MS-Mascotas\src\test\resources
2025-03-27 00:14:47,809 [Worker-65: Building] INFO  o.a.m.s.f.DefaultMavenResourcesFiltering - Copying 1 resource from src\main\resources to target\classes
2025-03-27 00:14:47,981 [Worker-65: Building] INFO  o.a.m.s.f.DefaultMavenResourcesFiltering - Copying 0 resource from src\main\resources to target\classes
2025-03-27 00:14:47,983 [Worker-65: Building] INFO  o.a.m.s.f.DefaultMavenResourcesFiltering - skip non existing resourceDirectory C:\Users\rafaj\OneDrive\Escritorio\Curso Enucom\12.- EXAMEN FINAL\MICROSERVICIO_VETERINARIA\MS-Mascotas\src\test\resources
2025-03-27 00:17:35,468 [Worker-73: Building] INFO  o.a.m.s.f.DefaultMavenResourcesFiltering - Copying 1 resource from src\main\resources to target\classes
2025-03-27 00:17:35,647 [Worker-73: Building] INFO  o.a.m.s.f.DefaultMavenResourcesFiltering - Copying 0 resource from src\main\resources to target\classes
2025-03-27 00:17:35,650 [Worker-73: Building] INFO  o.a.m.s.f.DefaultMavenResourcesFiltering - skip non existing resourceDirectory C:\Users\rafaj\OneDrive\Escritorio\Curso Enucom\12.- EXAMEN FINAL\MICROSERVICIO_VETERINARIA\MS-Clientes\src\test\resources
2025-03-27 00:18:04,494 [Worker-73: Building] INFO  o.a.m.s.f.DefaultMavenResourcesFiltering - Copying 1 resource from src\main\resources to target\classes
2025-03-27 00:18:04,557 [Worker-73: Building] INFO  o.a.m.s.f.DefaultMavenResourcesFiltering - Copying 0 resource from src\main\resources to target\classes
2025-03-27 00:18:04,561 [Worker-73: Building] INFO  o.a.m.s.f.DefaultMavenResourcesFiltering - skip non existing resourceDirectory C:\Users\rafaj\OneDrive\Escritorio\Curso Enucom\12.- EXAMEN FINAL\MICROSERVICIO_VETERINARIA\MS-Clientes\src\test\resources
2025-03-27 00:18:25,868 [Worker-58: Building] INFO  o.a.m.s.f.DefaultMavenResourcesFiltering - Copying 1 resource from src\main\resources to target\classes
2025-03-27 00:18:26,192 [Worker-58: Building] INFO  o.a.m.s.f.DefaultMavenResourcesFiltering - Copying 0 resource from src\main\resources to target\classes
2025-03-27 00:18:26,200 [Worker-58: Building] INFO  o.a.m.s.f.DefaultMavenResourcesFiltering - skip non existing resourceDirectory C:\Users\rafaj\OneDrive\Escritorio\Curso Enucom\12.- EXAMEN FINAL\MICROSERVICIO_VETERINARIA\MS-Clientes\src\test\resources
2025-03-27 00:18:58,406 [Worker-62: Building] INFO  o.a.m.s.f.DefaultMavenResourcesFiltering - Copying 1 resource from src\main\resources to target\classes
2025-03-27 00:18:58,521 [Worker-62: Building] INFO  o.a.m.s.f.DefaultMavenResourcesFiltering - Copying 0 resource from src\main\resources to target\classes
2025-03-27 00:18:58,527 [Worker-62: Building] INFO  o.a.m.s.f.DefaultMavenResourcesFiltering - skip non existing resourceDirectory C:\Users\rafaj\OneDrive\Escritorio\Curso Enucom\12.- EXAMEN FINAL\MICROSERVICIO_VETERINARIA\MS-Clientes\src\test\resources
2025-03-27 00:23:03,677 [Worker-67: Building] INFO  o.a.m.s.f.DefaultMavenResourcesFiltering - Copying 1 resource from src\main\resources to target\classes
2025-03-27 00:23:03,971 [Worker-67: Building] INFO  o.a.m.s.f.DefaultMavenResourcesFiltering - Copying 0 resource from src\main\resources to target\classes
2025-03-27 00:23:03,975 [Worker-67: Building] INFO  o.a.m.s.f.DefaultMavenResourcesFiltering - skip non existing resourceDirectory C:\Users\rafaj\OneDrive\Escritorio\Curso Enucom\12.- EXAMEN FINAL\MICROSERVICIO_VETERINARIA\MS-Clientes\src\test\resources
2025-03-27 00:26:25,812 [Worker-58: Building] INFO  o.a.m.s.f.DefaultMavenResourcesFiltering - Copying 1 resource from src\main\resources to target\classes
2025-03-27 00:26:25,880 [Worker-58: Building] INFO  o.a.m.s.f.DefaultMavenResourcesFiltering - Copying 0 resource from src\main\resources to target\classes
2025-03-27 00:26:25,885 [Worker-58: Building] INFO  o.a.m.s.f.DefaultMavenResourcesFiltering - skip non existing resourceDirectory C:\Users\rafaj\OneDrive\Escritorio\Curso Enucom\12.- EXAMEN FINAL\MICROSERVICIO_VETERINARIA\MS-Clientes\src\test\resources
2025-03-27 00:31:10,355 [Worker-70: Building] INFO  o.a.m.s.f.DefaultMavenResourcesFiltering - Copying 1 resource from src\main\resources to target\classes
2025-03-27 00:31:10,447 [Worker-70: Building] INFO  o.a.m.s.f.DefaultMavenResourcesFiltering - Copying 0 resource from src\main\resources to target\classes
2025-03-27 00:31:10,457 [Worker-70: Building] INFO  o.a.m.s.f.DefaultMavenResourcesFiltering - skip non existing resourceDirectory C:\Users\rafaj\OneDrive\Escritorio\Curso Enucom\12.- EXAMEN FINAL\MICROSERVICIO_VETERINARIA\MS-Clientes\src\test\resources
2025-03-27 00:32:10,275 [Worker-73: Building] INFO  o.a.m.s.f.DefaultMavenResourcesFiltering - Copying 1 resource from src\main\resources to target\classes
2025-03-27 00:32:10,326 [Worker-73: Building] INFO  o.a.m.s.f.DefaultMavenResourcesFiltering - Copying 0 resource from src\main\resources to target\classes
2025-03-27 00:32:10,329 [Worker-73: Building] INFO  o.a.m.s.f.DefaultMavenResourcesFiltering - skip non existing resourceDirectory C:\Users\rafaj\OneDrive\Escritorio\Curso Enucom\12.- EXAMEN FINAL\MICROSERVICIO_VETERINARIA\MS-Clientes\src\test\resources
2025-03-27 00:33:28,089 [Worker-73: Building] INFO  o.a.m.s.f.DefaultMavenResourcesFiltering - Copying 1 resource from src\main\resources to target\classes
2025-03-27 00:33:28,397 [Worker-73: Building] INFO  o.a.m.s.f.DefaultMavenResourcesFiltering - Copying 0 resource from src\main\resources to target\classes
2025-03-27 00:33:28,403 [Worker-73: Building] INFO  o.a.m.s.f.DefaultMavenResourcesFiltering - skip non existing resourceDirectory C:\Users\rafaj\OneDrive\Escritorio\Curso Enucom\12.- EXAMEN FINAL\MICROSERVICIO_VETERINARIA\MS-Clientes\src\test\resources
2025-03-27 10:57:20,958 [Worker-5: Loading available Gradle versions] INFO  o.e.b.c.i.u.g.PublishedGradleVersions - Gradle version information cache is out-of-date. Trying to update.
2025-03-27 11:14:38,787 [Worker-17: Building] INFO  o.a.m.s.f.DefaultMavenResourcesFiltering - Copying 1 resource from src\main\resources to target\classes
2025-03-27 11:14:38,823 [Worker-17: Building] INFO  o.a.m.s.f.DefaultMavenResourcesFiltering - Copying 0 resource from src\main\resources to target\classes
2025-03-27 11:14:38,830 [Worker-17: Building] INFO  o.a.m.s.f.DefaultMavenResourcesFiltering - skip non existing resourceDirectory C:\Users\rafaj\OneDrive\Escritorio\Curso Enucom\12.- EXAMEN FINAL\MICROSERVICIO_VETERINARIA\MS-Mascotas\src\test\resources
2025-03-27 11:14:41,550 [Worker-9: Building] INFO  o.a.m.s.f.DefaultMavenResourcesFiltering - Copying 1 resource from src\main\resources to target\classes
2025-03-27 11:14:41,559 [Worker-9: Building] INFO  o.a.m.s.f.DefaultMavenResourcesFiltering - Copying 0 resource from src\main\resources to target\classes
2025-03-27 11:14:41,565 [Worker-9: Building] INFO  o.a.m.s.f.DefaultMavenResourcesFiltering - skip non existing resourceDirectory C:\Users\rafaj\OneDrive\Escritorio\Curso Enucom\12.- EXAMEN FINAL\MICROSERVICIO_VETERINARIA\MS-Mascotas\src\test\resources
2025-03-27 11:14:55,611 [Worker-9: Building] INFO  o.a.m.s.f.DefaultMavenResourcesFiltering - Copying 1 resource from src\main\resources to target\classes
2025-03-27 11:14:55,626 [Worker-9: Building] INFO  o.a.m.s.f.DefaultMavenResourcesFiltering - Copying 0 resource from src\main\resources to target\classes
2025-03-27 11:14:55,633 [Worker-9: Building] INFO  o.a.m.s.f.DefaultMavenResourcesFiltering - skip non existing resourceDirectory C:\Users\rafaj\OneDrive\Escritorio\Curso Enucom\12.- EXAMEN FINAL\MICROSERVICIO_VETERINARIA\MS-Mascotas\src\test\resources
2025-03-27 11:28:34,497 [Worker-22: Building] INFO  o.a.m.s.f.DefaultMavenResourcesFiltering - Copying 1 resource from src\main\resources to target\classes
2025-03-27 11:28:34,512 [Worker-22: Building] INFO  o.a.m.s.f.DefaultMavenResourcesFiltering - Copying 0 resource from src\main\resources to target\classes
2025-03-27 11:28:34,521 [Worker-22: Building] INFO  o.a.m.s.f.DefaultMavenResourcesFiltering - skip non existing resourceDirectory C:\Users\rafaj\OneDrive\Escritorio\Curso Enucom\12.- EXAMEN FINAL\MICROSERVICIO_VETERINARIA\MS-Veterinarias\src\test\resources
2025-03-27 11:32:28,540 [Worker-28: Building] INFO  o.a.m.s.f.DefaultMavenResourcesFiltering - Copying 1 resource from src\main\resources to target\classes
2025-03-27 11:32:28,552 [Worker-28: Building] INFO  o.a.m.s.f.DefaultMavenResourcesFiltering - Copying 0 resource from src\main\resources to target\classes
2025-03-27 11:32:28,555 [Worker-28: Building] INFO  o.a.m.s.f.DefaultMavenResourcesFiltering - skip non existing resourceDirectory C:\Users\rafaj\OneDrive\Escritorio\Curso Enucom\12.- EXAMEN FINAL\MICROSERVICIO_VETERINARIA\MS-Responsables\src\test\resources
2025-03-27 11:32:58,986 [Worker-31: Building] INFO  o.a.m.s.f.DefaultMavenResourcesFiltering - Copying 1 resource from src\main\resources to target\classes
2025-03-27 11:32:58,999 [Worker-31: Building] INFO  o.a.m.s.f.DefaultMavenResourcesFiltering - Copying 0 resource from src\main\resources to target\classes
2025-03-27 11:32:59,004 [Worker-31: Building] INFO  o.a.m.s.f.DefaultMavenResourcesFiltering - skip non existing resourceDirectory C:\Users\rafaj\OneDrive\Escritorio\Curso Enucom\12.- EXAMEN FINAL\MICROSERVICIO_VETERINARIA\MS-Mascotas\src\test\resources
2025-03-27 11:34:37,533 [Worker-31: Building] INFO  o.a.m.s.f.DefaultMavenResourcesFiltering - Copying 1 resource from src\main\resources to target\classes
2025-03-27 11:34:37,542 [Worker-31: Building] INFO  o.a.m.s.f.DefaultMavenResourcesFiltering - Copying 0 resource from src\main\resources to target\classes
2025-03-27 11:34:37,548 [Worker-31: Building] INFO  o.a.m.s.f.DefaultMavenResourcesFiltering - skip non existing resourceDirectory C:\Users\rafaj\OneDrive\Escritorio\Curso Enucom\12.- EXAMEN FINAL\MICROSERVICIO_VETERINARIA\MS-Clientes\src\test\resources
2025-03-27 11:37:56,964 [Worker-32: Building] INFO  o.a.m.s.f.DefaultMavenResourcesFiltering - Copying 1 resource from src\main\resources to target\classes
2025-03-27 11:37:56,994 [Worker-32: Building] INFO  o.a.m.s.f.DefaultMavenResourcesFiltering - Copying 0 resource from src\main\resources to target\classes
2025-03-27 11:37:56,999 [Worker-32: Building] INFO  o.a.m.s.f.DefaultMavenResourcesFiltering - skip non existing resourceDirectory C:\Users\rafaj\OneDrive\Escritorio\Curso Enucom\12.- EXAMEN FINAL\MICROSERVICIO_VETERINARIA\MS-Mascotas\src\test\resources
2025-03-27 11:38:01,997 [Worker-33: Building] INFO  o.a.m.s.f.DefaultMavenResourcesFiltering - Copying 1 resource from src\main\resources to target\classes
2025-03-27 11:38:02,015 [Worker-33: Building] INFO  o.a.m.s.f.DefaultMavenResourcesFiltering - Copying 0 resource from src\main\resources to target\classes
2025-03-27 11:38:02,022 [Worker-33: Building] INFO  o.a.m.s.f.DefaultMavenResourcesFiltering - skip non existing resourceDirectory C:\Users\rafaj\OneDrive\Escritorio\Curso Enucom\12.- EXAMEN FINAL\MICROSERVICIO_VETERINARIA\MS-Mascotas\src\test\resources
2025-03-27 11:39:11,596 [Worker-32: Building] INFO  o.a.m.s.f.DefaultMavenResourcesFiltering - Copying 1 resource from src\main\resources to target\classes
2025-03-27 11:39:11,610 [Worker-32: Building] INFO  o.a.m.s.f.DefaultMavenResourcesFiltering - Copying 0 resource from src\main\resources to target\classes
2025-03-27 11:39:11,615 [Worker-32: Building] INFO  o.a.m.s.f.DefaultMavenResourcesFiltering - skip non existing resourceDirectory C:\Users\rafaj\OneDrive\Escritorio\Curso Enucom\12.- EXAMEN FINAL\MICROSERVICIO_VETERINARIA\MS-Mascotas\src\test\resources
2025-03-27 11:40:12,964 [Worker-35: Building] INFO  o.a.m.s.f.DefaultMavenResourcesFiltering - Copying 1 resource from src\main\resources to target\classes
2025-03-27 11:40:12,992 [Worker-35: Building] INFO  o.a.m.s.f.DefaultMavenResourcesFiltering - Copying 0 resource from src\main\resources to target\classes
2025-03-27 11:40:13,000 [Worker-35: Building] INFO  o.a.m.s.f.DefaultMavenResourcesFiltering - skip non existing resourceDirectory C:\Users\rafaj\OneDrive\Escritorio\Curso Enucom\12.- EXAMEN FINAL\MICROSERVICIO_VETERINARIA\MS-Mascotas\src\test\resources
2025-03-27 12:35:42,687 [Worker-46: Building] INFO  o.a.m.s.f.DefaultMavenResourcesFiltering - Copying 1 resource from src\main\resources to target\classes
2025-03-27 12:35:42,735 [Worker-46: Building] INFO  o.a.m.s.f.DefaultMavenResourcesFiltering - Copying 0 resource from src\main\resources to target\classes
2025-03-27 12:35:42,739 [Worker-46: Building] INFO  o.a.m.s.f.DefaultMavenResourcesFiltering - skip non existing resourceDirectory C:\Users\rafaj\OneDrive\Escritorio\Curso Enucom\12.- EXAMEN FINAL\MICROSERVICIO_VETERINARIA\MS-Mascotas\src\test\resources
2025-03-27 12:40:30,545 [Worker-49: Building] INFO  o.a.m.s.f.DefaultMavenResourcesFiltering - Copying 1 resource from src\main\resources to target\classes
2025-03-27 12:40:30,701 [Worker-49: Building] INFO  o.a.m.s.f.DefaultMavenResourcesFiltering - Copying 0 resource from src\main\resources to target\classes
2025-03-27 12:40:30,708 [Worker-49: Building] INFO  o.a.m.s.f.DefaultMavenResourcesFiltering - skip non existing resourceDirectory C:\Users\rafaj\OneDrive\Escritorio\Curso Enucom\12.- EXAMEN FINAL\MICROSERVICIO_VETERINARIA\MS-Mascotas\src\test\resources
2025-03-27 12:41:48,063 [Worker-46: Building] INFO  o.a.m.s.f.DefaultMavenResourcesFiltering - Copying 1 resource from src\main\resources to target\classes
2025-03-27 12:41:48,073 [Worker-46: Building] INFO  o.a.m.s.f.DefaultMavenResourcesFiltering - Copying 0 resource from src\main\resources to target\classes
2025-03-27 12:41:48,077 [Worker-46: Building] INFO  o.a.m.s.f.DefaultMavenResourcesFiltering - skip non existing resourceDirectory C:\Users\rafaj\OneDrive\Escritorio\Curso Enucom\12.- EXAMEN FINAL\MICROSERVICIO_VETERINARIA\MS-Mascotas\src\test\resources
2025-03-27 14:24:08,897 [Worker-63: Building] INFO  o.a.m.s.f.DefaultMavenResourcesFiltering - Copying 1 resource from src\main\resources to target\classes
2025-03-27 14:24:09,095 [Worker-63: Building] INFO  o.a.m.s.f.DefaultMavenResourcesFiltering - Copying 0 resource from src\main\resources to target\classes
2025-03-27 14:24:09,104 [Worker-63: Building] INFO  o.a.m.s.f.DefaultMavenResourcesFiltering - skip non existing resourceDirectory C:\Users\rafaj\OneDrive\Escritorio\Curso Enucom\12.- EXAMEN FINAL\MICROSERVICIO_VETERINARIA\MS-Veterinarias\src\test\resources
2025-03-27 14:24:17,808 [Worker-58: Building] INFO  o.a.m.s.f.DefaultMavenResourcesFiltering - Copying 1 resource from src\main\resources to target\classes
2025-03-27 14:24:18,321 [Worker-58: Building] INFO  o.a.m.s.f.DefaultMavenResourcesFiltering - Copying 0 resource from src\main\resources to target\classes
2025-03-27 14:24:18,328 [Worker-58: Building] INFO  o.a.m.s.f.DefaultMavenResourcesFiltering - skip non existing resourceDirectory C:\Users\rafaj\OneDrive\Escritorio\Curso Enucom\12.- EXAMEN FINAL\MICROSERVICIO_VETERINARIA\MS-Veterinarias\src\test\resources
2025-03-27 14:29:02,796 [Worker-49: Building] INFO  o.a.m.s.f.DefaultMavenResourcesFiltering - Copying 1 resource from src\main\resources to target\classes
2025-03-27 14:29:03,144 [Worker-49: Building] INFO  o.a.m.s.f.DefaultMavenResourcesFiltering - Copying 0 resource from src\main\resources to target\classes
2025-03-27 14:29:03,167 [Worker-49: Building] INFO  o.a.m.s.f.DefaultMavenResourcesFiltering - skip non existing resourceDirectory C:\Users\rafaj\OneDrive\Escritorio\Curso Enucom\12.- EXAMEN FINAL\MICROSERVICIO_VETERINARIA\MS-Veterinarias\src\test\resources
